date,datetime,time,sid,pattern_pre,streak,side,amount,tier,reason,confidence,dice,total,actual,result,is_win,pnl,gap_lock,gap_early,gap_change,gap_pct,vol_lead,late_heavy,vol_stable,remaining_s,total_vol_m,tai_pct,balance,profit,profit_pct,wr,wins,losses,win_streak,loss_streak,current_dd,max_dd,ghost,emergency,cooldown,cooldown_rem,kpi,kpi_pct,kpi_hits,kpi_next,kpi_floor,kpi_reached,kpi_hit,take_profit_hit,stop_loss_hit,kpi_stop_signal,tai_wr,xiu_wr,bias,history_21,kpi_mode,cum_profit,cum_balance,cum_wins,cum_losses,cum_wr,total_balance,hist_size,skip_reason,Vec,Z,M,Trap,Rev,pattern_13,pattern_21,pattern_100,tai_users,xiu_users,ud_diff,crowd_imbalance,smart_money_divergence,regime,session_quality,bridge_pattern,bridge_status,earcp_decision,earcp_side,earcp_confidence,earcp_threshold,earcp_coherence,earcp_n_active,earcp_high_vol,earcp_agrees_with_live,primary_engine,legacy_decision,legacy_side,legacy_tier,legacy_confidence,legacy_agrees_with_earcp,ffa_action,ffa_original_side,ffa_note,auto_reset_triggered,auto_reset_count_total,auto_reset_reason
2026-08-19,2026-08-19 03:54:30,03:54:30,3121474,TXXTTTXXTTXXX,3X,TAI,379500,SNIPER_MID,[BẮT RÁC] online fadeWR=0.52 followWR=0.42 nF=0 nFo=0 sc=3 | đu BET. Lật → T,64,2-1-4,7,XIU,LOSS,False,-379500,42.245091090367765,0.0,0.0,42.245091090367765,TAI,False,True,,36.6812,50.0,49620500.0,-379500.0,-0.759,0.0,0,1,0,1,0.8,0.8,False,False,False,0,15000000.0,-2.5,0,65000000,50000000.0,False,False,False,False,False,0.0,0.0,NEUTRAL,XXTTTXTXTXXTTTXXTTXXX,False,-379500.0,49620500.0,0,1,0.0,49620500.0,101,,SIDEWAY,,0.3947,False,False,TXXTTTXXTTXXX,XXTTTXTXTXXTTTXXTTXXX,,,,,,,CHOPPY (RAC),POOR,Bet X dang chay 3 ván liên tiếp,CONFIRMED,BET,XIU,0.5503,,0.9696,4,False,,,,,,,,FOLLOW,TAI,"[ADAPTIVE-HOLD] p̂=50.0% n_eff=0.0 (chưa đủ bằng chứng để đảo, |flip_score|<0.9) → size 100%.",False,0,
2026-08-19,2026-08-19 03:55:41,03:55:41,3121475,XXTTTXXTTXXXX,4X,—,0,SKIP,[ADAPT-THRESH] p=59.5% < θ=73.4% (+0.160) state=NORMAL → SKIP,0,2-6-1,9,XIU,SKIP,False,0,2.4871720511108997,0.0,0.0,2.4871720511108997,TAI,False,True,,941.3025,50.0,49620500.0,-379500.0,-0.759,0.0,0,1,0,1,0.8,0.8,False,False,False,0,15000000.0,-2.5,0,65000000,50000000.0,False,False,False,False,False,0.0,0.0,NEUTRAL,XTTTXTXTXXTTTXXTTXXXX,False,-379500.0,49620500.0,0,1,0.0,49620500.0,102,[ADAPT-THRESH] p=59.5% < θ=73.4% (+0.160) state=NORMAL → SKIP,SIDEWAY,,0.3835,False,False,XXTTTXXTTXXXX,XTTTXTXTXXTTTXXTTXXXX,,,,,,,CLUSTERING (BET),NORMAL,Bet X dang chay 4 ván liên tiếp,CONFIRMED,BET,XIU,0.5947,,0.9524,7,False,,,,,,,,,,,False,0,
2026-08-19,2026-08-19 03:56:52,03:56:52,3121476,XTTTXXTTXXXXX,5X,—,0,SKIP,[ADAPT-THRESH] p=63.2% < θ=75.5% (+0.160) state=NORMAL → SKIP,0,3-5-3,11,TAI,SKIP,False,0,17.08559083205048,0.0,0.0,17.08559083205048,XIU,False,True,,1246.2772,50.0,49620500.0,-379500.0,-0.759,0.0,0,1,0,1,0.8,0.8,False,False,False,0,15000000.0,-2.5,0,65000000,50000000.0,False,False,False,False,False,0.0,0.0,NEUTRAL,TTTXTXTXXTTTXXTTXXXXX,False,-379500.0,49620500.0,0,1,0.0,49620500.0,103,"[ADAPT-THRESH] p=59.5% < θ=73.4% (+0.160) state=NORMAL → SKIP, [ADAPT-THRESH] p=63.2% < θ=75.5% (+0.160) state=NORMAL → SKIP",UP (TAI),,0.201,True,False,XTTTXXTTXXXXX,TTTXTXTXXTTTXXTTXXXXX,,,,,,,CLUSTERING (BET),NORMAL,Bet X dang chay 5 ván liên tiếp,CONFIRMED,BET,XIU,0.6321,,0.9396,8,False,,,,,,,,,,,False,0,
2026-08-19,2026-08-19 03:58:03,03:58:03,3121477,TTTXXTTXXXXXT,1T,—,0,SKIP,[ADAPT-THRESH] p=69.0% < θ=82.0% (+0.160) state=NORMAL → SKIP,0,6-6-4,16,TAI,SKIP,False,0,9.54865121280624,0.0,0.0,9.54865121280624,TAI,False,True,,926.1047,50.0,49620500.0,-379500.0,-0.759,0.0,0,1,0,1,0.8,0.8,False,False,False,0,15000000.0,-2.5,0,65000000,50000000.0,False,False,False,False,False,0.0,0.0,NEUTRAL,TTXTXTXXTTTXXTTXXXXXT,False,-379500.0,49620500.0,0,1,0.0,49620500.0,104,"[ADAPT-THRESH] p=59.5% < θ=73.4% (+0.160) state=NORMAL → SKIP, [ADAPT-THRESH] p=63.2% < θ=75.5% (+0.160) state=NORMAL → SKIP, [ADAPT-THRESH] p=69.0% < θ=82.0% (+0.160) state=NORMAL → SKIP",UP (TAI),,0.5221,True,False,TTTXXTTXXXXXT,TTXTXTXXTTTXXTTXXXXXT,,,,,,,CLUSTERING (BET),POOR,Nghiêng X 4/5 phiên gần nhất,CONFIRMED,BET,TAI,0.69,,0.5,1,False,,,,,,,,,,,False,0,
2026-08-19,2026-08-19 03:59:14,03:59:14,3121478,TTXXTTXXXXXTT,2T,—,0,SKIP,[ADAPT-THRESH] p=73.0% < θ=80.0% (+0.160) state=NORMAL → SKIP,0,5-6-4,15,TAI,SKIP,False,0,27.680850953248807,0.0,0.0,27.680850953248807,TAI,False,True,,1315.4892,50.0,49620500.0,-379500.0,-0.759,0.0,0,1,0,1,0.8,0.8,False,False,False,0,15000000.0,-2.5,0,65000000,50000000.0,False,False,False,False,False,0.0,0.0,NEUTRAL,TXTXTXXTTTXXTTXXXXXTT,False,-379500.0,49620500.0,0,1,0.0,49620500.0,105,"[ADAPT-THRESH] p=63.2% < θ=75.5% (+0.160) state=NORMAL → SKIP, [ADAPT-THRESH] p=69.0% < θ=82.0% (+0.160) state=NORMAL → SKIP, [ADAPT-THRESH] p=73.0% < θ=80.0% (+0.160) state=NORMAL → SKIP",UP (TAI),,0.5403,True,False,TTXXTTXXXXXTT,TXTXTXXTTTXXTTXXXXXTT,,,,,,,CLUSTERING (BET),POOR,Nghiêng X 5/7 phiên gần nhất,CONFIRMED,BET,XIU,0.73,,0.5,1,False,,,,,,,,,,,False,0,
2026-08-19,2026-08-19 04:00:24,04:00:24,3121479,TXXTTXXXXXTTT,3T,—,0,SKIP,"[NGƯỠNG] p=56.4% < θ=64.1% (Coh=0.49, Act=2) → SKIP.",0,3-2-2,7,XIU,SKIP,False,0,12.102816231277929,0.0,0.0,12.102816231277929,TAI,False,True,,906.3759,50.0,49620500.0,-379500.0,-0.759,0.0,0,1,0,1,0.8,0.8,False,False,False,0,15000000.0,-2.5,0,65000000,50000000.0,False,False,False,False,False,0.0,0.0,NEUTRAL,XTXTXXTTTXXTTXXXXXTTT,False,-379500.0,49620500.0,0,1,0.0,49620500.0,106,"[ADAPT-THRESH] p=69.0% < θ=82.0% (+0.160) state=NORMAL → SKIP, [ADAPT-THRESH] p=73.0% < θ=80.0% (+0.160) state=NORMAL → SKIP, [NGƯỠNG] p=56.4% < θ=64.1% (Coh=0.49, Act=2) → SKIP.",SIDEWAY,,0.7323,False,False,TXXTTXXXXXTTT,XTXTXXTTTXXTTXXXXXTTT,,,,,,,CLUSTERING (BET),POOR,Bet T dang chay 3 ván liên tiếp,CONFIRMED,BET,TAI,0.564,,0.4909,2,False,,,,,,,,,,,False,0,
2026-08-19,2026-08-19 04:01:35,04:01:35,3121480,XXTTXXXXXTTTX,1X,—,0,SKIP,"[NGƯỠNG] p=52.2% < θ=61.0% (Coh=0.87, Act=3) → SKIP.",0,4-3-6,13,TAI,SKIP,False,0,14.960384300989032,0.0,0.0,14.960384300989032,XIU,False,True,,948.1123,50.0,49620500.0,-379500.0,-0.759,0.0,0,1,0,1,0.8,0.8,False,False,False,0,15000000.0,-2.5,0,65000000,50000000.0,False,False,False,False,False,0.0,0.0,NEUTRAL,TXTXXTTTXXTTXXXXXTTTX,False,-379500.0,49620500.0,0,1,0.0,49620500.0,107,"[ADAPT-THRESH] p=73.0% < θ=80.0% (+0.160) state=NORMAL → SKIP, [NGƯỠNG] p=56.4% < θ=64.1% (Coh=0.49, Act=2) → SKIP., [NGƯỠNG] p=52.2% < θ=61.0% (Coh=0.87, Act=3) → SKIP.",DOWN (XIU),,0.4612,True,False,XXTTXXXXXTTTX,TXTXXTTTXXTTXXXXXTTTX,,,,,,,CLUSTERING (BET),POOR,"Motif 'XXXXTTTX' (chu kỳ 8) đang lặp lại, đã thấy 11 phiên khớp",FORMING,BET,TAI,0.5218,,0.8707,3,False,,,,,,,,,,,False,0,
2026-08-19,2026-08-19 04:02:46,04:02:46,3121481,XTTXXXXXTTTXT,1T,—,0,SKIP,"[NGƯỠNG] p=50.0% < θ=69.0% (Coh=0.00, Act=0) → SKIP.",0,5-2-2,9,XIU,SKIP,False,0,4.913425213156159,0.0,0.0,4.913425213156159,TAI,False,True,,777.2093,50.0,49620500.0,-379500.0,-0.759,0.0,0,1,0,1,0.8,0.8,False,False,False,0,15000000.0,-2.5,0,65000000,50000000.0,False,False,False,False,False,0.0,0.0,NEUTRAL,XTXXTTTXXTTXXXXXTTTXT,False,-379500.0,49620500.0,0,1,0.0,49620500.0,108,"[NGƯỠNG] p=56.4% < θ=64.1% (Coh=0.49, Act=2) → SKIP., [NGƯỠNG] p=52.2% < θ=61.0% (Coh=0.87, Act=3) → SKIP., [NGƯỠNG] p=50.0% < θ=69.0% (Coh=0.00, Act=0) → SKIP.",SIDEWAY,,0.4203,False,False,XTTXXXXXTTTXT,XTXXTTTXXTTXXXXXTTTXT,,,,,,,CHOPPY (RAC),POOR,Nghiêng T 4/5 phiên gần nhất,CONFIRMED,ABSTAIN,TAI,0.5,,0.0,0,False,,,,,,,,,,,False,0,
2026-08-19,2026-08-19 04:03:58,04:03:58,3121482,TTXXXXXTTTXTX,1X,—,0,SKIP,"[NGƯỠNG] p=50.0% < θ=69.0% (Coh=0.00, Act=0) → SKIP.",0,1-4-2,7,XIU,SKIP,False,0,24.55914178206052,0.0,0.0,24.55914178206052,TAI,False,True,,948.5083,50.0,49620500.0,-379500.0,-0.759,0.0,0,1,0,1,0.8,0.8,False,False,False,0,15000000.0,-2.5,0,65000000,50000000.0,False,False,False,False,False,0.0,0.0,NEUTRAL,TXXTTTXXTTXXXXXTTTXTX,False,-379500.0,49620500.0,0,1,0.0,49620500.0,109,"[NGƯỠNG] p=52.2% < θ=61.0% (Coh=0.87, Act=3) → SKIP., [NGƯỠNG] p=50.0% < θ=69.0% (Coh=0.00, Act=0) → SKIP., [NGƯỠNG] p=50.0% < θ=69.0% (Coh=0.00, Act=0) → SKIP.",SIDEWAY,,0.6371,False,False,TTXXXXXTTTXTX,TXXTTTXXTTXXXXXTTTXTX,,,,,,,CHOPPY (RAC),POOR,"Motif 'XXXXTTTXTX' (chu kỳ 10) đang lặp lại, đã thấy 12 phiên khớp",FORMING,ABSTAIN,TAI,0.5,,0.0,0,False,,,,,,,,,,,False,0,
2026-08-19,2026-08-19 04:05:09,04:05:09,3121483,TXXXXXTTTXTXX,2X,—,0,SKIP,"[NGƯỠNG] p=50.0% < θ=68.9% (Coh=0.00, Act=0) → SKIP.",0,6-5-2,13,TAI,SKIP,False,0,7.587140725300379,0.0,0.0,7.587140725300379,TAI,False,True,,817.9658,50.0,49620500.0,-379500.0,-0.759,0.0,0,1,0,1,0.8,0.8,False,False,False,0,15000000.0,-2.5,0,65000000,50000000.0,False,False,False,False,False,0.0,0.0,NEUTRAL,XXTTTXXTTXXXXXTTTXTXX,False,-379500.0,49620500.0,0,1,0.0,49620500.0,110,"[NGƯỠNG] p=50.0% < θ=69.0% (Coh=0.00, Act=0) → SKIP., [NGƯỠNG] p=50.0% < θ=69.0% (Coh=0.00, Act=0) → SKIP., [NGƯỠNG] p=50.0% < θ=68.9% (Coh=0.00, Act=0) → SKIP.",DOWN (XIU),,0.6671,False,False,TXXXXXTTTXTXX,XXTTTXXTTXXXXXTTTXTXX,,,,,,,CHOPPY (RAC),POOR,"Motif 'XXXTTTXTXX' (chu kỳ 10) đang lặp lại, đã thấy 13 phiên khớp",FORMING,ABSTAIN,TAI,0.5,,0.0,0,False,,,,,,,,,,,False,0,
2026-08-19,2026-08-19 04:06:20,04:06:20,3121484,XXXXXTTTXTXXT,1T,—,0,SKIP,[ADAPT-THRESH] p=62.6% < θ=77.0% (+0.160) state=NORMAL → SKIP,0,3-3-1,7,XIU,SKIP,False,0,6.5858747936494515,0.0,0.0,6.5858747936494515,XIU,False,True,,837.6468,50.0,49620500.0,-379500.0,-0.759,0.0,0,1,0,1,0.8,0.8,False,False,False,0,15000000.0,-2.5,0,65000000,50000000.0,False,False,False,False,False,0.0,0.0,NEUTRAL,XTTTXXTTXXXXXTTTXTXXT,False,-379500.0,49620500.0,0,1,0.0,49620500.0,111,"[NGƯỠNG] p=50.0% < θ=69.0% (Coh=0.00, Act=0) → SKIP., [NGƯỠNG] p=50.0% < θ=68.9% (Coh=0.00, Act=0) → SKIP., [ADAPT-THRESH] p=62.6% < θ=77.0% (+0.160) state=NORMAL → SKIP",SIDEWAY,,0.5924,False,False,XXXXXTTTXTXXT,XTTTXXTTXXXXXTTTXTXXT,,,,,,,ALTERNATING (NHAY),NORMAL,Khớp đúng mẫu tăng giảm 1-2-1 ở 3 đoạn gần nhất,CONFIRMED,BET,XIU,0.6257,,0.9999,3,False,,,,,,,,,,,False,0,
2026-08-19,2026-08-19 04:07:31,04:07:31,3121485,XXXXTTTXTXXTX,1X,—,0,SKIP,"[NGƯỠNG] p=56.4% < θ=61.7% (Coh=0.78, Act=3) → SKIP.",0,5-3-2,10,XIU,SKIP,False,0,9.204538113223503,0.0,0.0,9.204538113223503,TAI,False,True,,1082.8493,50.0,49620500.0,-379500.0,-0.759,0.0,0,1,0,1,0.8,0.8,False,False,False,0,15000000.0,-2.5,0,65000000,50000000.0,False,False,False,False,False,0.0,0.0,NEUTRAL,TTTXXTTXXXXXTTTXTXXTX,False,-379500.0,49620500.0,0,1,0.0,49620500.0,112,"[NGƯỠNG] p=50.0% < θ=68.9% (Coh=0.00, Act=0) → SKIP., [ADAPT-THRESH] p=62.6% < θ=77.0% (+0.160) state=NORMAL → SKIP, [NGƯỠNG] p=56.4% < θ=61.7% (Coh=0.78, Act=3) → SKIP.",SIDEWAY,,0.4759,True,False,XXXXTTTXTXXTX,TTTXXTTXXXXXTTTXTXXTX,,,,,,,ALTERNATING (NHAY),NORMAL,"Motif 'XTX' (chu kỳ 3) đang lặp lại, đã thấy 6 phiên khớp",CONFIRMED,BET,XIU,0.5637,,0.7791,3,False,,,,,,,,,,,False,0,
2026-08-19,2026-08-19 04:08:42,04:08:42,3121486,XXXTTTXTXXTXX,2X,TAI,65000,SNIPER_MID,"[BẺ→BÁM] micro=NEUTRAL lag1=+0.07 → không phá PERIOD, bám T",64,4-5-5,14,TAI,WIN,True,63700,71.18968588025834,0.0,0.0,71.18968588025834,TAI,False,True,,43.9773,50.0,49684200.0,-315800.0,-0.6316,50.0,1,1,1,0,0.8,0.8,False,False,False,0,15000000.0,-2.1,0,65000000,50000000.0,False,False,False,False,False,0.0,0.0,NEUTRAL,TTXXTTXXXXXTTTXTXXTXX,False,-315800.0,49684200.0,1,1,50.0,49684200.0,113,,SIDEWAY,,0.6206,True,False,XXXTTTXTXXTXX,TTXXTTXXXXXTTTXTXXTXX,,,,,,,CHOPPY (RAC),POOR,"Motif 'TXX' (chu kỳ 3) đang lặp lại, đã thấy 7 phiên khớp",CONFIRMED,BET,TAI,0.5742,,0.8931,6,False,,,,,,,,REDUCE_SIZE,TAI,"[ADAPTIVE-HOLD] p̂=42.9% n_eff=0.1 (chưa đủ bằng chứng để đảo, |flip_score|<0.9) → size 81%.",False,0,
2026-08-19,2026-08-19 04:09:53,04:09:53,3121487,XXTTTXTXXTXXT,1T,TAI,522716,SNIPER_MID,[BẮT RÁC] online fadeWR=0.44 followWR=0.42 nF=1 nFo=0 sc=1 | đu PERIOD. Lật → T,64,3-3-1,7,XIU,LOSS,False,-522716,43.75431232615001,0.0,0.0,43.75431232615001,XIU,False,True,,187.5076,50.0,49161484.0,-838516.0,-1.6770319999999999,33.33333333333333,1,2,0,1,1.7,1.7,False,False,False,0,15000000.0,-5.6,0,65000000,50000000.0,False,False,False,False,False,0.0,0.0,NEUTRAL,TXXTTXXXXXTTTXTXXTXXT,False,-838516.0,49161484.0,1,2,33.3,49161484.0,114,,UP (TAI),,0.4918,True,False,XXTTTXTXXTXXT,TXXTTXXXXXTTTXTXXTXXT,,,,,,,CHOPPY (RAC),POOR,"Motif 'XXT' (chu kỳ 3) đang lặp lại, đã thấy 8 phiên khớp",CONFIRMED,BET,XIU,0.6871,,0.9821,5,False,,,,,,,,REDUCE_SIZE,TAI,"[ADAPTIVE-HOLD] p̂=44.4% n_eff=0.6 (chưa đủ bằng chứng để đảo, |flip_score|<0.9) → size 86%.",False,0,
2026-08-19,2026-08-19 04:11:04,04:11:04,3121488,XTTTXTXXTXXTX,1X,XIU,310599,SNIPER_LOW,[BET] p=61.9% ≥ θ=61.5%. Hướng X.,62,3-1-3,7,XIU,WIN,True,304387,79.36854311429371,0.0,0.0,79.36854311429371,XIU,False,True,,79.1696,50.0,49465871.0,-534129.0,-1.0682580000000002,50.0,2,2,1,0,1.7,1.7,False,False,False,0,15000000.0,-3.6,0,65000000,50000000.0,False,False,False,False,False,0.0,0.0,NEUTRAL,XXTTXXXXXTTTXTXXTXXTX,False,-534129.0,49465871.0,2,2,50.0,49465871.0,115,,SIDEWAY,,0.4235,True,False,XTTTXTXXTXXTX,XXTTXXXXXTTTXTXXTXXTX,,,,,,,ALTERNATING (NHAY),POOR,"Motif 'XTX' (chu kỳ 3) đang lặp lại, đã thấy 9 phiên khớp",CONFIRMED,BET,XIU,0.6194,,0.8076,3,False,,,,,,,,REDUCE_SIZE,XIU,"[ADAPTIVE-HOLD] p̂=44.4% n_eff=0.4 (chưa đủ bằng chứng để đảo, |flip_score|<0.9) → size 86%.",False,0,
2026-08-19,2026-08-19 04:12:15,04:12:15,3121489,TTTXTXXTXXTXX,2X,TAI,606225,SNIPER_MID,"[BẺ→BÁM] micro=NEUTRAL lag1=+0.07 → không phá PERIOD, bám T",64,5-1-2,8,XIU,LOSS,False,-606225,51.477767926215854,0.0,0.0,51.477767926215854,TAI,False,True,,96.6175,50.0,48859646.0,-1140354.0,-2.280708,40.0,2,3,0,1,2.3,2.3,False,False,False,0,15000000.0,-7.6,0,65000000,50000000.0,False,False,False,False,False,0.0,0.0,NEUTRAL,XTTXXXXXTTTXTXXTXXTXX,False,-1140354.0,48859646.0,2,3,40.0,48859646.0,116,,SIDEWAY,,0.6936,True,False,TTTXTXXTXXTXX,XTTXXXXXTTTXTXXTXXTXX,,,,,,,CHOPPY (RAC),POOR,"Motif 'TXX' (chu kỳ 3) đang lặp lại, đã thấy 10 phiên khớp",CONFIRMED,BET,TAI,0.553,,0.901,8,False,,,,,,,,FOLLOW,TAI,"[ADAPTIVE-HOLD] p̂=63.0% n_eff=1.8 (chưa đủ bằng chứng để đảo, |flip_score|<0.9) → size 100%.",False,0,
2026-08-19,2026-08-19 04:13:26,04:13:26,3121490,TTXTXXTXXTXXX,3X,TAI,276403,SNIPER_MID,[BẮT RÁC] online fadeWR=0.38 followWR=0.42 nF=2 nFo=0 sc=3 | đu BET. Lật → T,64,5-6-2,13,TAI,WIN,True,270875,37.668645972235204,0.0,0.0,37.668645972235204,TAI,False,True,,53.317,50.0,49130520.0,-869480.0,-1.73896,50.0,3,3,1,0,2.3,2.3,False,False,False,0,15000000.0,-5.8,0,65000000,50000000.0,False,False,False,False,False,0.0,0.0,NEUTRAL,TTXXXXXTTTXTXXTXXTXXX,False,-869480.0,49130520.0,3,3,50.0,49130520.0,117,,UP (TAI),,0.6582,False,False,TTXTXXTXXTXXX,TTXXXXXTTTXTXXTXXTXXX,,,,,,,CHOPPY (RAC),POOR,Bet X dang chay 3 ván liên tiếp,CONFIRMED,BET,XIU,0.6051,,0.9829,4,False,,,,,,,,REDUCE_SIZE,TAI,"[ADAPTIVE-HOLD] p̂=30.3% n_eff=2.3 (chưa đủ bằng chứng để đảo, |flip_score|<0.9) → size 49%.",False,0,
2026-08-19,2026-08-19 04:14:37,04:14:37,3121491,TXTXXTXXTXXXT,1T,TAI,430477,SNIPER_MID,[BẮT RÁC] online fadeWR=0.45 followWR=0.42 nF=3 nFo=0 sc=1 | đu NGHIENG_7. Lật → T,64,1-4-5,10,XIU,LOSS,False,-430477,22.55611315211097,0.0,0.0,22.55611315211097,TAI,False,True,,62.0853,50.0,48700043.0,-1299957.0,-2.599914,42.857142857142854,3,4,0,1,2.6,2.6,False,False,False,0,15000000.0,-8.7,0,65000000,50000000.0,False,False,False,False,False,0.0,0.0,NEUTRAL,TXXXXXTTTXTXXTXXTXXXT,False,-1299957.0,48700043.0,3,4,42.9,48700043.0,118,,UP (TAI),,0.4118,True,False,TXTXXTXXTXXXT,TXXXXXTTTXTXXTXXTXXXT,,,,,,,CHOPPY (RAC),POOR,Nghiêng X 5/7 phiên gần nhất,CONFIRMED,BET,XIU,0.65,,0.5,2,False,,,,,,,,REDUCE_SIZE,TAI,"[ADAPTIVE-HOLD] p̂=45.5% n_eff=1.8 (chưa đủ bằng chứng để đảo, |flip_score|<0.9) → size 88%.",False,0,
2026-08-19,2026-08-19 04:15:48,04:15:48,3121492,XTXXTXXTXXXTX,1X,—,0,SKIP,"[NGƯỠNG] p=55.4% < θ=61.0% (Coh=0.90, Act=4) → SKIP.",0,4-3-1,8,XIU,SKIP,False,0,16.38992716631619,0.0,0.0,16.38992716631619,XIU,False,True,,825.7855,50.0,48700043.0,-1299957.0,-2.599914,42.857142857142854,3,4,0,1,2.6,2.6,False,False,False,0,15000000.0,-8.7,0,65000000,50000000.0,False,False,False,False,False,0.0,0.0,NEUTRAL,XXXXXTTTXTXXTXXTXXXTX,False,-1299957.0,48700043.0,3,4,42.9,48700043.0,119,"[NGƯỠNG] p=55.4% < θ=61.0% (Coh=0.90, Act=4) → SKIP.",SIDEWAY,,0.3121,True,False,XTXXTXXTXXXTX,XXXXXTTTXTXXTXXTXXXTX,,,,,,,ALTERNATING (NHAY),NORMAL,"Motif 'XXTX' (chu kỳ 4) đang lặp lại, đã thấy 8 phiên khớp",CONFIRMED,BET,XIU,0.5544,,0.8969,4,False,,,,,,,,,,,False,0,
2026-08-19,2026-08-19 04:16:59,04:16:59,3121493,TXXTXXTXXXTXX,2X,XIU,372268,SNIPER_MID,"[BẺ→BÁM] micro=NEUTRAL lag1=-0.07 → không phá PERIOD, bám X",64,6-6-6,18,TAI,LOSS,False,-372268,16.305784279493757,0.0,0.0,16.305784279493757,TAI,False,True,,56.3117,50.0,48327775.0,-1672225.0,-3.34445,37.5,3,5,0,2,3.3,3.3,False,False,False,0,15000000.0,-11.1,0,65000000,50000000.0,False,False,False,False,False,0.0,0.0,NEUTRAL,XXXXTTTXTXXTXXTXXXTXX,False,-1672225.0,48327775.0,3,5,37.5,48327775.0,120,,DOWN (XIU),,0.303,True,False,TXXTXXTXXXTXX,XXXXTTTXTXXTXXTXXXTXX,,,,,,,CHOPPY (RAC),NORMAL,"Motif 'XTXX' (chu kỳ 4) đang lặp lại, đã thấy 9 phiên khớp",CONFIRMED,BET,XIU,0.5868,,0.9434,5,False,,,,,,,,REDUCE_SIZE,XIU,"[ADAPTIVE-HOLD] p̂=46.9% n_eff=1.5 (chưa đủ bằng chứng để đảo, |flip_score|<0.9) → size 92%.",False,0,
2026-08-19,2026-08-19 04:18:10,04:18:10,3121494,XXTXXTXXXTXXT,1T,TAI,213869,SNIPER_MID,[BẮT RÁC] online fadeWR=0.40 followWR=0.42 nF=4 nFo=0 sc=1 | đu PERIOD. Lật → T,64,6-1-5,12,TAI,WIN,True,209592,4.029328129989527,0.0,0.0,4.029328129989527,XIU,False,True,,52.9829,50.0,48537366.0,-1462634.0,-2.925268,44.44444444444444,4,5,1,0,3.3,3.3,False,False,False,0,15000000.0,-9.8,0,65000000,50000000.0,False,False,False,False,False,0.0,0.0,NEUTRAL,XXXTTTXTXXTXXTXXXTXXT,False,-1462634.0,48537366.0,4,5,44.4,48537366.0,121,,SIDEWAY,,0.3033,False,False,XXTXXTXXXTXXT,XXXTTTXTXXTXXTXXXTXXT,,,,,,,CHOPPY (RAC),NORMAL,"Motif 'XXT' (chu kỳ 3) đang lặp lại, đã thấy 6 phiên khớp",CONFIRMED,BET,XIU,0.6531,,0.9796,6,False,,,,,,,,REDUCE_SIZE,TAI,"[ADAPTIVE-HOLD] p̂=36.9% n_eff=2.4 (chưa đủ bằng chứng để đảo, |flip_score|<0.9) → size 66%.",False,0,
2026-08-19,2026-08-19 04:19:21,04:19:21,3121495,XTXXTXXXTXXTT,2T,XIU,332481,SNIPER_MID,[HẠ TIER ÉP] n_act=1≤2 → MID. [BET] p=68.6% ≥ θ=64.9%. Hướng X.,69,5-5-2,12,TAI,LOSS,False,-332481,1.6847165886381121,0.0,0.0,1.6847165886381121,TAI,False,True,,38.8469,50.0,48204885.0,-1795115.0,-3.59023,40.0,4,6,0,1,3.6,3.6,False,False,False,0,15000000.0,-12.0,0,65000000,50000000.0,False,False,False,False,False,0.0,0.0,NEUTRAL,XXTTTXTXXTXXTXXXTXXTT,False,-1795115.0,48204885.0,4,6,40.0,48204885.0,122,,SIDEWAY,,0.38,False,False,XTXXTXXXTXXTT,XXTTTXTXXTXXTXXXTXXTT,,,,,,,CHOPPY (RAC),POOR,Mới 2 ván T liên tiếp — có thể đang hình thành bệt,FORMING,BET,XIU,0.6857,,0.5,1,False,,,,,,,,REDUCE_SIZE,XIU,"[ADAPTIVE-HOLD] p̂=43.0% n_eff=2.1 (chưa đủ bằng chứng để đảo, |flip_score|<0.9) → size 82%.",False,0,
2026-08-19,2026-08-19 04:20:32,04:20:32,3121496,TXXTXXXTXXTTT,3T,XIU,304038,SNIPER_MID,[BẮT RÁC] online fadeWR=0.46 followWR=0.42 nF=5 nFo=0 sc=3 | đu BET. Lật → X,64,2-2-6,10,XIU,WIN,True,297957,8.590302319552588,0.0,0.0,8.590302319552588,XIU,False,True,,28.7959,50.0,48502842.0,-1497158.0,-2.994316,45.45454545454545,5,6,1,0,3.6,3.6,False,False,False,0,15000000.0,-10.0,0,65000000,50000000.0,False,False,False,False,False,0.0,0.0,NEUTRAL,XTTTXTXXTXXTXXXTXXTTT,False,-1497158.0,48502842.0,5,6,45.5,48502842.0,123,,SIDEWAY,,0.4126,False,False,TXXTXXXTXXTTT,XTTTXTXXTXXTXXXTXXTTT,,,,,,,CHOPPY (RAC),POOR,Bet T dang chay 3 ván liên tiếp,CONFIRMED,BET,TAI,0.5038,,0.9591,3,False,,,,,,,,REDUCE_SIZE,XIU,"[ADAPTIVE-HOLD] p̂=42.3% n_eff=3.0 (chưa đủ bằng chứng để đảo, |flip_score|<0.9) → size 80%.",False,0,
2026-08-19,2026-08-19 04:21:43,04:21:43,3121497,XXTXXXTXXTTTX,1X,—,0,SKIP,"[NGƯỠNG] p=51.3% < θ=61.7% (Coh=0.90, Act=3) → SKIP.",0,2-1-4,7,XIU,SKIP,False,0,10.896715122327471,0.0,0.0,10.896715122327471,XIU,False,True,,817.1821,50.0,48502842.0,-1497158.0,-2.994316,45.45454545454545,5,6,1,0,3.6,3.6,False,False,False,0,15000000.0,-10.0,0,65000000,50000000.0,False,False,False,False,False,0.0,0.0,NEUTRAL,TTTXTXXTXXTXXXTXXTTTX,False,-1497158.0,48502842.0,5,6,45.5,48502842.0,124,"[NGƯỠNG] p=51.3% < θ=61.7% (Coh=0.90, Act=3) → SKIP.",DOWN (XIU),,0.7035,True,False,XXTXXXTXXTTTX,TTTXTXXTXXTXXXTXXTTTX,,,,,,,CHOPPY (RAC),POOR,"Motif 'XXTXXTTTX' (chu kỳ 9) đang lặp lại, đã thấy 11 phiên khớp",FORMING,BET,TAI,0.5132,,0.8976,3,False,,,,,,,,,,,False,0,
2026-08-19,2026-08-19 04:22:54,04:22:54,3121498,XTXXXTXXTTTXX,2X,—,0,SKIP,"[NGƯỠNG] p=69.0% < θ=69.9% (Coh=0.50, Act=1) → SKIP.",0,4-2-1,7,XIU,SKIP,False,0,7.5557639969569905,0.0,0.0,7.5557639969569905,XIU,False,True,,855.9315,50.0,48502842.0,-1497158.0,-2.994316,45.45454545454545,5,6,1,0,3.6,3.6,False,False,False,0,15000000.0,-10.0,0,65000000,50000000.0,False,False,False,False,False,0.0,0.0,NEUTRAL,TTXTXXTXXTXXXTXXTTTXX,False,-1497158.0,48502842.0,5,6,45.5,48502842.0,125,"[NGƯỠNG] p=51.3% < θ=61.7% (Coh=0.90, Act=3) → SKIP., [NGƯỠNG] p=69.0% < θ=69.9% (Coh=0.50, Act=1) → SKIP.",DOWN (XIU),,0.5778,True,False,XTXXXTXXTTTXX,TTXTXXTXXTXXXTXXTTTXX,,,,,,,CHOPPY (RAC),POOR,"Motif 'XTXXTTTXX' (chu kỳ 9) đang lặp lại, đã thấy 12 phiên khớp",FORMING,BET,TAI,0.69,,0.5,1,False,,,,,,,,,,,False,0,
2026-08-19,2026-08-19 04:24:05,04:24:05,3121499,TXXXTXXTTTXXX,3X,—,0,SKIP,"[NGƯỠNG] p=56.1% < θ=64.0% (Coh=0.49, Act=2) → SKIP.",0,2-5-2,9,XIU,SKIP,False,0,6.124674218958161,0.0,0.0,6.124674218958161,XIU,False,True,,827.3176,50.0,48502842.0,-1497158.0,-2.994316,45.45454545454545,5,6,1,0,3.6,3.6,False,False,False,0,15000000.0,-10.0,0,65000000,50000000.0,False,False,False,False,False,0.0,0.0,NEUTRAL,TXTXXTXXTXXXTXXTTTXXX,False,-1497158.0,48502842.0,5,6,45.5,48502842.0,126,"[NGƯỠNG] p=51.3% < θ=61.7% (Coh=0.90, Act=3) → SKIP., [NGƯỠNG] p=69.0% < θ=69.9% (Coh=0.50, Act=1) → SKIP., [NGƯỠNG] p=56.1% < θ=64.0% (Coh=0.49, Act=2) → SKIP.",SIDEWAY,,0.5291,False,False,TXXXTXXTTTXXX,TXTXXTXXTXXXTXXTTTXXX,,,,,,,CLUSTERING (BET),POOR,Bet X dang chay 3 ván liên tiếp,CONFIRMED,BET,XIU,0.5614,,0.491,2,False,,,,,,,,,,,False,0,
2026-08-19,2026-08-19 04:25:16,04:25:16,3121500,XXXTXXTTTXXXX,4X,—,0,SKIP,"[NGƯỠNG] p=56.0% < θ=57.5% (Coh=0.94, Act=8) → SKIP.",0,5-5-6,16,TAI,SKIP,False,0,8.337273203782972,0.0,0.0,8.337273203782972,TAI,False,True,,876.3486,50.0,48502842.0,-1497158.0,-2.994316,45.45454545454545,5,6,1,0,3.6,3.6,False,False,False,0,15000000.0,-10.0,0,65000000,50000000.0,False,False,False,False,False,0.0,0.0,NEUTRAL,XTXXTXXTXXXTXXTTTXXXX,False,-1497158.0,48502842.0,5,6,45.5,48502842.0,127,"[NGƯỠNG] p=69.0% < θ=69.9% (Coh=0.50, Act=1) → SKIP., [NGƯỠNG] p=56.1% < θ=64.0% (Coh=0.49, Act=2) → SKIP., [NGƯỠNG] p=56.0% < θ=57.5% (Coh=0.94, Act=8) → SKIP.",UP (TAI),,0.5386,False,False,XXXTXXTTTXXXX,XTXXTXXTXXXTXXTTTXXXX,,,,,,,CLUSTERING (BET),NORMAL,Bet X dang chay 4 ván liên tiếp,CONFIRMED,BET,XIU,0.56,,0.9389,8,False,,,,,,,,,,,False,0,
2026-08-19,2026-08-19 04:26:27,04:26:27,3121501,XXTXXTTTXXXXT,1T,TAI,425145,SNIPER_MID,[BẮT RÁC] online fadeWR=0.51 followWR=0.42 nF=6 nFo=0 sc=1 | đu NGHIENG_5. Lật → T,64,5-3-6,14,TAI,WIN,True,416642,43.025910453835195,0.0,0.0,43.025910453835195,TAI,False,True,,88.6578,50.0,48919484.0,-1080516.0,-2.161032,50.0,6,6,2,0,3.6,3.6,False,False,False,0,15000000.0,-7.2,0,65000000,50000000.0,False,False,False,False,False,0.0,0.0,NEUTRAL,TXXTXXTXXXTXXTTTXXXXT,False,-1080516.0,48919484.0,6,6,50.0,48919484.0,128,,UP (TAI),,0.471,True,False,XXTXXTTTXXXXT,TXXTXXTXXXTXXTTTXXXXT,,,,,,,CHOPPY (RAC),POOR,Nghiêng X 4/5 phiên gần nhất,CONFIRMED,BET,TAI,0.67,,0.5,2,False,,,,,,,,REDUCE_SIZE,TAI,"[ADAPTIVE-HOLD] p̂=48.3% n_eff=3.4 (chưa đủ bằng chứng để đảo, |flip_score|<0.9) → size 96%.",False,0,
2026-08-19,2026-08-19 04:27:38,04:27:38,3121502,XTXXTTTXXXXTT,2T,TAI,437287,SNIPER_MID,[HẠ TIER ÉP] n_act=1≤2 → MID. [BET] p=71.0% ≥ θ=64.0%. Hướng T.,71,5-4-2,11,TAI,WIN,True,428541,65.64966015511816,0.0,0.0,65.64966015511816,TAI,False,True,,57.3216,50.0,49348025.0,-651975.0,-1.3039500000000002,53.84615384615385,7,6,3,0,3.6,3.6,False,False,False,0,15000000.0,-4.3,0,65000000,50000000.0,False,False,False,False,False,0.0,0.0,NEUTRAL,XXTXXTXXXTXXTTTXXXXTT,False,-651975.0,49348025.0,7,6,53.8,49348025.0,129,,SIDEWAY,,0.5107,True,False,XTXXTTTXXXXTT,XXTXXTXXXTXXTTTXXXXTT,,,,,,,CLUSTERING (BET),POOR,"Motif 'TXXXXTT' (chu kỳ 7) đang lặp lại, đã thấy 11 phiên khớp",FORMING,BET,TAI,0.71,,0.5,1,False,,,,,,,,FOLLOW,TAI,"[ADAPTIVE-HOLD] p̂=50.0% n_eff=1.4 (chưa đủ bằng chứng để đảo, |flip_score|<0.9) → size 100%.",False,0,
2026-08-19,2026-08-19 04:28:49,04:28:49,3121503,TXXTTTXXXXTTT,3T,—,0,SKIP,"[NGƯỠNG] p=54.1% < θ=60.6% (Coh=0.93, Act=3) → SKIP.",0,2-2-4,8,XIU,SKIP,False,0,15.651054967940983,0.0,0.0,15.651054967940983,XIU,False,True,,836.8363,50.0,49348025.0,-651975.0,-1.3039500000000002,53.84615384615385,7,6,3,0,3.6,3.6,False,False,False,0,15000000.0,-4.3,0,65000000,50000000.0,False,False,False,False,False,0.0,0.0,NEUTRAL,XTXXTXXXTXXTTTXXXXTTT,False,-651975.0,49348025.0,7,6,53.8,49348025.0,130,"[NGƯỠNG] p=54.1% < θ=60.6% (Coh=0.93, Act=3) → SKIP.",DOWN (XIU),,0.3231,True,False,TXXTTTXXXXTTT,XTXXTXXXTXXTTTXXXXTTT,,,,,,,CLUSTERING (BET),POOR,Bet T dang chay 3 ván liên tiếp,CONFIRMED,BET,XIU,0.5411,,0.9296,3,False,,,,,,,,,,,False,0,
2026-08-19,2026-08-19 04:30:00,04:30:00,3121504,XXTTTXXXXTTTX,1X,XIU,505080,SNIPER_MID,[BET] p=66.7% ≥ θ=61.0%. Hướng X.,67,2-5-5,12,TAI,LOSS,False,-505080,35.050046475188665,0.0,0.0,35.050046475188665,XIU,False,True,,47.8707,50.0,48842945.0,-1157055.0,-2.3141100000000003,50.0,7,7,0,1,2.3,3.6,False,False,False,0,15000000.0,-7.7,0,65000000,50000000.0,False,False,False,False,False,0.0,0.0,NEUTRAL,TXXTXXXTXXTTTXXXXTTTX,False,-1157055.0,48842945.0,7,7,50.0,48842945.0,131,,DOWN (XIU),,0.4692,True,False,XXTTTXXXXTTTX,TXXTXXXTXXTTTXXXXTTTX,,,,,,,CLUSTERING (BET),POOR,"Motif 'XXXTTTX' (chu kỳ 7) đang lặp lại, đã thấy 13 phiên khớp",FORMING,BET,XIU,0.6665,,0.9987,3,False,,,,,,,,FOLLOW,XIU,"[ADAPTIVE-HOLD] p̂=57.9% n_eff=1.9 (chưa đủ bằng chứng để đảo, |flip_score|<0.9) → size 100%.",False,0,
2026-08-19,2026-08-19 04:31:11,04:31:11,3121505,XTTTXXXXTTTXT,1T,XIU,337433,SNIPER_MID,[HẠ TIER ÉP] n_act=1≤2 → MID. [BET] p=68.6% ≥ θ=65.0%. Hướng X.,69,1-1-5,7,XIU,WIN,True,330684,18.970542117334922,0.0,0.0,18.970542117334922,TAI,False,True,,50.5386,50.0,49173629.0,-826371.0,-1.6527420000000002,53.333333333333336,8,7,1,0,2.3,3.6,False,False,False,0,15000000.0,-5.5,0,65000000,50000000.0,False,False,False,False,False,0.0,0.0,NEUTRAL,XXTXXXTXXTTTXXXXTTTXT,False,-826371.0,49173629.0,8,7,53.3,49173629.0,132,,SIDEWAY,,0.5217,False,False,XTTTXXXXTTTXT,XXTXXXTXXTTTXXXXTTTXT,,,,,,,CHOPPY (RAC),POOR,Nghiêng T 4/5 phiên gần nhất,CONFIRMED,BET,XIU,0.6857,,0.5,1,False,,,,,,,,REDUCE_SIZE,XIU,"[ADAPTIVE-HOLD] p̂=41.7% n_eff=3.1 (chưa đủ bằng chứng để đảo, |flip_score|<0.9) → size 78%.",False,0,
2026-08-19,2026-08-19 04:32:22,04:32:22,3121506,TTTXXXXTTTXTX,1X,XIU,454833,SNIPER_MID,[HẠ TIER ÉP] n_act=1≤2 → MID. [BET] p=68.6% ≥ θ=65.0%. Hướng X.,69,2-3-6,11,TAI,LOSS,False,-454833,47.32669292922104,0.0,0.0,47.32669292922104,TAI,False,True,,62.5288,50.0,48718796.0,-1281204.0,-2.562408,50.0,8,8,0,1,2.6,3.6,False,False,False,0,15000000.0,-8.5,0,65000000,50000000.0,False,False,False,False,False,0.0,0.0,NEUTRAL,XTXXXTXXTTTXXXXTTTXTX,False,-1281204.0,48718796.0,8,8,50.0,48718796.0,133,,SIDEWAY,,0.5181,False,False,TTTXXXXTTTXTX,XTXXXTXXTTTXXXXTTTXTX,,,,,,,CHOPPY (RAC),POOR,"Motif 'XXXTTTXTX' (chu kỳ 9) đang lặp lại, đã thấy 11 phiên khớp",FORMING,BET,XIU,0.6857,,0.5,1,False,,,,,,,,REDUCE_SIZE,XIU,"[ADAPTIVE-HOLD] p̂=47.6% n_eff=3.5 (chưa đủ bằng chứng để đảo, |flip_score|<0.9) → size 94%.",False,0,
2026-08-19,2026-08-19 04:33:33,04:33:33,3121507,TTXXXXTTTXTXT,1T,—,0,SKIP,"[NGƯỠNG] p=50.2% < θ=61.0% (Coh=0.90, Act=3) → SKIP.",0,4-6-4,14,TAI,SKIP,False,0,34.54966984192453,0.0,0.0,34.54966984192453,XIU,False,True,,1099.6807,50.0,48718796.0,-1281204.0,-2.562408,50.0,8,8,0,1,2.6,3.6,False,False,False,0,15000000.0,-8.5,0,65000000,50000000.0,False,False,False,False,False,0.0,0.0,NEUTRAL,TXXXTXXTTTXXXXTTTXTXT,False,-1281204.0,48718796.0,8,8,50.0,48718796.0,134,"[NGƯỠNG] p=50.2% < θ=61.0% (Coh=0.90, Act=3) → SKIP.",SIDEWAY,,0.3333,True,False,TTXXXXTTTXTXT,TXXXTXXTTTXXXXTTTXTXT,,,,,,,ALTERNATING (NHAY),POOR,Nghiêng T 5/7 phiên gần nhất,CONFIRMED,BET,TAI,0.5023,,0.8982,3,False,,,,,,,,,,,False,0,
2026-08-19,2026-08-19 04:34:44,04:34:44,3121508,TXXXXTTTXTXTT,2T,TAI,427537,SNIPER_MID,[HẠ TIER ÉP] n_act=1≤2 → MID. [BET] p=69.0% ≥ θ=64.0%. Hướng T.,69,2-4-4,10,XIU,LOSS,False,-427537,15.158497369112222,0.0,0.0,15.158497369112222,TAI,False,True,,53.5629,50.0,48291259.0,-1708741.0,-3.417482,47.05882352941176,8,9,0,2,3.4,3.6,False,False,False,0,15000000.0,-11.4,0,65000000,50000000.0,False,False,False,False,False,0.0,0.0,NEUTRAL,XXXTXXTTTXXXXTTTXTXTT,False,-1708741.0,48291259.0,8,9,47.1,48291259.0,135,,UP (TAI),,0.4022,True,False,TXXXXTTTXTXTT,XXXTXXTTTXXXXTTTXTXTT,,,,,,,ALTERNATING (NHAY),POOR,Nghiêng T 5/7 phiên gần nhất,CONFIRMED,BET,TAI,0.69,,0.5,1,False,,,,,,,,FOLLOW,TAI,"[ADAPTIVE-HOLD] p̂=55.6% n_eff=2.3 (chưa đủ bằng chứng để đảo, |flip_score|<0.9) → size 100%.",False,0,
2026-08-19,2026-08-19 04:35:55,04:35:55,3121509,XXXXTTTXTXTTX,1X,TAI,377567,SNIPER_MID,[BET] p=62.6% ≥ θ=61.0%. Hướng T.,63,5-3-5,13,TAI,WIN,True,370016,22.65345233459884,0.0,0.0,22.65345233459884,XIU,False,True,,60.508,50.0,48661274.0,-1338726.0,-2.677452,50.0,9,9,1,0,3.4,3.6,False,False,False,0,15000000.0,-8.9,0,65000000,50000000.0,False,False,False,False,False,0.0,0.0,NEUTRAL,XXTXXTTTXXXXTTTXTXTTX,False,-1338726.0,48661274.0,9,9,50.0,48661274.0,136,,SIDEWAY,,0.2957,False,False,XXXXTTTXTXTTX,XXTXXTTTXXXXTTTXTXTTX,,,,,,,ALTERNATING (NHAY),POOR,Khớp đúng mẫu tăng giảm 1-2-1 ở 3 đoạn gần nhất,CONFIRMED,BET,TAI,0.6258,,0.9999,3,False,,,,,,,,REDUCE_SIZE,TAI,"[ADAPTIVE-HOLD] p̂=48.3% n_eff=2.7 (chưa đủ bằng chứng để đảo, |flip_score|<0.9) → size 95%.",False,0,
2026-08-19,2026-08-19 04:37:06,04:37:06,3121510,XXXTTTXTXTTXT,1T,—,0,SKIP,"[NGƯỠNG] p=51.0% < θ=61.3% (Coh=0.84, Act=4) → SKIP.",0,3-5-5,13,TAI,SKIP,False,0,5.006550099643263,0.0,0.0,5.006550099643263,TAI,False,True,,939.2903,50.0,48661274.0,-1338726.0,-2.677452,50.0,9,9,1,0,3.4,3.6,False,False,False,0,15000000.0,-8.9,0,65000000,50000000.0,False,False,False,False,False,0.0,0.0,NEUTRAL,XTXXTTTXXXXTTTXTXTTXT,False,-1338726.0,48661274.0,9,9,50.0,48661274.0,137,"[NGƯỠNG] p=51.0% < θ=61.3% (Coh=0.84, Act=4) → SKIP.",SIDEWAY,,0.5033,True,False,XXXTTTXTXTTXT,XTXXTTTXXXXTTTXTXTTXT,,,,,,,ALTERNATING (NHAY),POOR,"Motif 'TXT' (chu kỳ 3) đang lặp lại, đã thấy 6 phiên khớp",CONFIRMED,BET,XIU,0.5095,,0.8386,4,False,,,,,,,,,,,False,0,
2026-08-19,2026-08-19 04:38:17,04:38:17,3121511,XXTTTXTXTTXTT,2T,XIU,394367,SNIPER_MID,"[BẺ→BÁM] micro=NEUTRAL lag1=+0.00 → không phá PERIOD, bám X",64,6-4-5,15,TAI,LOSS,False,-394367,36.755837931342185,0.0,0.0,36.755837931342185,XIU,False,True,,77.1914,50.0,48266907.0,-1733093.0,-3.4661860000000004,47.368421052631575,9,10,0,1,3.5,3.6,False,False,False,0,15000000.0,-11.6,0,65000000,50000000.0,False,False,False,False,False,0.0,0.0,NEUTRAL,TXXTTTXXXXTTTXTXTTXTT,False,-1733093.0,48266907.0,9,10,47.4,48266907.0,138,,SIDEWAY,,0.5259,True,False,XXTTTXTXTTXTT,TXXTTTXXXXTTTXTXTTXTT,,,,,,,CHOPPY (RAC),POOR,"Motif 'XTT' (chu kỳ 3) đang lặp lại, đã thấy 7 phiên khớp",CONFIRMED,BET,XIU,0.5415,,0.9053,9,False,,,,,,,,REDUCE_SIZE,XIU,"[ADAPTIVE-HOLD] p̂=42.9% n_eff=4.3 (chưa đủ bằng chứng để đảo, |flip_score|<0.9) → size 81%.",False,0,
2026-08-19,2026-08-19 04:39:28,04:39:28,3121512,XTTTXTXTTXTTT,3T,XIU,435768,SNIPER_MID,[BẮT RÁC] online fadeWR=0.55 followWR=0.42 nF=7 nFo=0 sc=3 | đu BET. Lật → X,64,1-4-6,11,TAI,LOSS,False,-435768,13.375988734381899,0.0,0.0,13.375988734381899,XIU,False,True,,63.7948,50.0,47831139.0,-2168861.0,-4.337722,45.0,9,11,0,2,4.3,4.3,False,False,False,0,15000000.0,-14.5,0,65000000,50000000.0,False,False,False,False,False,0.0,0.0,NEUTRAL,XXTTTXXXXTTTXTXTTXTTT,False,-2168861.0,47831139.0,9,11,45.0,47831139.0,139,,UP (TAI),,0.5915,False,False,XTTTXTXTTXTTT,XXTTTXXXXTTTXTXTTXTTT,,,,,,,CHOPPY (RAC),NORMAL,Bet T dang chay 3 ván liên tiếp,CONFIRMED,BET,TAI,0.6041,,0.9871,5,False,,,,,,,,FOLLOW,XIU,"[ADAPTIVE-HOLD] p̂=60.2% n_eff=5.7 (chưa đủ bằng chứng để đảo, |flip_score|<0.9) → size 100%.",False,0,
2026-08-19,2026-08-19 04:40:39,04:40:39,3121513,TTTXTXTTXTTTT,4T,XIU,349923,SNIPER_MID,[BẮT RÁC] online fadeWR=0.51 followWR=0.42 nF=8 nFo=0 sc=4 | đu BET. Lật → X,64,3-2-2,7,XIU,WIN,True,342925,8.23039166191605,0.0,0.0,8.23039166191605,XIU,False,True,,53.4124,50.0,48174063.0,-1825937.0,-3.6518740000000003,47.61904761904761,10,11,1,0,4.3,4.3,False,False,False,0,15000000.0,-12.2,0,65000000,50000000.0,False,False,False,False,False,0.0,0.0,NEUTRAL,XTTTXXXXTTTXTXTTXTTTT,False,-1825937.0,48174063.0,10,11,47.6,48174063.0,140,,SIDEWAY,,0.3609,False,False,TTTXTXTTXTTTT,XTTTXXXXTTTXTXTTXTTTT,,,,,,,CHOPPY (RAC),NORMAL,Bet T dang chay 4 ván liên tiếp,CONFIRMED,BET,TAI,0.5686,,0.9313,8,False,,,,,,,,REDUCE_SIZE,XIU,"[ADAPTIVE-HOLD] p̂=48.1% n_eff=5.2 (chưa đủ bằng chứng để đảo, |flip_score|<0.9) → size 95%.",False,0,
2026-08-19,2026-08-19 04:41:50,04:41:50,3121514,TTXTXTTXTTTTX,1X,XIU,477303,SNIPER_MID,[BẮT RÁC] online fadeWR=0.55 followWR=0.42 nF=9 nFo=0 sc=1 | đu NGHIENG_5. Lật → X,64,6-2-2,10,XIU,WIN,True,467757,26.207957872742455,0.0,0.0,26.207957872742455,TAI,False,True,,27.3199,50.0,48641819.0,-1358181.0,-2.716362,50.0,11,11,2,0,4.3,4.3,False,False,False,0,15000000.0,-9.1,0,65000000,50000000.0,False,False,False,False,False,0.0,0.0,NEUTRAL,TTTXXXXTTTXTXTTXTTTTX,False,-1358181.0,48641819.0,11,11,50.0,48641819.0,141,,DOWN (XIU),,0.319,True,False,TTXTXTTXTTTTX,TTTXXXXTTTXTXTTXTTTTX,,,,,,,CHOPPY (RAC),NORMAL,Nghiêng T 4/5 phiên gần nhất,CONFIRMED,BET,TAI,0.6406,,0.9952,3,False,,,,,,,,FOLLOW,XIU,"[ADAPTIVE-HOLD] p̂=52.1% n_eff=5.7 (chưa đủ bằng chứng để đảo, |flip_score|<0.9) → size 100%.",False,0,
2026-08-19,2026-08-19 04:43:01,04:43:01,3121515,TXTXTTXTTTTXX,2X,—,0,SKIP,"[NGƯỠNG] p=50.0% < θ=67.9% (Coh=0.00, Act=0) → SKIP.",0,6-6-2,14,TAI,SKIP,False,0,1.975107163427891,0.0,0.0,1.975107163427891,TAI,False,True,,899.1148,50.0,48641819.0,-1358181.0,-2.716362,50.0,11,11,2,0,4.3,4.3,False,False,False,0,15000000.0,-9.1,0,65000000,50000000.0,False,False,False,False,False,0.0,0.0,NEUTRAL,TTXXXXTTTXTXTTXTTTTXX,False,-1358181.0,48641819.0,11,11,50.0,48641819.0,142,"[NGƯỠNG] p=50.0% < θ=67.9% (Coh=0.00, Act=0) → SKIP.",SIDEWAY,,0.3398,False,False,TXTXTTXTTTTXX,TTXXXXTTTXTXTTXTTTTXX,,,,,,,CLUSTERING (BET),POOR,Mới 2 ván X liên tiếp — có thể đang hình thành bệt,FORMING,ABSTAIN,TAI,0.5,,0.0,0,False,,,,,,,,,,,False,0,
2026-08-19,2026-08-19 04:44:12,04:44:12,3121516,XTXTTXTTTTXXT,1T,XIU,484481,SNIPER_MID,[BẮT RÁC] online fadeWR=0.58 followWR=0.42 nF=10 nFo=0 sc=1 | đu NGHIENG_7. Lật → X,64,4-1-6,11,TAI,LOSS,False,-484481,49.14917587256436,0.0,0.0,49.14917587256436,TAI,False,True,,60.7491,50.0,48157338.0,-1842662.0,-3.685324,47.82608695652174,11,12,0,1,3.7,4.3,False,False,False,0,15000000.0,-12.3,0,65000000,50000000.0,False,False,False,False,False,0.0,0.0,NEUTRAL,TXXXXTTTXTXTTXTTTTXXT,False,-1842662.0,48157338.0,11,12,47.8,48157338.0,143,,UP (TAI),,0.6938,False,False,XTXTTXTTTTXXT,TXXXXTTTXTXTTXTTTTXXT,,,,,,,CHOPPY (RAC),POOR,Nghiêng T 5/7 phiên gần nhất,CONFIRMED,BET,TAI,0.517,,0.9242,4,False,,,,,,,,FOLLOW,XIU,"[ADAPTIVE-HOLD] p̂=63.0% n_eff=7.1 (chưa đủ bằng chứng để đảo, |flip_score|<0.9) → size 100%.",False,0,
2026-08-19,2026-08-19 04:45:23,04:45:23,3121517,TXTTXTTTTXXTT,2T,XIU,455771,SNIPER_MID,[BẮT RÁC] online fadeWR=0.54 followWR=0.42 nF=11 nFo=0 sc=2 | đu NGHIENG_7. Lật → X,64,2-6-3,11,TAI,LOSS,False,-455771,50.22594557762042,0.0,0.0,50.22594557762042,XIU,False,True,,37.8631,50.0,47701567.0,-2298433.0,-4.596866,45.83333333333333,11,13,0,2,4.6,4.6,False,False,False,0,15000000.0,-15.3,0,65000000,50000000.0,False,False,False,False,False,0.0,0.0,NEUTRAL,XXXXTTTXTXTTXTTTTXXTT,False,-2298433.0,47701567.0,11,13,45.8,47701567.0,144,,SIDEWAY,,0.3409,True,False,TXTTXTTTTXXTT,XXXXTTTXTXTTXTTTTXXTT,,,,,,,CHOPPY (RAC),NORMAL,Nghiêng T 5/7 phiên gần nhất,CONFIRMED,BET,TAI,0.6417,,0.9953,3,False,,,,,,,,FOLLOW,XIU,"[ADAPTIVE-HOLD] p̂=51.9% n_eff=6.6 (chưa đủ bằng chứng để đảo, |flip_score|<0.9) → size 100%.",False,0,
2026-08-19,2026-08-19 04:46:34,04:46:34,3121518,XTTXTTTTXXTTT,3T,XIU,359131,SNIPER_MID,[BẮT RÁC] online fadeWR=0.50 followWR=0.42 nF=12 nFo=0 sc=3 | đu BET. Lật → X,64,5-5-5,15,TAI,LOSS,False,-359131,47.24008064406071,0.0,0.0,47.24008064406071,XIU,False,True,,50.1934,50.0,47342436.0,-2657564.0,-5.3151280000000005,44.0,11,14,0,3,5.3,5.3,False,False,False,0,15000000.0,-17.7,0,65000000,50000000.0,False,False,False,False,False,0.0,0.0,NEUTRAL,XXXTTTXTXTTXTTTTXXTTT,False,-2657564.0,47342436.0,11,14,44.0,47342436.0,145,,SIDEWAY,,0.3568,True,False,XTTXTTTTXXTTT,XXXTTTXTXTTXTTTTXXTTT,,,,,,,CHOPPY (RAC),NORMAL,Bet T dang chay 3 ván liên tiếp,CONFIRMED,BET,TAI,0.5725,,0.9636,6,False,,,,,,,,FOLLOW,XIU,"[ADAPTIVE-HOLD] p̂=49.0% n_eff=9.1 (chưa đủ bằng chứng để đảo, |flip_score|<0.9) → size 98%.",False,0,
2026-08-19,2026-08-19 04:47:45,04:47:45,3121519,TTXTTTTXXTTTT,4T,TAI,181454,SNIPER_LOW,[BET] p=60.8% ≥ θ=57.4%. Hướng T.,61,4-6-6,16,TAI,WIN,True,177825,10.603564964578368,0.0,0.0,10.603564964578368,TAI,False,True,,46.0457,50.0,47520260.0,-2479740.0,-4.95948,46.15384615384615,12,14,1,0,5.3,5.3,False,False,False,0,15000000.0,-16.5,0,65000000,50000000.0,False,False,False,False,False,0.0,0.0,NEUTRAL,XXTTTXTXTTXTTTTXXTTTT,False,-2479740.0,47520260.0,12,14,46.2,47520260.0,146,,UP (TAI),,0.7196,True,False,TTXTTTTXXTTTT,XXTTTXTXTTXTTTTXXTTTT,,,,,,,CLUSTERING (BET),NORMAL,Bet T dang chay 4 ván liên tiếp,CONFIRMED,BET,TAI,0.6085,,0.9456,8,False,,,,,,,,REDUCE_SIZE,TAI,"[ADAPTIVE-HOLD] p̂=46.1% n_eff=3.7 (chưa đủ bằng chứng để đảo, |flip_score|<0.9) → size 90%.",False,0,
2026-08-19,2026-08-19 04:48:56,04:48:56,3121520,TXTTTTXXTTTTT,5T,TAI,294131,SNIPER_LOW,[BET] p=59.8% ≥ θ=59.6%. Hướng T.,60,2-5-4,11,TAI,WIN,True,288248,68.51746430840937,0.0,0.0,68.51746430840937,TAI,False,True,,61.3396,50.0,47808508.0,-2191492.0,-4.382984,48.148148148148145,13,14,2,0,5.3,5.3,False,False,False,0,15000000.0,-14.6,0,65000000,50000000.0,False,False,False,False,False,0.0,0.0,NEUTRAL,XTTTXTXTTXTTTTXXTTTTT,False,-2191492.0,47808508.0,13,14,48.1,47808508.0,147,,UP (TAI),,0.719,True,False,TXTTTTXXTTTTT,XTTTXTXTTXTTTTXXTTTTT,,,,,,,CLUSTERING (BET),NORMAL,Bet T dang chay 5 ván liên tiếp,CONFIRMED,BET,TAI,0.5976,,0.9262,9,False,,,,,,,,FOLLOW,TAI,"[ADAPTIVE-HOLD] p̂=52.3% n_eff=4.2 (chưa đủ bằng chứng để đảo, |flip_score|<0.9) → size 100%.",False,0,
2026-08-19,2026-08-19 04:50:07,04:50:07,3121521,XTTTTXXTTTTTT,6T,XIU,485100,SNIPER_MID,"[FADE-BỆT] sc=6T ≥6 → đảo bám cầu, đánh X",63,2-4-2,8,XIU,WIN,True,475398,32.92683393267899,0.0,0.0,32.92683393267899,XIU,False,True,,40.525,50.0,48283906.0,-1716094.0,-3.432188,50.0,14,14,3,0,5.3,5.3,False,False,False,0,15000000.0,-11.4,0,65000000,50000000.0,False,False,False,False,False,0.0,0.0,NEUTRAL,TTTXTXTTXTTTTXXTTTTTT,False,-1716094.0,48283906.0,14,14,50.0,48283906.0,148,,SIDEWAY,,0.3083,True,False,XTTTTXXTTTTTT,TTTXTXTTXTTTTXXTTTTTT,,,,,,,CLUSTERING (BET),NORMAL,Bet T dang chay 6 ván liên tiếp,CONFIRMED,BET,TAI,0.6255,,0.8903,9,False,,,,,,,,FOLLOW,XIU,"[ADAPTIVE-HOLD] p̂=57.3% n_eff=4.6 (chưa đủ bằng chứng để đảo, |flip_score|<0.9) → size 100%.",False,0,
2026-08-19,2026-08-19 04:51:18,04:51:18,3121522,TTTTXXTTTTTTX,1X,—,0,SKIP,"[NGƯỠNG] p=52.4% < θ=62.0% (Coh=0.92, Act=3) → SKIP.",0,6-2-2,10,XIU,SKIP,False,0,10.746300806387774,0.0,0.0,10.746300806387774,XIU,False,True,,845.9129,50.0,48283906.0,-1716094.0,-3.432188,50.0,14,14,3,0,5.3,5.3,False,False,False,0,15000000.0,-11.4,0,65000000,50000000.0,False,False,False,False,False,0.0,0.0,NEUTRAL,TTXTXTTXTTTTXXTTTTTTX,False,-1716094.0,48283906.0,14,14,50.0,48283906.0,149,"[NGƯỠNG] p=52.4% < θ=62.0% (Coh=0.92, Act=3) → SKIP.",DOWN (XIU),,0.4339,True,False,TTTTXXTTTTTTX,TTXTXTTXTTTTXXTTTTTTX,,,,,,,CLUSTERING (BET),NORMAL,Nghiêng T 4/5 phiên gần nhất,CONFIRMED,BET,TAI,0.5243,,0.9221,3,False,,,,,,,,,,,False,0,
2026-08-19,2026-08-19 04:52:29,04:52:29,3121523,TTTXXTTTTTTXX,2X,—,0,SKIP,"[NGƯỠNG] p=50.0% < θ=67.7% (Coh=0.00, Act=0) → SKIP.",0,2-2-1,5,XIU,SKIP,False,0,0.6916174067019942,0.0,0.0,0.6916174067019942,TAI,False,True,,870.6198,50.0,48283906.0,-1716094.0,-3.432188,50.0,14,14,3,0,5.3,5.3,False,False,False,0,15000000.0,-11.4,0,65000000,50000000.0,False,False,False,False,False,0.0,0.0,NEUTRAL,TXTXTTXTTTTXXTTTTTTXX,False,-1716094.0,48283906.0,14,14,50.0,48283906.0,150,"[NGƯỠNG] p=52.4% < θ=62.0% (Coh=0.92, Act=3) → SKIP., [NGƯỠNG] p=50.0% < θ=67.7% (Coh=0.00, Act=0) → SKIP.",SIDEWAY,,0.4176,True,False,TTTXXTTTTTTXX,TXTXTTXTTTTXXTTTTTTXX,,,,,,,CLUSTERING (BET),NORMAL,Nghiêng T 5/7 phiên gần nhất,CONFIRMED,ABSTAIN,TAI,0.5,,0.0,0,False,,,,,,,,,,,False,0,
2026-08-19,2026-08-19 04:53:40,04:53:40,3121524,TTXXTTTTTTXXX,3X,—,0,SKIP,"[NGƯỠNG] p=56.6% < θ=64.0% (Coh=0.49, Act=2) → SKIP.",0,6-6-1,13,TAI,SKIP,False,0,22.44608669509584,0.0,0.0,22.44608669509584,XIU,False,True,,874.6081,50.0,48283906.0,-1716094.0,-3.432188,50.0,14,14,3,0,5.3,5.3,False,False,False,0,15000000.0,-11.4,0,65000000,50000000.0,False,False,False,False,False,0.0,0.0,NEUTRAL,XTXTTXTTTTXXTTTTTTXXX,False,-1716094.0,48283906.0,14,14,50.0,48283906.0,151,"[NGƯỠNG] p=52.4% < θ=62.0% (Coh=0.92, Act=3) → SKIP., [NGƯỠNG] p=50.0% < θ=67.7% (Coh=0.00, Act=0) → SKIP., [NGƯỠNG] p=56.6% < θ=64.0% (Coh=0.49, Act=2) → SKIP.",SIDEWAY,,0.3494,False,False,TTXXTTTTTTXXX,XTXTTXTTTTXXTTTTTTXXX,,,,,,,CLUSTERING (BET),POOR,Bet X dang chay 3 ván liên tiếp,CONFIRMED,BET,XIU,0.5663,,0.4909,2,False,,,,,,,,,,,False,0,
2026-08-19,2026-08-19 04:54:51,04:54:51,3121525,TXXTTTTTTXXXT,1T,—,0,SKIP,"[NGƯỠNG] p=50.6% < θ=61.0% (Coh=0.90, Act=3) → SKIP.",0,2-4-6,12,TAI,SKIP,False,0,9.324065598970844,0.0,0.0,9.324065598970844,TAI,False,True,,825.2396,50.0,48283906.0,-1716094.0,-3.432188,50.0,14,14,3,0,5.3,5.3,False,False,False,0,15000000.0,-11.4,0,65000000,50000000.0,False,False,False,False,False,0.0,0.0,NEUTRAL,TXTTXTTTTXXTTTTTTXXXT,False,-1716094.0,48283906.0,14,14,50.0,48283906.0,152,"[NGƯỠNG] p=50.0% < θ=67.7% (Coh=0.00, Act=0) → SKIP., [NGƯỠNG] p=56.6% < θ=64.0% (Coh=0.49, Act=2) → SKIP., [NGƯỠNG] p=50.6% < θ=61.0% (Coh=0.90, Act=3) → SKIP.",SIDEWAY,,0.6898,True,False,TXXTTTTTTXXXT,TXTTXTTTTXXTTTTTTXXXT,,,,,,,CLUSTERING (BET),POOR,Nghiêng T 7/10 phiên gần nhất,CONFIRMED,BET,XIU,0.5061,,0.8977,3,False,,,,,,,,,,,False,0,
2026-08-19,2026-08-19 04:56:02,04:56:02,3121526,XXTTTTTTXXXTT,2T,TAI,488070,SNIPER_MID,[HẠ TIER ÉP] n_act=1≤2 → MID. [BET] p=69.0% ≥ θ=63.9%. Hướng T.,69,6-3-5,14,TAI,WIN,True,478309,25.417070553122752,0.0,0.0,25.417070553122752,XIU,False,True,,86.1278,50.0,48762214.0,-1237786.0,-2.4755719999999997,51.724137931034484,15,14,4,0,5.3,5.3,False,False,False,0,15000000.0,-8.3,0,65000000,50000000.0,False,False,False,False,False,0.0,0.0,NEUTRAL,XTTXTTTTXXTTTTTTXXXTT,False,-1237786.0,48762214.0,15,14,51.7,48762214.0,153,,SIDEWAY,,0.4012,True,False,XXTTTTTTXXXTT,XTTXTTTTXXTTTTTTXXXTT,,,,,,,CLUSTERING (BET),POOR,Nghiêng T 7/10 phiên gần nhất,CONFIRMED,BET,TAI,0.69,,0.5,1,False,,,,,,,,FOLLOW,TAI,"[ADAPTIVE-HOLD] p̂=61.5% n_eff=5.1 (chưa đủ bằng chứng để đảo, |flip_score|<0.9) → size 100%.",False,0,
2026-08-19,2026-08-19 04:57:13,04:57:13,3121527,XTTTTTTXXXTTT,3T,TAI,380550,SNIPER_LOW,[BET] p=61.1% ≥ θ=59.9%. Hướng T.,61,5-4-2,11,TAI,WIN,True,372939,54.269381682745056,0.0,0.0,54.269381682745056,TAI,False,True,,59.7018,50.0,49135153.0,-864847.0,-1.729694,53.333333333333336,16,14,5,0,5.3,5.3,False,False,False,0,15000000.0,-5.8,0,65000000,50000000.0,False,False,False,False,False,0.0,0.0,NEUTRAL,TTXTTTTXXTTTTTTXXXTTT,False,-864847.0,49135153.0,16,14,53.3,49135153.0,154,,SIDEWAY,,0.8649,True,False,XTTTTTTXXXTTT,TTXTTTTXXTTTTTTXXXTTT,,,,,,,CLUSTERING (BET),NORMAL,Bet T dang chay 3 ván liên tiếp,CONFIRMED,BET,TAI,0.611,,0.9659,3,False,,,,,,,,FOLLOW,TAI,"[ADAPTIVE-HOLD] p̂=65.1% n_eff=5.6 (chưa đủ bằng chứng để đảo, |flip_score|<0.9) → size 100%.",False,0,
2026-08-19,2026-08-19 04:58:24,04:58:24,3121528,TTTTTTXXXTTTT,4T,TAI,380550,SNIPER_LOW,[BET] p=57.5% ≥ θ=57.5%. Hướng T.,58,5-2-5,12,TAI,WIN,True,372939,18.20500646203879,0.0,0.0,18.20500646203879,XIU,False,True,,48.7323,50.0,49508092.0,-491908.0,-0.983816,54.83870967741935,17,14,6,0,5.3,5.3,False,False,False,0,15000000.0,-3.3,0,65000000,50000000.0,False,False,False,False,False,0.0,0.0,NEUTRAL,TXTTTTXXTTTTTTXXXTTTT,False,-491908.0,49508092.0,17,14,54.8,49508092.0,155,,SIDEWAY,,0.4067,False,False,TTTTTTXXXTTTT,TXTTTTXXTTTTTTXXXTTTT,,,,,,,CLUSTERING (BET),NORMAL,Bet T dang chay 4 ván liên tiếp,CONFIRMED,BET,TAI,0.5753,,0.9425,7,False,,,,,,,,FOLLOW,TAI,"[ADAPTIVE-HOLD] p̂=68.1% n_eff=6.0 (chưa đủ bằng chứng để đảo, |flip_score|<0.9) → size 100%.",False,0,
2026-08-19,2026-08-19 04:59:35,04:59:35,3121529,TTTTTXXXTTTTT,5T,—,0,SKIP,"[NGƯỠNG] p=59.6% < θ=59.6% (Coh=0.92, Act=9) → SKIP.",0,6-4-3,13,TAI,SKIP,False,0,2.1172523076246534,0.0,0.0,2.1172523076246534,XIU,False,True,,905.8298,50.0,49508092.0,-491908.0,-0.983816,54.83870967741935,17,14,6,0,5.3,5.3,False,False,False,0,15000000.0,-3.3,0,65000000,50000000.0,False,False,False,False,False,0.0,0.0,NEUTRAL,XTTTTXXTTTTTTXXXTTTTT,False,-491908.0,49508092.0,17,14,54.8,49508092.0,156,"[NGƯỠNG] p=59.6% < θ=59.6% (Coh=0.92, Act=9) → SKIP.",SIDEWAY,,0.8833,True,False,TTTTTXXXTTTTT,XTTTTXXTTTTTTXXXTTTTT,,,,,,,CLUSTERING (BET),NORMAL,Bet T dang chay 5 ván liên tiếp,CONFIRMED,BET,TAI,0.5964,,0.9192,9,False,,,,,,,,,,,False,0,
2026-08-19,2026-08-19 05:00:46,05:00:46,3121530,TTTTXXXTTTTTT,6T,XIU,601800,SNIPER_MID,"[FADE-BỆT] sc=6T ≥6 → đảo bám cầu, đánh X",62,6-5-6,17,TAI,LOSS,False,-601800,31.56623285640065,0.0,0.0,31.56623285640065,XIU,False,True,,47.6782,50.0,48906292.0,-1093708.0,-2.187416,53.125,17,15,0,1,2.2,5.3,False,False,False,0,15000000.0,-7.3,0,65000000,50000000.0,False,False,False,False,False,0.0,0.0,NEUTRAL,TTTTXXTTTTTTXXXTTTTTT,False,-1093708.0,48906292.0,17,15,53.1,48906292.0,157,,UP (TAI),,0.4962,True,False,TTTTXXXTTTTTT,TTTTXXTTTTTTXXXTTTTTT,,,,,,,CLUSTERING (BET),NORMAL,Bet T dang chay 6 ván liên tiếp,CONFIRMED,BET,TAI,0.6184,,0.8858,9,False,,,,,,,,FOLLOW,XIU,"[ADAPTIVE-HOLD] p̂=75.6% n_eff=7.5 (chưa đủ bằng chứng để đảo, |flip_score|<0.9) → size 100%.",False,0,
2026-08-19,2026-08-19 05:01:57,05:01:57,3121531,TTTXXXTTTTTTT,7T,XIU,485685,SNIPER_MID,"[FADE-BỆT] sc=7T ≥6 → đảo bám cầu, đánh X",66,6-4-5,15,TAI,LOSS,False,-485685,19.11961080281562,0.0,0.0,19.11961080281562,XIU,False,True,,57.97,50.0,48420607.0,-1579393.0,-3.158786,51.515151515151516,17,16,0,2,3.2,5.3,False,False,False,0,15000000.0,-10.5,0,65000000,50000000.0,False,False,False,False,False,0.0,0.0,NEUTRAL,TTTXXTTTTTTXXXTTTTTTT,False,-1579393.0,48420607.0,17,16,51.5,48420607.0,158,,UP (TAI),,0.8966,True,False,TTTXXXTTTTTTT,TTTXXTTTTTTXXXTTTTTTT,,,,,,,CLUSTERING (BET),NORMAL,Bet T dang chay 7 ván liên tiếp,CONFIRMED,BET,TAI,0.6606,,0.924,10,False,,,,,,,,FOLLOW,XIU,"[ADAPTIVE-HOLD] p̂=65.9% n_eff=7.0 (chưa đủ bằng chứng để đảo, |flip_score|<0.9) → size 100%.",False,0,
2026-08-19,2026-08-19 05:03:08,05:03:08,3121532,TTXXXTTTTTTTT,8T,XIU,394593,SNIPER_MID,"[FADE-BỆT] sc=8T ≥6 → đảo bám cầu, đánh X",67,2-2-5,9,XIU,WIN,True,386701,9.315733612060315,0.0,0.0,9.315733612060315,XIU,False,True,,88.5741,50.0,48807308.0,-1192692.0,-2.385384,52.94117647058824,18,16,1,0,3.2,5.3,False,False,False,0,15000000.0,-8.0,0,65000000,50000000.0,False,False,False,False,False,0.0,0.0,NEUTRAL,TTXXTTTTTTXXXTTTTTTTT,False,-1192692.0,48807308.0,18,16,52.9,48807308.0,159,,SIDEWAY,,0.8785,True,False,TTXXXTTTTTTTT,TTXXTTTTTTXXXTTTTTTTT,,,,,,,CLUSTERING (BET),NORMAL,Bet T dang chay 8 ván liên tiếp,CONFIRMED,BET,TAI,0.6665,,0.914,10,False,,,,,,,,FOLLOW,XIU,"[ADAPTIVE-HOLD] p̂=61.7% n_eff=7.5 (chưa đủ bằng chứng để đảo, |flip_score|<0.9) → size 100%.",False,0,
2026-08-19,2026-08-19 05:04:19,05:04:19,3121533,TXXXTTTTTTTTX,1X,—,0,SKIP,"[NGƯỠNG] p=62.4% < θ=65.7% (Coh=0.50, Act=2) → SKIP.",0,3-4-3,10,XIU,SKIP,False,0,16.698817343360258,0.0,0.0,16.698817343360258,XIU,False,True,,867.6069,50.0,48807308.0,-1192692.0,-2.385384,52.94117647058824,18,16,1,0,3.2,5.3,False,False,False,0,15000000.0,-8.0,0,65000000,50000000.0,False,False,False,False,False,0.0,0.0,NEUTRAL,TXXTTTTTTXXXTTTTTTTTX,False,-1192692.0,48807308.0,18,16,52.9,48807308.0,160,"[NGƯỠNG] p=62.4% < θ=65.7% (Coh=0.50, Act=2) → SKIP.",DOWN (XIU),,0.1946,True,False,TXXXTTTTTTTTX,TXXTTTTTTXXXTTTTTTTTX,,,,,,,CLUSTERING (BET),NORMAL,Nghiêng T 4/5 phiên gần nhất,CONFIRMED,BET,TAI,0.6237,,0.4997,2,False,,,,,,,,,,,False,0,
2026-08-19,2026-08-19 05:05:30,05:05:30,3121534,XXXTTTTTTTTXX,2X,—,0,SKIP,"[NGƯỠNG] p=50.0% < θ=67.9% (Coh=0.00, Act=0) → SKIP.",0,6-5-4,15,TAI,SKIP,False,0,2.939489283894714,0.0,0.0,2.939489283894714,TAI,False,True,,1040.1251,50.0,48807308.0,-1192692.0,-2.385384,52.94117647058824,18,16,1,0,3.2,5.3,False,False,False,0,15000000.0,-8.0,0,65000000,50000000.0,False,False,False,False,False,0.0,0.0,NEUTRAL,XXTTTTTTXXXTTTTTTTTXX,False,-1192692.0,48807308.0,18,16,52.9,48807308.0,161,"[NGƯỠNG] p=62.4% < θ=65.7% (Coh=0.50, Act=2) → SKIP., [NGƯỠNG] p=50.0% < θ=67.9% (Coh=0.00, Act=0) → SKIP.",SIDEWAY,,0.5283,False,False,XXXTTTTTTTTXX,XXTTTTTTXXXTTTTTTTTXX,,,,,,,CLUSTERING (BET),POOR,Nghiêng T 5/7 phiên gần nhất,CONFIRMED,ABSTAIN,TAI,0.5,,0.0,0,False,,,,,,,,,,,False,0,
2026-08-19,2026-08-19 05:06:41,05:06:41,3121535,XXTTTTTTTTXXT,1T,—,0,SKIP,"[NGƯỠNG] p=52.4% < θ=61.0% (Coh=0.93, Act=4) → SKIP.",0,6-4-2,12,TAI,SKIP,False,0,24.87630050200645,0.0,0.0,24.87630050200645,TAI,False,True,,1026.2388,50.0,48807308.0,-1192692.0,-2.385384,52.94117647058824,18,16,1,0,3.2,5.3,False,False,False,0,15000000.0,-8.0,0,65000000,50000000.0,False,False,False,False,False,0.0,0.0,NEUTRAL,XTTTTTTXXXTTTTTTTTXXT,False,-1192692.0,48807308.0,18,16,52.9,48807308.0,162,"[NGƯỠNG] p=62.4% < θ=65.7% (Coh=0.50, Act=2) → SKIP., [NGƯỠNG] p=50.0% < θ=67.9% (Coh=0.00, Act=0) → SKIP., [NGƯỠNG] p=52.4% < θ=61.0% (Coh=0.93, Act=4) → SKIP.",UP (TAI),,0.7402,False,False,XXTTTTTTTTXXT,XTTTTTTXXXTTTTTTTTXXT,,,,,,,CLUSTERING (BET),NORMAL,Nghiêng T 5/7 phiên gần nhất,CONFIRMED,BET,XIU,0.5238,,0.9339,4,False,,,,,,,,,,,False,0,
2026-08-19,2026-08-19 05:07:52,05:07:52,3121536,XTTTTTTTTXXTT,2T,—,0,SKIP,"[NGƯỠNG] p=58.5% < θ=59.6% (Coh=0.96, Act=4) → SKIP.",0,1-2-2,5,XIU,SKIP,False,0,20.900829341316587,0.0,0.0,20.900829341316587,TAI,False,True,,1035.0777,50.0,48807308.0,-1192692.0,-2.385384,52.94117647058824,18,16,1,0,3.2,5.3,False,False,False,0,15000000.0,-8.0,0,65000000,50000000.0,False,False,False,False,False,0.0,0.0,NEUTRAL,TTTTTTXXXTTTTTTTTXXTT,False,-1192692.0,48807308.0,18,16,52.9,48807308.0,163,"[NGƯỠNG] p=50.0% < θ=67.9% (Coh=0.00, Act=0) → SKIP., [NGƯỠNG] p=52.4% < θ=61.0% (Coh=0.93, Act=4) → SKIP., [NGƯỠNG] p=58.5% < θ=59.6% (Coh=0.96, Act=4) → SKIP.",SIDEWAY,,0.6229,True,False,XTTTTTTTTXXTT,TTTTTTXXXTTTTTTTTXXTT,,,,,,,CLUSTERING (BET),NORMAL,Nghiêng T 5/7 phiên gần nhất,CONFIRMED,BET,TAI,0.5848,,0.9639,4,False,,,,,,,,,,,False,0,
2026-08-19,2026-08-19 05:09:03,05:09:03,3121537,TTTTTTTTXXTTX,1X,XIU,510806,SNIPER_MID,[BẮT RÁC] online fadeWR=0.48 followWR=0.42 nF=13 nFo=0 sc=1 | đu NGHIENG_10. Lật → X,64,5-1-3,9,XIU,WIN,True,500590,35.042087509240126,0.0,0.0,35.042087509240126,TAI,False,True,,307.0006,50.0,49307897.0,-692103.0,-1.384206,54.285714285714285,19,16,2,0,3.2,5.3,False,False,False,0,15000000.0,-4.6,0,65000000,50000000.0,False,False,False,False,False,0.0,0.0,NEUTRAL,TTTTTXXXTTTTTTTTXXTTX,False,-692103.0,49307897.0,19,16,54.3,49307897.0,164,,DOWN (XIU),,0.1287,False,False,TTTTTTTTXXTTX,TTTTTXXXTTTTTTTTXXTTX,,,,,,,CHOPPY (RAC),NORMAL,Nghiêng T 7/10 phiên gần nhất,CONFIRMED,BET,XIU,0.63,,0.5,2,False,,,,,,,,FOLLOW,XIU,"[ADAPTIVE-HOLD] p̂=49.0% n_eff=10.6 (chưa đủ bằng chứng để đảo, |flip_score|<0.9) → size 97%.",False,0,
2026-08-19,2026-08-19 05:10:14,05:10:14,3121538,TTTTTTTXXTTXX,2X,—,0,SKIP,[BẺ CHẶN] Có trap/micro nhưng n_act=2<3 → SKIP.,0,5-5-1,11,TAI,SKIP,False,0,2.7103016197640732,0.0,0.0,2.7103016197640732,TAI,False,True,,1058.2433,50.0,49307897.0,-692103.0,-1.384206,54.285714285714285,19,16,2,0,3.2,5.3,False,False,False,0,15000000.0,-4.6,0,65000000,50000000.0,False,False,False,False,False,0.0,0.0,NEUTRAL,TTTTXXXTTTTTTTTXXTTXX,False,-692103.0,49307897.0,19,16,54.3,49307897.0,165,[BẺ CHẶN] Có trap/micro nhưng n_act=2<3 → SKIP.,SIDEWAY,,0.5314,True,True,TTTTTTTXXTTXX,TTTTXXXTTTTTTTTXXTTXX,,,,,,,CLUSTERING (BET),NORMAL,"Motif 'TTXX' (chu kỳ 4) đang lặp lại, đã thấy 8 phiên khớp",CONFIRMED,BET,TAI,0.67,,0.5,2,False,,,,,,,,,,,False,0,
2026-08-19,2026-08-19 05:11:25,05:11:25,3121539,TTTTTTXXTTXXT,1T,XIU,342210,SNIPER_LOW,[BẮT RÁC] online fadeWR=0.51 followWR=0.42 nF=14 nFo=0 sc=1 | đu PERIOD. Lật → X [DRIFT -1 bậc],64,2-6-1,9,XIU,WIN,True,335366,68.0266507771769,0.0,0.0,68.0266507771769,TAI,False,True,,63.0589,50.0,49643262.0,-356738.0,-0.713476,55.55555555555556,20,16,3,0,3.2,5.3,False,False,False,0,15000000.0,-2.4,0,65000000,50000000.0,False,False,False,False,False,0.0,0.0,NEUTRAL,TTTXXXTTTTTTTTXXTTXXT,False,-356738.0,49643262.0,20,16,55.6,49643262.0,166,,UP (TAI),,0.7743,True,True,TTTTTTXXTTXXT,TTTXXXTTTTTTTTXXTTXXT,,,,,,,CHOPPY (RAC),NORMAL,"Motif 'TXXT' (chu kỳ 4) đang lặp lại, đã thấy 9 phiên khớp",CONFIRMED,BET,TAI,0.6691,,0.9969,3,False,,,,,,,,FOLLOW,XIU,"[ADAPTIVE-HOLD] p̂=51.3% n_eff=9.1 (chưa đủ bằng chứng để đảo, |flip_score|<0.9) → size 100%.",False,0,
2026-08-19,2026-08-19 05:12:36,05:12:36,3121540,TTTTTXXTTXXTX,1X,—,0,SKIP,"[NGƯỠNG] p=50.0% < θ=68.9% (Coh=0.00, Act=0) → SKIP.",0,2-6-1,9,XIU,SKIP,False,0,11.34720996705757,0.0,0.0,11.34720996705757,XIU,False,True,,1158.0254,50.0,49643262.0,-356738.0,-0.713476,55.55555555555556,20,16,3,0,3.2,5.3,False,False,False,0,15000000.0,-2.4,0,65000000,50000000.0,False,False,False,False,False,0.0,0.0,NEUTRAL,TTXXXTTTTTTTTXXTTXXTX,False,-356738.0,49643262.0,20,16,55.6,49643262.0,167,"[NGƯỠNG] p=50.0% < θ=68.9% (Coh=0.00, Act=0) → SKIP.",SIDEWAY,,0.1719,False,False,TTTTTXXTTXXTX,TTXXXTTTTTTTTXXTTXXTX,,,,,,,CHOPPY (RAC),POOR,"Motif 'XTTXXTX' (chu kỳ 7) đang lặp lại, đã thấy 9 phiên khớp",FORMING,ABSTAIN,TAI,0.5,,0.0,0,False,,,,,,,,,,,False,0,
2026-08-19,2026-08-19 05:13:47,05:13:47,3121541,TTTTXXTTXXTXX,2X,TAI,521959,SNIPER_MID,"[BẺ→BÁM] micro=PERSISTENT lag1=+0.36 → không phá PERIOD, bám T",64,5-3-5,13,TAI,WIN,True,511520,51.06953862991875,0.0,0.0,51.06953862991875,TAI,False,True,,39.5296,50.0,50154781.0,154781.0,0.309562,56.75675675675676,21,16,4,0,0.0,5.3,False,False,False,0,15000000.0,1.0,0,65000000,50000000.0,False,False,False,False,False,0.0,0.0,NEUTRAL,TXXXTTTTTTTTXXTTXXTXX,False,154781.0,50154781.0,21,16,56.8,50154781.0,168,,SIDEWAY,,0.178,True,False,TTTTXXTTXXTXX,TXXXTTTTTTTTXXTTXXTXX,,,,,,,CHOPPY (RAC),POOR,"Motif 'TXX' (chu kỳ 3) đang lặp lại, đã thấy 6 phiên khớp",CONFIRMED,BET,TAI,0.6186,,0.9152,5,False,,,,,,,,REDUCE_SIZE,TAI,"[ADAPTIVE-HOLD] p̂=44.7% n_eff=8.8 (chưa đủ bằng chứng để đảo, |flip_score|<0.9) → size 86%.",False,0,
2026-08-19,2026-08-19 05:14:58,05:14:58,3121542,TTTXXTTXXTXXT,1T,TAI,615075,SNIPER_MID,[BẮT RÁC] online fadeWR=0.53 followWR=0.42 nF=15 nFo=0 sc=1 | đu PERIOD. Lật → T,64,1-3-6,10,XIU,LOSS,False,-615075,71.17612154058784,0.0,0.0,71.17612154058784,XIU,False,True,,210.6084,50.0,49539706.0,-460294.0,-0.920588,55.26315789473685,21,17,0,1,1.2,5.3,False,False,False,0,15000000.0,-3.1,0,65000000,50000000.0,False,False,False,False,False,0.0,0.0,NEUTRAL,XXXTTTTTTTTXXTTXXTXXT,False,-460294.0,49539706.0,21,17,55.3,49539706.0,169,,UP (TAI),,0.682,True,False,TTTXXTTXXTXXT,XXXTTTTTTTTXXTTXXTXXT,,,,,,,CHOPPY (RAC),POOR,"Motif 'XXT' (chu kỳ 3) đang lặp lại, đã thấy 7 phiên khớp",CONFIRMED,BET,XIU,0.6247,,0.8976,4,False,,,,,,,,FOLLOW,TAI,"[ADAPTIVE-HOLD] p̂=61.8% n_eff=10.7 (chưa đủ bằng chứng để đảo, |flip_score|<0.9) → size 100%.",False,0,
2026-08-19,2026-08-19 05:16:09,05:16:09,3121543,TTXXTTXXTXXTX,1X,XIU,721762,SNIPER_HIGH,[BET] p=70.5% ≥ θ=61.0%. Hướng X.,70,6-4-3,13,TAI,LOSS,False,-721762,36.69690957398094,0.0,0.0,36.69690957398094,XIU,False,True,,40.7826,50.0,48817944.0,-1182056.0,-2.364112,53.84615384615385,21,18,0,2,2.7,5.3,False,False,False,0,15000000.0,-7.9,0,65000000,50000000.0,False,False,False,False,False,0.0,0.0,NEUTRAL,XXTTTTTTTTXXTTXXTXXTX,False,-1182056.0,48817944.0,21,18,53.8,48817944.0,170,,SIDEWAY,,0.7277,True,False,TTXXTTXXTXXTX,XXTTTTTTTTXXTTXXTXXTX,,,,,,,ALTERNATING (NHAY),POOR,"Motif 'XTX' (chu kỳ 3) đang lặp lại, đã thấy 8 phiên khớp",CONFIRMED,BET,XIU,0.7049,,0.9867,4,False,,,,,,,,FOLLOW,XIU,"[ADAPTIVE-HOLD] p̂=57.9% n_eff=5.6 (chưa đủ bằng chứng để đảo, |flip_score|<0.9) → size 100%.",False,0,
2026-08-19,2026-08-19 05:17:20,05:17:20,3121544,TXXTTXXTXXTXT,1T,—,0,SKIP,"[NGƯỠNG] p=50.0% < θ=68.0% (Coh=0.00, Act=0) → SKIP.",0,1-4-3,8,XIU,SKIP,False,0,29.550719681110742,0.0,0.0,29.550719681110742,XIU,False,True,,1053.8259,50.0,48817944.0,-1182056.0,-2.364112,53.84615384615385,21,18,0,2,2.7,5.3,False,False,False,0,15000000.0,-7.9,0,65000000,50000000.0,False,False,False,False,False,0.0,0.0,NEUTRAL,XTTTTTTTTXXTTXXTXXTXT,False,-1182056.0,48817944.0,21,18,53.8,48817944.0,171,"[NGƯỠNG] p=50.0% < θ=68.0% (Coh=0.00, Act=0) → SKIP.",SIDEWAY,,0.7398,False,False,TXXTTXXTXXTXT,XTTTTTTTTXXTTXXTXXTXT,,,,,,,ALTERNATING (NHAY),POOR,"Motif 'TXXTXXTXT' (chu kỳ 9) đang lặp lại, đã thấy 11 phiên khớp",FORMING,ABSTAIN,TAI,0.5,,0.0,0,False,,,,,,,,,,,False,0,
2026-08-19,2026-08-19 05:18:31,05:18:31,3121545,XXTTXXTXXTXTX,1X,—,0,SKIP,"[NGƯỠNG] p=50.8% < θ=61.0% (Coh=0.90, Act=3) → SKIP.",0,4-3-1,8,XIU,SKIP,False,0,1.769126443730799,0.0,0.0,1.769126443730799,XIU,False,True,,1144.7692,50.0,48817944.0,-1182056.0,-2.364112,53.84615384615385,21,18,0,2,2.7,5.3,False,False,False,0,15000000.0,-7.9,0,65000000,50000000.0,False,False,False,False,False,0.0,0.0,NEUTRAL,TTTTTTTTXXTTXXTXXTXTX,False,-1182056.0,48817944.0,21,18,53.8,48817944.0,172,"[NGƯỠNG] p=50.0% < θ=68.0% (Coh=0.00, Act=0) → SKIP., [NGƯỠNG] p=50.8% < θ=61.0% (Coh=0.90, Act=3) → SKIP.",SIDEWAY,,0.6173,True,False,XXTTXXTXXTXTX,TTTTTTTTXXTTXXTXXTXTX,,,,,,,ALTERNATING (NHAY),NORMAL,"Motif 'XTXXTXTX' (chu kỳ 8) đang lặp lại, đã thấy 10 phiên khớp",FORMING,BET,TAI,0.5085,,0.8976,3,False,,,,,,,,,,,False,0,
2026-08-19,2026-08-19 05:19:42,05:19:42,3121546,XTTXXTXXTXTXX,2X,TAI,508875,SNIPER_MID,[BET] p=66.2% ≥ θ=60.0%. Hướng T.,66,1-4-1,6,XIU,LOSS,False,-508875,62.652858153932414,0.0,0.0,62.652858153932414,TAI,False,True,,53.0538,50.0,48309069.0,-1690931.0,-3.381862,52.5,21,19,0,3,3.7,5.3,False,False,False,0,15000000.0,-11.3,0,65000000,50000000.0,False,False,False,False,False,0.0,0.0,NEUTRAL,TTTTTTTXXTTXXTXXTXTXX,False,-1690931.0,48309069.0,21,19,52.5,48309069.0,173,,SIDEWAY,,0.6044,True,False,XTTXXTXXTXTXX,TTTTTTTXXTTXXTXXTXTXX,,,,,,,ALTERNATING (NHAY),NORMAL,Nghiêng X 5/7 phiên gần nhất,CONFIRMED,BET,TAI,0.6615,,0.9894,3,False,,,,,,,,FOLLOW,TAI,"[ADAPTIVE-HOLD] p̂=52.2% n_eff=6.1 (chưa đủ bằng chứng để đảo, |flip_score|<0.9) → size 100%.",False,0,
2026-08-19,2026-08-19 05:20:53,05:20:53,3121547,TTXXTXXTXTXXX,3X,XIU,244105,SNIPER_LOW,[BET] p=61.4% ≥ θ=60.0%. Hướng X.,61,6-2-5,13,TAI,LOSS,False,-244105,13.697237983060754,0.0,0.0,13.697237983060754,TAI,False,True,,60.1276,50.0,48064964.0,-1935036.0,-3.870072,51.21951219512195,21,20,0,4,4.2,5.3,False,False,False,0,15000000.0,-12.9,0,65000000,50000000.0,False,False,False,False,False,0.0,0.0,NEUTRAL,TTTTTTXXTTXXTXXTXTXXX,False,-1935036.0,48064964.0,21,20,51.2,48064964.0,174,,DOWN (XIU),,0.2342,False,False,TTXXTXXTXTXXX,TTTTTTXXTTXXTXXTXTXXX,,,,,,,ALTERNATING (NHAY),NORMAL,Bet X dang chay 3 ván liên tiếp,CONFIRMED,BET,XIU,0.6142,,0.9872,6,False,,,,,,,,REDUCE_SIZE,XIU,"[ADAPTIVE-HOLD] p̂=47.5% n_eff=6.5 (chưa đủ bằng chứng để đảo, |flip_score|<0.9) → size 93%.",False,0,
2026-08-19,2026-08-19 05:22:04,05:22:04,3121548,TXXTXXTXTXXXT,1T,XIU,231983,SNIPER_MID,[BET] p=65.0% ≥ θ=63.9%. Hướng X.,65,2-3-4,9,XIU,WIN,True,227343,20.545956808415752,0.0,0.0,20.545956808415752,XIU,False,True,,77.9371,50.0,48292307.0,-1707693.0,-3.4153860000000003,52.38095238095239,22,20,1,0,4.2,5.3,False,False,False,0,15000000.0,-11.4,0,65000000,50000000.0,False,False,False,False,False,0.0,0.0,NEUTRAL,TTTTTXXTTXXTXXTXTXXXT,False,-1707693.0,48292307.0,22,20,52.4,48292307.0,175,,SIDEWAY,,0.5396,True,False,TXXTXXTXTXXXT,TTTTTXXTTXXTXXTXTXXXT,,,,,,,ALTERNATING (NHAY),NORMAL,"Motif 'XXTXTXXXT' (chu kỳ 9) đang lặp lại, đã thấy 12 phiên khớp",FORMING,BET,XIU,0.65,,0.5,2,False,,,,,,,,REDUCE_SIZE,XIU,"[ADAPTIVE-HOLD] p̂=43.5% n_eff=7.0 (chưa đủ bằng chứng để đảo, |flip_score|<0.9) → size 83%.",False,0,
2026-08-19,2026-08-19 05:23:15,05:23:15,3121549,XXTXXTXTXXXTX,1X,—,0,SKIP,"[NGƯỠNG] p=53.8% < θ=61.2% (Coh=0.81, Act=4) → SKIP.",0,1-4-1,6,XIU,SKIP,False,0,32.150431836309934,0.0,0.0,32.150431836309934,XIU,False,True,,1180.3198,50.0,48292307.0,-1707693.0,-3.4153860000000003,52.38095238095239,22,20,1,0,4.2,5.3,False,False,False,0,15000000.0,-11.4,0,65000000,50000000.0,False,False,False,False,False,0.0,0.0,NEUTRAL,TTTTXXTTXXTXXTXTXXXTX,False,-1707693.0,48292307.0,22,20,52.4,48292307.0,176,"[NGƯỠNG] p=53.8% < θ=61.2% (Coh=0.81, Act=4) → SKIP.",SIDEWAY,,0.5592,True,False,XXTXXTXTXXXTX,TTTTXXTTXXTXXTXTXXXTX,,,,,,,ALTERNATING (NHAY),NORMAL,Nghiêng X 4/5 phiên gần nhất,CONFIRMED,BET,XIU,0.5385,,0.8131,4,False,,,,,,,,,,,False,0,
2026-08-19,2026-08-19 05:24:26,05:24:26,3121550,XTXXTXTXXXTXX,2X,XIU,450745,SNIPER_MID,"[BẺ→BÁM] micro=NEUTRAL lag1=+0.08 → không phá PERIOD, bám X",64,1-2-4,7,XIU,WIN,True,441730,14.662091649577883,0.0,0.0,14.662091649577883,XIU,False,True,,72.5115,50.0,48734037.0,-1265963.0,-2.531926,53.48837209302325,23,20,2,0,4.2,5.3,False,False,False,0,15000000.0,-8.4,0,65000000,50000000.0,False,False,False,False,False,0.0,0.0,NEUTRAL,TTTXXTTXXTXXTXTXXXTXX,False,-1265963.0,48734037.0,23,20,53.5,48734037.0,177,,DOWN (XIU),,0.4233,True,False,XTXXTXTXXXTXX,TTTXXTTXXTXXTXTXXXTXX,,,,,,,CHOPPY (RAC),NORMAL,"Motif 'XTXX' (chu kỳ 4) đang lặp lại, đã thấy 8 phiên khớp",CONFIRMED,BET,XIU,0.6319,,0.9992,5,False,,,,,,,,REDUCE_SIZE,XIU,"[ADAPTIVE-HOLD] p̂=44.8% n_eff=7.8 (chưa đủ bằng chứng để đảo, |flip_score|<0.9) → size 86%.",False,0,
2026-08-19,2026-08-19 05:25:37,05:25:37,3121551,TXXTXTXXXTXXX,3X,TAI,574077,SNIPER_MID,"[BẺ→BÁM] micro=NEUTRAL lag1=+0.08 → không phá PERIOD, bám T",64,2-6-5,13,TAI,WIN,True,562595,57.523239624053616,0.0,0.0,57.523239624053616,TAI,False,True,,59.1382,50.0,49296632.0,-703368.0,-1.406736,54.54545454545454,24,20,3,0,4.2,5.3,False,False,False,0,15000000.0,-4.7,0,65000000,50000000.0,False,False,False,False,False,0.0,0.0,NEUTRAL,TTXXTTXXTXXTXTXXXTXXX,False,-703368.0,49296632.0,24,20,54.5,49296632.0,178,,SIDEWAY,,0.4477,True,False,TXXTXTXXXTXXX,TTXXTTXXTXXTXTXXXTXXX,,,,,,,CHOPPY (RAC),NORMAL,"Motif 'TXXX' (chu kỳ 4) đang lặp lại, đã thấy 9 phiên khớp",CONFIRMED,BET,XIU,0.6131,,0.9376,6,False,,,,,,,,REDUCE_SIZE,TAI,"[ADAPTIVE-HOLD] p̂=48.5% n_eff=8.3 (chưa đủ bằng chứng để đảo, |flip_score|<0.9) → size 96%.",False,0,
2026-08-19,2026-08-19 05:26:48,05:26:48,3121552,XXTXTXXXTXXXT,1T,TAI,601800,SNIPER_MID,[BẮT RÁC] online fadeWR=0.50 followWR=0.42 nF=16 nFo=0 sc=1 | đu PERIOD. Lật → T,64,1-5-4,10,XIU,LOSS,False,-601800,91.64525630330942,0.0,0.0,91.64525630330942,XIU,False,True,,302.6805,50.0,48694832.0,-1305168.0,-2.6103359999999998,53.333333333333336,24,21,0,1,2.9,5.3,False,False,False,0,15000000.0,-8.7,0,65000000,50000000.0,False,False,False,False,False,0.0,0.0,NEUTRAL,TXXTTXXTXXTXTXXXTXXXT,False,-1305168.0,48694832.0,24,21,53.3,48694832.0,179,,UP (TAI),,0.5062,True,False,XXTXTXXXTXXXT,TXXTTXXTXXTXTXXXTXXXT,,,,,,,CHOPPY (RAC),NORMAL,"Motif 'XXXT' (chu kỳ 4) đang lặp lại, đã thấy 10 phiên khớp",CONFIRMED,BET,XIU,0.6849,,0.4969,2,False,,,,,,,,FOLLOW,TAI,"[ADAPTIVE-HOLD] p̂=51.0% n_eff=12.9 (chưa đủ bằng chứng để đảo, |flip_score|<0.9) → size 100%.",False,0,
2026-08-19,2026-08-19 05:27:59,05:27:59,3121553,XTXTXXXTXXXTX,1X,TAI,464447,SNIPER_MID,[BẮT RÁC] online fadeWR=0.48 followWR=0.42 nF=17 nFo=0 sc=1 | đu PERIOD. Lật → T,64,3-5-5,13,TAI,WIN,True,455158,80.68019095403368,0.0,0.0,80.68019095403368,XIU,False,True,,61.0876,50.0,49149990.0,-850010.0,-1.70002,54.347826086956516,25,21,1,0,2.9,5.3,False,False,False,0,15000000.0,-5.7,0,65000000,50000000.0,False,False,False,False,False,0.0,0.0,NEUTRAL,XXTTXXTXXTXTXXXTXXXTX,False,-850010.0,49149990.0,25,21,54.3,49149990.0,180,,SIDEWAY,,0.5266,True,False,XTXTXXXTXXXTX,XXTTXXTXXTXTXXXTXXXTX,,,,,,,CHOPPY (RAC),NORMAL,"Motif 'XXTX' (chu kỳ 4) đang lặp lại, đã thấy 11 phiên khớp",CONFIRMED,BET,XIU,0.5346,,0.7944,4,False,,,,,,,,REDUCE_SIZE,TAI,"[ADAPTIVE-HOLD] p̂=43.1% n_eff=14.3 (chưa đủ bằng chứng để đảo, |flip_score|<0.9) → size 82%.",False,0,
2026-08-19,2026-08-19 05:29:10,05:29:10,3121554,TXTXXXTXXXTXT,1T,—,0,SKIP,"[NGƯỠNG] p=50.0% < θ=71.9% (Coh=0.00, Act=0) → SKIP.",0,3-5-6,14,TAI,SKIP,False,0,9.513342645748333,0.0,0.0,9.513342645748333,TAI,False,True,,1273.4083,50.0,49149990.0,-850010.0,-1.70002,54.347826086956516,25,21,1,0,2.9,5.3,False,False,False,0,15000000.0,-5.7,0,65000000,50000000.0,False,False,False,False,False,0.0,0.0,NEUTRAL,XTTXXTXXTXTXXXTXXXTXT,False,-850010.0,49149990.0,25,21,54.3,49149990.0,181,"[NGƯỠNG] p=50.0% < θ=71.9% (Coh=0.00, Act=0) → SKIP.",SIDEWAY,,0.3336,False,False,TXTXXXTXXXTXT,XTTXXTXXTXTXXXTXXXTXT,,,,,,,CHOPPY (RAC),POOR,Nghiêng X 7/10 phiên gần nhất,CONFIRMED,ABSTAIN,TAI,0.5,,0.0,0,False,,,,,,,,,,,False,0,
2026-08-19,2026-08-19 05:30:21,05:30:21,3121555,XTXXXTXXXTXTT,2T,—,0,SKIP,"[NGƯỠNG] p=50.0% < θ=71.9% (Coh=0.00, Act=0) → SKIP.",0,5-3-1,9,XIU,SKIP,False,0,8.147374738375024,0.0,0.0,8.147374738375024,XIU,False,True,,997.6179,50.0,49149990.0,-850010.0,-1.70002,54.347826086956516,25,21,1,0,2.9,5.3,False,False,False,0,15000000.0,-5.7,0,65000000,50000000.0,False,False,False,False,False,0.0,0.0,NEUTRAL,TTXXTXXTXTXXXTXXXTXTT,False,-850010.0,49149990.0,25,21,54.3,49149990.0,182,"[NGƯỠNG] p=50.0% < θ=71.9% (Coh=0.00, Act=0) → SKIP., [NGƯỠNG] p=50.0% < θ=71.9% (Coh=0.00, Act=0) → SKIP.",UP (TAI),,0.4636,False,False,XTXXXTXXXTXTT,TTXXTXXTXTXXXTXXXTXTT,,,,,,,CHOPPY (RAC),POOR,Mới 2 ván T liên tiếp — có thể đang hình thành bệt,FORMING,ABSTAIN,TAI,0.5,,0.0,0,False,,,,,,,,,,,False,0,
2026-08-19,2026-08-19 05:31:32,05:31:32,3121556,TXXXTXXXTXTTX,1X,—,0,SKIP,"[NGƯỠNG] p=63.8% < θ=64.0% (Coh=1.00, Act=4) → SKIP.",0,2-3-2,7,XIU,SKIP,False,0,11.659390093718267,0.0,0.0,11.659390093718267,TAI,False,True,,1160.165,50.0,49149990.0,-850010.0,-1.70002,54.347826086956516,25,21,1,0,2.9,5.3,False,False,False,0,15000000.0,-5.7,0,65000000,50000000.0,False,False,False,False,False,0.0,0.0,NEUTRAL,TXXTXXTXTXXXTXXXTXTTX,False,-850010.0,49149990.0,25,21,54.3,49149990.0,183,"[NGƯỠNG] p=50.0% < θ=71.9% (Coh=0.00, Act=0) → SKIP., [NGƯỠNG] p=50.0% < θ=71.9% (Coh=0.00, Act=0) → SKIP., [NGƯỠNG] p=63.8% < θ=64.0% (Coh=1.00, Act=4) → SKIP.",SIDEWAY,,0.4839,False,False,TXXXTXXXTXTTX,TXXTXXTXTXXXTXXXTXTTX,,,,,,,ALTERNATING (NHAY),NORMAL,Khớp đúng mẫu tăng giảm 1-2-1 ở 3 đoạn gần nhất,CONFIRMED,BET,TAI,0.6385,,0.9982,4,False,,,,,,,,,,,False,0,
2026-08-19,2026-08-19 05:32:43,05:32:43,3121557,XXXTXXXTXTTXX,2X,TAI,373708,SNIPER_MID,[HẠ TIER ÉP] n_act=1≤2 → MID. [BET] p=79.0% ≥ θ=67.7%. Hướng T.,79,2-2-2,6,XIU,LOSS,False,-373708,8.152670739655496,0.0,0.0,8.152670739655496,TAI,False,True,,75.7897,50.0,48776282.0,-1223718.0,-2.447436,53.191489361702125,25,22,0,1,2.7,5.3,False,False,False,0,15000000.0,-8.2,0,65000000,50000000.0,False,False,False,False,False,0.0,0.0,NEUTRAL,XXTXXTXTXXXTXXXTXTTXX,False,-1223718.0,48776282.0,25,22,53.2,48776282.0,184,,DOWN (XIU),,0.5906,False,False,XXXTXXXTXTTXX,XXTXXTXTXXXTXXXTXTTXX,,,,,,,CHOPPY (RAC),NORMAL,"Motif 'TXXXTXTTXX' (chu kỳ 10) đang lặp lại, đã thấy 12 phiên khớp",FORMING,BET,TAI,0.79,,0.5,1,False,,,,,,,,FOLLOW,TAI,"[ADAPTIVE-HOLD] p̂=51.7% n_eff=9.0 (chưa đủ bằng chứng để đảo, |flip_score|<0.9) → size 100%.",False,0,
2026-08-19,2026-08-19 05:33:54,05:33:54,3121558,XXTXXXTXTTXXX,3X,TAI,353886,SNIPER_MID,[BẮT RÁC] online fadeWR=0.51 followWR=0.42 nF=18 nFo=0 sc=3 | đu BET. Lật → T,64,5-4-1,10,XIU,LOSS,False,-353886,43.64254588093909,0.0,0.0,43.64254588093909,TAI,False,True,,45.9354,50.0,48422396.0,-1577604.0,-3.1552080000000005,52.083333333333336,25,23,0,2,3.5,5.3,False,False,False,0,15000000.0,-10.5,0,65000000,50000000.0,False,False,False,False,False,0.0,0.0,NEUTRAL,XTXXTXTXXXTXXXTXTTXXX,False,-1577604.0,48422396.0,25,23,52.1,48422396.0,185,,DOWN (XIU),,0.5249,False,False,XXTXXXTXTTXXX,XTXXTXTXXXTXXXTXTTXXX,,,,,,,CHOPPY (RAC),NORMAL,Bet X dang chay 3 ván liên tiếp,CONFIRMED,BET,TAI,0.5002,,0.9566,3,False,,,,,,,,REDUCE_SIZE,TAI,"[ADAPTIVE-HOLD] p̂=44.3% n_eff=14.9 (chưa đủ bằng chứng để đảo, |flip_score|<0.9) → size 85%.",False,0,
2026-08-19,2026-08-19 05:35:05,05:35:05,3121559,XTXXXTXTTXXXX,4X,XIU,297360,SNIPER_LOW,[BET] p=60.5% ≥ θ=58.4%. Hướng X.,60,3-2-4,9,XIU,WIN,True,291413,41.437119801938124,0.0,0.0,41.437119801938124,TAI,False,True,,50.3083,50.0,48713808.0,-1286192.0,-2.572384,53.06122448979592,26,23,1,0,3.5,5.3,False,False,False,0,15000000.0,-8.6,0,65000000,50000000.0,False,False,False,False,False,0.0,0.0,NEUTRAL,TXXTXTXXXTXXXTXTTXXXX,False,-1286192.0,48713808.0,26,23,53.1,48713808.0,186,,SIDEWAY,,0.5215,False,False,XTXXXTXTTXXXX,TXXTXTXXXTXXXTXTTXXXX,,,,,,,CLUSTERING (BET),NORMAL,Bet X dang chay 4 ván liên tiếp,CONFIRMED,BET,XIU,0.6047,,0.9473,8,False,,,,,,,,FOLLOW,XIU,"[ADAPTIVE-HOLD] p̂=63.9% n_eff=9.6 (chưa đủ bằng chứng để đảo, |flip_score|<0.9) → size 100%.",False,0,
2026-08-19,2026-08-19 05:36:16,05:36:16,3121560,TXXXTXTTXXXXX,5X,XIU,355180,SNIPER_LOW,[BET] p=61.6% ≥ θ=60.6%. Hướng X.,62,1-4-5,10,XIU,WIN,True,348076,24.195284273456217,0.0,0.0,24.195284273456217,XIU,False,True,,32.9162,50.0,49061884.0,-938116.0,-1.876232,54.0,27,23,2,0,3.5,5.3,False,False,False,0,15000000.0,-6.3,0,65000000,50000000.0,False,False,False,False,False,0.0,0.0,NEUTRAL,XXTXTXXXTXXXTXTTXXXXX,False,-938116.0,49061884.0,27,23,54.0,49061884.0,187,,SIDEWAY,,0.4427,True,False,TXXXTXTTXXXXX,XXTXTXXXTXXXTXTTXXXXX,,,,,,,CLUSTERING (BET),NORMAL,Bet X dang chay 5 ván liên tiếp,CONFIRMED,BET,XIU,0.616,,0.9218,7,False,,,,,,,,FOLLOW,XIU,"[ADAPTIVE-HOLD] p̂=66.1% n_eff=10.1 (chưa đủ bằng chứng để đảo, |flip_score|<0.9) → size 100%.",False,0,
2026-08-19,2026-08-19 05:37:27,05:37:27,3121561,XXXTXTTXXXXXX,6X,TAI,546031,SNIPER_HIGH,"[FADE-BỆT] sc=6X ≥6 → đảo bám cầu, đánh T",68,1-6-4,11,TAI,WIN,True,535110,36.77439263543061,0.0,0.0,36.77439263543061,TAI,False,True,,49.3867,50.0,49596994.0,-403006.0,-0.8060120000000001,54.90196078431373,28,23,3,0,3.5,5.3,False,False,False,0,15000000.0,-2.7,0,65000000,50000000.0,False,False,False,False,False,0.0,0.0,NEUTRAL,XTXTXXXTXXXTXTTXXXXXX,False,-403006.0,49596994.0,28,23,54.9,49596994.0,188,,SIDEWAY,,0.4042,True,False,XXXTXTTXXXXXX,XTXTXXXTXXXTXTTXXXXXX,,,,,,,CLUSTERING (BET),NORMAL,Bet X dang chay 6 ván liên tiếp,CONFIRMED,BET,XIU,0.6822,,0.8986,9,False,,,,,,,,FOLLOW,TAI,"[ADAPTIVE-HOLD] p̂=68.0% n_eff=10.6 (chưa đủ bằng chứng để đảo, |flip_score|<0.9) → size 100%.",False,0,
2026-08-19,2026-08-19 05:38:38,05:38:38,3121562,XXTXTTXXXXXXT,1T,—,0,SKIP,"[NGƯỠNG] p=52.7% < θ=63.3% (Coh=0.92, Act=3) → SKIP.",0,5-2-2,9,XIU,SKIP,False,0,16.221297944183572,0.0,0.0,16.221297944183572,XIU,False,True,,1154.0265,50.0,49596994.0,-403006.0,-0.8060120000000001,54.90196078431373,28,23,3,0,3.5,5.3,False,False,False,0,15000000.0,-2.7,0,65000000,50000000.0,False,False,False,False,False,0.0,0.0,NEUTRAL,TXTXXXTXXXTXTTXXXXXXT,False,-403006.0,49596994.0,28,23,54.9,49596994.0,189,"[NGƯỠNG] p=52.7% < θ=63.3% (Coh=0.92, Act=3) → SKIP.",UP (TAI),,0.4998,True,False,XXTXTTXXXXXXT,TXTXXXTXXXTXTTXXXXXXT,,,,,,,CLUSTERING (BET),NORMAL,Nghiêng X 4/5 phiên gần nhất,CONFIRMED,BET,XIU,0.5269,,0.9235,3,False,,,,,,,,,,,False,0,
2026-08-19,2026-08-19 05:39:49,05:39:49,3121563,XTXTTXXXXXXTX,1X,TAI,493263,SNIPER_MID,[BẮT RÁC] online fadeWR=0.48 followWR=0.42 nF=19 nFo=0 sc=1 | đu NGHIENG_5. Lật → T,64,4-6-2,12,TAI,WIN,True,483398,53.92242203511432,0.0,0.0,53.92242203511432,XIU,False,True,,48.2024,50.0,50080391.0,80391.0,0.160782,55.769230769230774,29,23,4,0,3.5,5.3,False,False,False,0,15000000.0,0.5,0,65000000,50000000.0,False,False,False,False,False,0.0,0.0,NEUTRAL,XTXXXTXXXTXTTXXXXXXTX,False,80391.0,50080391.0,29,23,55.8,50080391.0,190,,SIDEWAY,,0.5944,False,False,XTXTTXXXXXXTX,XTXXXTXXXTXTTXXXXXXTX,,,,,,,CHOPPY (RAC),NORMAL,Nghiêng X 4/5 phiên gần nhất,CONFIRMED,BET,TAI,0.5037,,0.9126,3,False,,,,,,,,FOLLOW,TAI,"[ADAPTIVE-HOLD] p̂=49.7% n_eff=16.8 (chưa đủ bằng chứng để đảo, |flip_score|<0.9) → size 99%.",False,0,
2026-08-19,2026-08-19 05:41:00,05:41:00,3121564,TXTTXXXXXXTXT,1T,—,0,SKIP,"[NGƯỠNG] p=50.0% < θ=69.9% (Coh=0.00, Act=0) → SKIP.",0,2-3-6,11,TAI,SKIP,False,0,52.7917200450533,0.0,0.0,52.7917200450533,XIU,False,True,,1461.4272,50.0,50080391.0,80391.0,0.160782,55.769230769230774,29,23,4,0,3.5,5.3,False,False,False,0,15000000.0,0.5,0,65000000,50000000.0,False,False,False,False,False,0.0,0.0,NEUTRAL,TXXXTXXXTXTTXXXXXXTXT,False,80391.0,50080391.0,29,23,55.8,50080391.0,191,"[NGƯỠNG] p=50.0% < θ=69.9% (Coh=0.00, Act=0) → SKIP.",SIDEWAY,,0.418,False,False,TXTTXXXXXXTXT,TXXXTXXXTXTTXXXXXXTXT,,,,,,,CHOPPY (RAC),POOR,Nghiêng X 5/7 phiên gần nhất,CONFIRMED,ABSTAIN,TAI,0.5,,0.0,0,False,,,,,,,,,,,False,0,
2026-08-19,2026-08-19 05:42:11,05:42:11,3121565,XTTXXXXXXTXTT,2T,—,0,SKIP,"[NGƯỠNG] p=50.0% < θ=69.9% (Coh=0.00, Act=0) → SKIP.",0,6-3-4,13,TAI,SKIP,False,0,19.916739645982123,0.0,0.0,19.916739645982123,XIU,False,True,,1127.3274,50.0,50080391.0,80391.0,0.160782,55.769230769230774,29,23,4,0,3.5,5.3,False,False,False,0,15000000.0,0.5,0,65000000,50000000.0,False,False,False,False,False,0.0,0.0,NEUTRAL,XXXTXXXTXTTXXXXXXTXTT,False,80391.0,50080391.0,29,23,55.8,50080391.0,192,"[NGƯỠNG] p=50.0% < θ=69.9% (Coh=0.00, Act=0) → SKIP., [NGƯỠNG] p=50.0% < θ=69.9% (Coh=0.00, Act=0) → SKIP.",SIDEWAY,,0.4211,False,False,XTTXXXXXXTXTT,XXXTXXXTXTTXXXXXXTXTT,,,,,,,CHOPPY (RAC),POOR,Nghiêng X 7/10 phiên gần nhất,CONFIRMED,ABSTAIN,TAI,0.5,,0.0,0,False,,,,,,,,,,,False,0,
2026-08-19,2026-08-19 05:43:22,05:43:22,3121566,TTXXXXXXTXTTT,3T,XIU,615075,SNIPER_MID,[BẮT RÁC] online fadeWR=0.51 followWR=0.42 nF=20 nFo=0 sc=3 | đu BET. Lật → X,64,5-4-1,10,XIU,WIN,True,602774,56.47690962035507,0.0,0.0,56.47690962035507,TAI,False,True,,49.4022,50.0,50683164.0,683164.0,1.366328,56.60377358490566,30,23,5,0,0.0,5.3,False,False,False,0,15000000.0,4.6,0,65000000,50000000.0,False,False,False,False,False,0.0,0.0,NEUTRAL,XXTXXXTXTTXXXXXXTXTTT,False,683164.0,50683164.0,30,23,56.6,50683164.0,193,,SIDEWAY,,0.4711,False,False,TTXXXXXXTXTTT,XXTXXXTXTTXXXXXXTXTTT,,,,,,,CHOPPY (RAC),POOR,Bet T dang chay 3 ván liên tiếp,CONFIRMED,BET,TAI,0.5898,,0.9805,3,False,,,,,,,,FOLLOW,XIU,"[ADAPTIVE-HOLD] p̂=51.5% n_eff=13.2 (chưa đủ bằng chứng để đảo, |flip_score|<0.9) → size 100%.",False,0,
2026-08-19,2026-08-19 05:44:33,05:44:33,3121567,TXXXXXXTXTTTX,1X,TAI,622053,SNIPER_MID,[BET] p=65.0% ≥ θ=64.9%. Hướng T.,65,3-6-5,14,TAI,WIN,True,609612,50.644937335723206,0.0,0.0,50.644937335723206,TAI,False,True,,46.4509,50.0,51292775.0,1292775.0,2.58555,57.407407407407405,31,23,6,0,0.0,5.3,False,False,False,0,15000000.0,8.6,0,65000000,50000000.0,False,False,False,False,False,0.0,0.0,NEUTRAL,XTXXXTXTTXXXXXXTXTTTX,False,1292775.0,51292775.0,31,23,57.4,51292775.0,194,,SIDEWAY,,0.463,True,False,TXXXXXXTXTTTX,XTXXXTXTTXXXXXXTXTTTX,,,,,,,CHOPPY (RAC),POOR,"Motif 'TTTX' (chu kỳ 4) đang lặp lại, đã thấy 6 phiên khớp",FORMING,BET,TAI,0.65,,0.5,2,False,,,,,,,,FOLLOW,TAI,"[ADAPTIVE-HOLD] p̂=49.9% n_eff=10.2 (chưa đủ bằng chứng để đảo, |flip_score|<0.9) → size 100%.",False,0,
2026-08-19,2026-08-19 05:45:44,05:45:44,3121568,XXXXXXTXTTTXT,1T,XIU,402675,SNIPER_LOW,[BẮT RÁC] online fadeWR=0.53 followWR=0.42 nF=21 nFo=0 sc=1 | đu NGHIENG_5. Lật → X [DRIFT -1 bậc],64,4-6-5,15,TAI,LOSS,False,-402675,54.73886164996803,0.0,0.0,54.73886164996803,XIU,False,True,,304.915,50.0,50890100.0,890100.0,1.7801999999999998,56.36363636363636,31,24,0,1,0.8,5.3,False,False,False,0,15000000.0,5.9,0,65000000,50000000.0,False,False,False,False,False,0.0,0.0,NEUTRAL,TXXXTXTTXXXXXXTXTTTXT,False,890100.0,50890100.0,31,24,56.4,50890100.0,195,,SIDEWAY,,0.3463,True,True,XXXXXXTXTTTXT,TXXXTXTTXXXXXXTXTTTXT,,,,,,,CHOPPY (RAC),POOR,Nghiêng T 4/5 phiên gần nhất,CONFIRMED,BET,XIU,0.6771,,0.4998,2,False,,,,,,,,FOLLOW,XIU,"[ADAPTIVE-HOLD] p̂=53.6% n_eff=13.8 (chưa đủ bằng chứng để đảo, |flip_score|<0.9) → size 100%.",False,0,
2026-08-19,2026-08-19 05:46:55,05:46:55,3121569,XXXXXTXTTTXTT,2T,TAI,316998,SNIPER_LOW,"[BẺ→BÁM] micro=NEUTRAL lag1=+0.04 → không phá PERIOD, bám T [DRIFT -1 bậc]",64,5-2-2,9,XIU,LOSS,False,-316998,44.69605178589987,0.0,0.0,44.69605178589987,TAI,False,True,,74.333,50.0,50573102.0,573102.0,1.146204,55.35714285714286,31,25,0,2,1.4,5.3,False,False,False,0,15000000.0,3.8,0,65000000,50000000.0,False,False,False,False,False,0.0,0.0,NEUTRAL,XXXTXTTXXXXXXTXTTTXTT,False,573102.0,50573102.0,31,25,55.4,50573102.0,196,,UP (TAI),,0.5225,True,True,XXXXXTXTTTXTT,XXXTXTTXXXXXXTXTTTXTT,,,,,,,CHOPPY (RAC),POOR,"Motif 'TXTT' (chu kỳ 4) đang lặp lại, đã thấy 8 phiên khớp",CONFIRMED,BET,TAI,0.632,,0.9987,5,False,,,,,,,,REDUCE_SIZE,TAI,"[ADAPTIVE-HOLD] p̂=43.6% n_eff=11.8 (chưa đủ bằng chứng để đảo, |flip_score|<0.9) → size 83%.",False,0,
2026-08-19,2026-08-19 05:48:06,05:48:06,3121570,XXXXTXTTTXTTX,1X,XIU,294690,SNIPER_LOW,[BẮT RÁC] online fadeWR=0.51 followWR=0.42 nF=22 nFo=0 sc=1 | đu PERIOD. Lật → X [DRIFT -1 bậc],64,3-5-4,12,TAI,LOSS,False,-294690,54.74725738762737,0.0,0.0,54.74725738762737,TAI,False,True,,64.6547,50.0,50278412.0,278412.0,0.556824,54.385964912280706,31,26,0,3,2.0,5.3,False,False,False,0,15000000.0,1.9,0,65000000,50000000.0,False,False,False,False,False,0.0,0.0,NEUTRAL,XXTXTTXXXXXXTXTTTXTTX,False,278412.0,50278412.0,31,26,54.4,50278412.0,197,,SIDEWAY,,0.463,False,True,XXXXTXTTTXTTX,XXTXTTXXXXXXTXTTTXTTX,,,,,,,CHOPPY (RAC),POOR,"Motif 'TTX' (chu kỳ 3) đang lặp lại, đã thấy 6 phiên khớp",CONFIRMED,BET,TAI,0.6827,,0.973,4,False,,,,,,,,FOLLOW,XIU,"[ADAPTIVE-HOLD] p̂=55.6% n_eff=19.4 (chưa đủ bằng chứng để đảo, |flip_score|<0.9) → size 100%.",False,0,
2026-08-19,2026-08-19 05:49:17,05:49:17,3121571,XXXTXTTTXTTXT,1T,TAI,249605,SNIPER_HIGH,[BET] p=71.3% ≥ θ=61.0%. Hướng T.,71,4-4-2,10,XIU,LOSS,False,-249605,27.41925062393723,0.0,0.0,27.41925062393723,TAI,False,True,,38.0727,50.0,50028807.0,28807.0,0.057614000000000005,53.44827586206896,31,27,0,4,2.5,5.3,False,False,False,0,15000000.0,0.2,0,65000000,50000000.0,False,False,False,False,False,0.0,0.0,NEUTRAL,XTXTTXXXXXXTXTTTXTTXT,False,28807.0,50028807.0,31,27,53.4,50028807.0,198,,SIDEWAY,,0.5116,True,False,XXXTXTTTXTTXT,XTXTTXXXXXXTXTTTXTTXT,,,,,,,ALTERNATING (NHAY),POOR,"Motif 'TXT' (chu kỳ 3) đang lặp lại, đã thấy 7 phiên khớp",CONFIRMED,BET,TAI,0.7134,,0.985,4,False,,,,,,,,REDUCE_SIZE,TAI,"[ADAPTIVE-HOLD] p̂=40.7% n_eff=10.3 (chưa đủ bằng chứng để đảo, |flip_score|<0.9) → size 76%.",False,0,
2026-08-19,2026-08-19 05:50:28,05:50:28,3121572,XXTXTTTXTTXTX,1X,—,0,SKIP,"[NGƯỠNG] p=50.0% < θ=68.0% (Coh=0.00, Act=0) → SKIP.",0,3-2-3,8,XIU,SKIP,False,0,16.476856142841324,0.0,0.0,16.476856142841324,TAI,False,True,,859.401,50.0,50028807.0,28807.0,0.057614000000000005,53.44827586206896,31,27,0,4,2.5,5.3,False,False,False,0,15000000.0,0.2,0,65000000,50000000.0,False,False,False,False,False,0.0,0.0,NEUTRAL,TXTTXXXXXXTXTTTXTTXTX,False,28807.0,50028807.0,31,27,53.4,50028807.0,199,"[NGƯỠNG] p=50.0% < θ=68.0% (Coh=0.00, Act=0) → SKIP.",SIDEWAY,,0.4632,False,False,XXTXTTTXTTXTX,TXTTXXXXXXTXTTTXTTXTX,,,,,,,ALTERNATING (NHAY),POOR,"Motif 'TTTXTTXTX' (chu kỳ 9) đang lặp lại, đã thấy 12 phiên khớp",FORMING,ABSTAIN,TAI,0.5,,0.0,0,False,,,,,,,,,,,False,0,
2026-08-19,2026-08-19 05:51:39,05:51:39,3121573,XTXTTTXTTXTXX,2X,—,0,SKIP,"[NGƯỠNG] p=50.0% < θ=69.0% (Coh=0.00, Act=0) → SKIP.",0,4-5-6,15,TAI,SKIP,False,0,7.983430947702614,0.0,0.0,7.983430947702614,TAI,False,True,,735.1771,50.0,50028807.0,28807.0,0.057614000000000005,53.44827586206896,31,27,0,4,2.5,5.3,False,False,False,0,15000000.0,0.2,0,65000000,50000000.0,False,False,False,False,False,0.0,0.0,NEUTRAL,XTTXXXXXXTXTTTXTTXTXX,False,28807.0,50028807.0,31,27,53.4,50028807.0,200,"[NGƯỠNG] p=50.0% < θ=68.0% (Coh=0.00, Act=0) → SKIP., [NGƯỠNG] p=50.0% < θ=69.0% (Coh=0.00, Act=0) → SKIP.",DOWN (XIU),,0.4218,False,False,XTXTTTXTTXTXX,XTTXXXXXXTXTTTXTTXTXX,,,,,,,CHOPPY (RAC),POOR,Mới 2 ván X liên tiếp — có thể đang hình thành bệt,FORMING,ABSTAIN,TAI,0.5,,0.0,0,False,,,,,,,,,,,False,0,
2026-08-19,2026-08-19 05:52:50,05:52:50,3121574,TXTTTXTTXTXXT,1T,XIU,218951,SNIPER_MID,[BET] p=64.9% ≥ θ=61.0%. Hướng X.,65,3-4-4,11,TAI,LOSS,False,-218951,45.12996510570341,0.0,0.0,45.12996510570341,TAI,False,True,,57.0001,50.0,49809856.0,-190144.0,-0.38028799999999996,52.54237288135594,31,28,0,5,2.9,5.3,True,False,False,0,15000000.0,-1.3,0,65000000,50000000.0,False,False,False,False,False,0.0,0.0,NEUTRAL,TTXXXXXXTXTTTXTTXTXXT,False,-190144.0,49809856.0,31,28,52.5,49809856.0,200,,SIDEWAY,,0.5091,False,False,TXTTTXTTXTXXT,TTXXXXXXTXTTTXTTXTXXT,,,,,,,ALTERNATING (NHAY),NORMAL,Khớp đúng mẫu tăng giảm 1-2-1 ở 3 đoạn gần nhất,CONFIRMED,BET,XIU,0.6495,,0.9941,4,False,,,,,,,,REDUCE_SIZE,XIU,"[ADAPTIVE-HOLD] p̂=45.3% n_eff=9.8 (chưa đủ bằng chứng để đảo, |flip_score|<0.9) → size 88%.",False,0,
2026-08-19,2026-08-19 05:54:01,05:54:01,3121575,XTTTXTTXTXXTT,2T,XIU,29662,SNIPER_MID,[BET] p=64.9% ≥ θ=59.9%. Hướng X.,65,2-4-5,11,TAI,LOSS,False,-29662,1.448222191610227,0.0,0.0,1.448222191610227,TAI,False,True,,46.4161,50.0,49780194.0,-219806.0,-0.439612,51.66666666666667,31,29,0,6,2.9,5.3,True,False,False,0,15000000.0,-1.5,0,65000000,50000000.0,False,False,False,False,False,0.0,0.0,NEUTRAL,TXXXXXXTXTTTXTTXTXXTT,False,-219806.0,49780194.0,31,29,51.7,49780194.0,200,,SIDEWAY,,0.4368,False,False,XTTTXTTXTXXTT,TXXXXXXTXTTTXTTXTXXTT,,,,,,,ALTERNATING (NHAY),NORMAL,"Motif 'TXTTXTXXTT' (chu kỳ 10) đang lặp lại, đã thấy 13 phiên khớp",FORMING,BET,XIU,0.6495,,0.9941,4,False,,,,,,,,REDUCE_SIZE,XIU,"[ADAPTIVE-HOLD] p̂=42.3% n_eff=10.2 (chưa đủ bằng chứng để đảo, |flip_score|<0.9) → size 80%.",False,0,
2026-08-19,2026-08-19 05:55:12,05:55:12,3121576,TTTXTTXTXXTTT,3T,XIU,19563,SNIPER_MID,[BẮT RÁC] online fadeWR=0.49 followWR=0.42 nF=23 nFo=0 sc=3 | đu BET. Lật → X,64,6-5-5,16,TAI,LOSS,False,-19563,38.13237578390999,0.0,0.0,38.13237578390999,XIU,False,True,,50.6404,50.0,49760631.0,-239369.0,-0.478738,50.81967213114754,31,30,0,7,3.0,5.3,False,False,False,0,15000000.0,-1.6,0,65000000,50000000.0,False,False,False,False,False,0.0,0.0,NEUTRAL,XXXXXXTXTTTXTTXTXXTTT,False,-239369.0,49760631.0,31,30,50.8,49760631.0,200,,SIDEWAY,,0.483,False,False,TTTXTTXTXXTTT,XXXXXXTXTTTXTTXTXXTTT,,,,,,,CHOPPY (RAC),NORMAL,Bet T dang chay 3 ván liên tiếp,CONFIRMED,BET,XIU,0.6495,,0.9941,4,False,,,,,,,,REDUCE_SIZE,XIU,"[ADAPTIVE-HOLD] p̂=38.2% n_eff=19.2 (chưa đủ bằng chứng để đảo, |flip_score|<0.9) → size 69%.",False,0,
2026-08-19,2026-08-19 05:56:23,05:56:23,3121577,TTXTTXTXXTTTT,4T,XIU,42389,SNIPER_MID,[BET] p=64.9% ≥ θ=57.0%. Hướng X.,65,6-2-2,10,XIU,WIN,True,41541,78.45666144531171,0.0,0.0,78.45666144531171,TAI,False,True,,109.5373,50.0,49802172.0,-197828.0,-0.39565599999999995,51.61290322580645,32,30,1,0,3.0,5.3,False,False,False,0,15000000.0,-1.3,0,65000000,50000000.0,False,False,False,False,False,0.0,0.0,NEUTRAL,XXXXXTXTTTXTTXTXXTTTT,False,-197828.0,49802172.0,32,30,51.6,49802172.0,200,,UP (TAI),,0.649,False,False,TTXTTXTXXTTTT,XXXXXTXTTTXTTXTXXTTTT,,,,,,,CLUSTERING (BET),NORMAL,Bet T dang chay 4 ván liên tiếp,CONFIRMED,BET,XIU,0.6495,,0.9941,4,False,,,,,,,,FOLLOW,XIU,"[ADAPTIVE-HOLD] p̂=68.5% n_eff=12.2 (chưa đủ bằng chứng để đảo, |flip_score|<0.9) → size 100%.",False,0,
2026-08-19,2026-08-19 05:57:34,05:57:34,3121578,TXTTXTXXTTTTX,1X,XIU,118957,SNIPER_MID,[BẮT RÁC] online fadeWR=0.47 followWR=0.42 nF=24 nFo=0 sc=1 | đu NGHIENG_5. Lật → X,64,4-3-1,8,XIU,WIN,True,116578,7.932123401322697,0.0,0.0,7.932123401322697,XIU,False,True,,35.7679,50.0,49918749.0,-81251.0,-0.162502,52.38095238095239,33,30,2,0,3.0,5.3,False,False,False,0,15000000.0,-0.5,0,65000000,50000000.0,False,False,False,False,False,0.0,0.0,NEUTRAL,XXXXTXTTTXTTXTXXTTTTX,False,-81251.0,49918749.0,33,30,52.4,49918749.0,200,,SIDEWAY,,0.4629,True,False,TXTTXTXXTTTTX,XXXXTXTTTXTTXTXXTTTTX,,,,,,,CHOPPY (RAC),POOR,Nghiêng T 4/5 phiên gần nhất,CONFIRMED,BET,XIU,0.6495,,0.9941,4,False,,,,,,,,FOLLOW,XIU,"[ADAPTIVE-HOLD] p̂=56.0% n_eff=16.8 (chưa đủ bằng chứng để đảo, |flip_score|<0.9) → size 100%.",False,0,
2026-08-19,2026-08-19 05:58:45,05:58:45,3121579,XTTXTXXTTTTXX,2X,XIU,113092,SNIPER_MID,[BET] p=64.9% ≥ θ=60.0%. Hướng X.,65,2-6-6,14,TAI,LOSS,False,-113092,62.30831613938823,0.0,0.0,62.30831613938823,TAI,False,True,,65.4097,50.0,49805657.0,-194343.0,-0.388686,51.5625,33,31,0,1,2.9,5.3,False,False,False,0,15000000.0,-1.3,0,65000000,50000000.0,False,False,False,False,False,0.0,0.0,NEUTRAL,XXXTXTTTXTTXTXXTTTTXX,False,-194343.0,49805657.0,33,31,51.6,49805657.0,200,,DOWN (XIU),,0.4535,True,False,XTTXTXXTTTTXX,XXXTXTTTXTTXTXXTTTTXX,,,,,,,CLUSTERING (BET),POOR,"Motif 'TTTTXX' (chu kỳ 6) đang lặp lại, đã thấy 9 phiên khớp",FORMING,BET,XIU,0.6495,,0.9941,4,False,,,,,,,,FOLLOW,XIU,"[ADAPTIVE-HOLD] p̂=70.3% n_eff=12.8 (chưa đủ bằng chứng để đảo, |flip_score|<0.9) → size 100%.",False,0,
2026-08-19,2026-08-19 05:59:56,05:59:56,3121580,TTXTXXTTTTXXT,1T,XIU,87201,SNIPER_MID,[BẮT RÁC] online fadeWR=0.50 followWR=0.42 nF=25 nFo=0 sc=1 | đu NGHIENG_7. Lật → X,64,6-2-1,9,XIU,WIN,True,85457,74.42354322779647,0.0,0.0,74.42354322779647,TAI,False,True,,83.5534,50.0,49891113.0,-108887.0,-0.217774,52.307692307692314,34,31,1,0,2.9,5.3,False,False,False,0,15000000.0,-0.7,0,65000000,50000000.0,False,False,False,False,False,0.0,0.0,NEUTRAL,XXTXTTTXTTXTXXTTTTXXT,False,-108887.0,49891113.0,34,31,52.3,49891113.0,200,,SIDEWAY,,0.4324,True,False,TTXTXXTTTTXXT,XXTXTTTXTTXTXXTTTTXXT,,,,,,,CHOPPY (RAC),POOR,Nghiêng T 5/7 phiên gần nhất,CONFIRMED,BET,XIU,0.6495,,0.9941,4,False,,,,,,,,FOLLOW,XIU,"[ADAPTIVE-HOLD] p̂=49.5% n_eff=22.4 (chưa đủ bằng chứng để đảo, |flip_score|<0.9) → size 99%.",False,0,
2026-08-19,2026-08-19 06:01:07,06:01:07,3121581,TXTXXTTTTXXTX,1X,XIU,107722,SNIPER_MID,[BET] p=64.9% ≥ θ=61.0%. Hướng X.,65,6-2-3,11,TAI,LOSS,False,-107722,45.4684964816668,0.0,0.0,45.4684964816668,TAI,False,True,,104.8981,50.0,49783391.0,-216609.0,-0.433218,51.515151515151516,34,32,0,1,2.9,5.3,False,False,False,0,15000000.0,-1.4,0,65000000,50000000.0,False,False,False,False,False,0.0,0.0,NEUTRAL,XTXTTTXTTXTXXTTTTXXTX,False,-216609.0,49783391.0,34,32,51.5,49783391.0,200,,SIDEWAY,,0.5543,False,False,TXTXXTTTTXXTX,XTXTTTXTTXTXXTTTTXXTX,,,,,,,CHOPPY (RAC),POOR,"Motif 'XTTTTXXTX' (chu kỳ 9) đang lặp lại, đã thấy 12 phiên khớp",FORMING,BET,XIU,0.6495,,0.9941,4,False,,,,,,,,REDUCE_SIZE,XIU,"[ADAPTIVE-HOLD] p̂=48.4% n_eff=12.3 (chưa đủ bằng chứng để đảo, |flip_score|<0.9) → size 96%.",False,0,
2026-08-19,2026-08-19 06:02:18,06:02:18,3121582,XTXXTTTTXXTXT,1T,XIU,85330,SNIPER_MID,[BET] p=64.9% ≥ θ=61.0%. Hướng X.,65,5-5-4,14,TAI,LOSS,False,-85330,20.418304661169763,0.0,0.0,20.418304661169763,XIU,False,True,,142.5666,50.0,49698061.0,-301939.0,-0.6038779999999999,50.74626865671642,34,33,0,2,3.1,5.3,False,False,False,0,15000000.0,-2.0,0,65000000,50000000.0,False,False,False,False,False,0.0,0.0,NEUTRAL,TXTTTXTTXTXXTTTTXXTXT,False,-301939.0,49698061.0,34,33,50.7,49698061.0,200,,SIDEWAY,,0.5496,False,False,XTXXTTTTXXTXT,TXTTTXTTXTXXTTTTXXTXT,,,,,,,ALTERNATING (NHAY),POOR,"Motif 'TTTXXTXT' (chu kỳ 8) đang lặp lại, đã thấy 10 phiên khớp",FORMING,BET,XIU,0.6495,,0.9941,4,False,,,,,,,,FOLLOW,XIU,"[ADAPTIVE-HOLD] p̂=49.6% n_eff=12.4 (chưa đủ bằng chứng để đảo, |flip_score|<0.9) → size 99%.",False,0,
2026-08-19,2026-08-19 06:03:29,06:03:29,3121583,TXXTTTTXXTXTT,2T,XIU,81780,SNIPER_MID,[BẮT RÁC] online fadeWR=0.52 followWR=0.42 nF=26 nFo=0 sc=2 | đu NGHIENG_10. Lật → X,64,1-2-3,6,XIU,WIN,True,80144,59.722041065323275,0.0,0.0,59.722041065323275,TAI,False,True,,86.6039,50.0,49778205.0,-221795.0,-0.44359000000000004,51.470588235294116,35,33,1,0,3.1,5.3,False,False,False,0,15000000.0,-1.5,0,65000000,50000000.0,False,False,False,False,False,0.0,0.0,NEUTRAL,XTTTXTTXTXXTTTTXXTXTT,False,-221795.0,49778205.0,35,33,51.5,49778205.0,200,,UP (TAI),,0.3653,False,False,TXXTTTTXXTXTT,XTTTXTTXTXXTTTTXXTXTT,,,,,,,CHOPPY (RAC),POOR,Nghiêng T 7/10 phiên gần nhất,CONFIRMED,BET,XIU,0.6495,,0.9941,4,False,,,,,,,,FOLLOW,XIU,"[ADAPTIVE-HOLD] p̂=50.2% n_eff=17.1 (chưa đủ bằng chứng để đảo, |flip_score|<0.9) → size 100%.",False,0,
2026-08-19,2026-08-19 06:04:40,06:04:40,3121584,XXTTTTXXTXTTX,1X,XIU,56570,SNIPER_MID,[BET] p=64.9% ≥ θ=64.0%. Hướng X.,65,3-5-5,13,TAI,LOSS,False,-56570,51.50105906376153,0.0,0.0,51.50105906376153,XIU,False,True,,36.5573,50.0,49721635.0,-278365.0,-0.55673,50.72463768115942,35,34,0,1,3.1,5.3,False,False,False,0,15000000.0,-1.9,0,65000000,50000000.0,False,False,False,False,False,0.0,0.0,NEUTRAL,TTTXTTXTXXTTTTXXTXTTX,False,-278365.0,49721635.0,35,34,50.7,49721635.0,200,,SIDEWAY,,0.6038,False,False,XXTTTTXXTXTTX,TTTXTTXTXXTTTTXXTXTTX,,,,,,,ALTERNATING (NHAY),POOR,Khớp đúng mẫu tăng giảm 1-2-1 ở 3 đoạn gần nhất,CONFIRMED,BET,XIU,0.6495,,0.9941,4,False,,,,,,,,REDUCE_SIZE,XIU,"[ADAPTIVE-HOLD] p̂=37.4% n_eff=12.0 (chưa đủ bằng chứng để đảo, |flip_score|<0.9) → size 67%.",False,0,
2026-08-19,2026-08-19 06:05:51,06:05:51,3121585,XTTTTXXTXTTXT,1T,XIU,17680,SNIPER_MID,[BET] p=64.9% ≥ θ=64.0%. Hướng X.,65,3-5-3,11,TAI,LOSS,False,-17680,46.36895279714619,0.0,0.0,46.36895279714619,TAI,False,True,,60.5396,50.0,49703955.0,-296045.0,-0.59209,50.0,35,35,0,2,3.1,5.3,False,False,False,0,15000000.0,-2.0,0,65000000,50000000.0,False,False,False,False,False,0.0,0.0,NEUTRAL,TTXTTXTXXTTTTXXTXTTXT,False,-296045.0,49703955.0,35,35,50.0,49703955.0,200,,SIDEWAY,,0.2711,True,False,XTTTTXXTXTTXT,TTXTTXTXXTTTTXXTXTTXT,,,,,,,ALTERNATING (NHAY),NORMAL,"Motif 'TXT' (chu kỳ 3) đang lặp lại, đã thấy 6 phiên khớp",CONFIRMED,BET,XIU,0.6495,,0.9941,4,False,,,,,,,,REDUCE_SIZE,XIU,"[ADAPTIVE-HOLD] p̂=29.4% n_eff=13.5 (chưa đủ bằng chứng để đảo, |flip_score|<0.9) → size 46%.",False,0,
2026-08-19,2026-08-19 06:07:02,06:07:02,3121586,TTTTXXTXTTXTT,2T,XIU,9900,SNIPER_LOW,"[BẺ→BÁM] micro=CHAOS lag1=-0.25 → không phá PERIOD, bám X [ADAPT-SIZE×0.29 →LOW]",64,5-5-5,15,TAI,LOSS,False,-9900,22.405748073523178,0.0,0.0,22.405748073523178,TAI,False,True,,36.6617,50.0,49694055.0,-305945.0,-0.61189,49.29577464788733,35,36,0,3,3.1,5.3,False,False,False,0,15000000.0,-2.0,0,65000000,50000000.0,False,False,False,False,False,0.0,0.0,NEUTRAL,TXTTXTXXTTTTXXTXTTXTT,False,-305945.0,49694055.0,35,36,49.3,49694055.0,200,,SIDEWAY,,0.5895,True,False,TTTTXXTXTTXTT,TXTTXTXXTTTTXXTXTTXTT,,,,,,,CHOPPY (RAC),NORMAL,"Motif 'XTT' (chu kỳ 3) đang lặp lại, đã thấy 7 phiên khớp",CONFIRMED,BET,XIU,0.6495,,0.9941,4,False,,,,,,,,REDUCE_SIZE,XIU,"[ADAPTIVE-HOLD] p̂=37.9% n_eff=14.3 (chưa đủ bằng chứng để đảo, |flip_score|<0.9) → size 68%.",False,0,
2026-08-19,2026-08-19 06:08:13,06:08:13,3121587,TTTXXTXTTXTTT,3T,—,0,SKIP,[ADAPT-BLOCK] [ADAPT-HOUR] h06 wr=17% (base=43%) → BLOCK aggressive | [STATE=DEGRADED] roll=35% base=43% ratio=0.81 | hour06 wr=17% n=6 | size×0.19 thresh+0.060,0,6-2-1,9,XIU,SKIP,False,0,1.4712287431082276,0.0,0.0,1.4712287431082276,XIU,False,True,,1076.5768,50.0,49694055.0,-305945.0,-0.61189,49.29577464788733,35,36,0,3,3.1,5.3,False,False,False,0,15000000.0,-2.0,0,65000000,50000000.0,False,False,False,False,False,0.0,0.0,NEUTRAL,XTTXTXXTTTTXXTXTTXTTT,False,-305945.0,49694055.0,35,36,49.3,49694055.0,200,[ADAPT-BLOCK] [ADAPT-HOUR] h06 wr=17% (base=43%) → BLOCK aggressive | [STATE=DEGRADED] roll=35% base=43% ratio=0.81 | hour06 wr=17% n=6 | size×0.19 thresh+0.060,SIDEWAY,,0.3424,False,False,TTTXXTXTTXTTT,XTTXTXXTTTTXXTXTTXTTT,,,,,,,CHOPPY (RAC),NORMAL,Bet T dang chay 3 ván liên tiếp,CONFIRMED,BET,XIU,0.6495,,0.9941,4,False,,,,,,,,,,,False,0,
2026-08-19,2026-08-19 06:09:24,06:09:24,3121588,TTXXTXTTXTTTX,1X,—,0,SKIP,[ADAPT-BLOCK] [ADAPT-HOUR] h06 wr=17% (base=43%) → BLOCK aggressive | [STATE=DEGRADED] roll=35% base=43% ratio=0.81 | hour06 wr=17% n=6 | size×0.19 thresh+0.060,0,6-2-1,9,XIU,SKIP,False,0,8.605233205755937,0.0,0.0,8.605233205755937,XIU,False,True,,1089.2439,50.0,49694055.0,-305945.0,-0.61189,49.29577464788733,35,36,0,3,3.1,5.3,False,False,False,0,15000000.0,-2.0,0,65000000,50000000.0,False,False,False,False,False,0.0,0.0,NEUTRAL,TTXTXXTTTTXXTXTTXTTTX,False,-305945.0,49694055.0,35,36,49.3,49694055.0,200,"[ADAPT-BLOCK] [ADAPT-HOUR] h06 wr=17% (base=43%) → BLOCK aggressive | [STATE=DEGRADED] roll=35% base=43% ratio=0.81 | hour06 wr=17% n=6 | size×0.19 thresh+0.060, [ADAPT-BLOCK] [ADAPT-HOUR] h06 wr=17% (base=43%) → BLOCK aggressive | [STATE=DEGRADED] roll=35% base=43% ratio=0.81 | hour06 wr=17% n=6 | size×0.19 thresh+0.060",SIDEWAY,,0.6052,True,False,TTXXTXTTXTTTX,TTXTXXTTTTXXTXTTXTTTX,,,,,,,CHOPPY (RAC),POOR,Nghiêng T 5/7 phiên gần nhất,CONFIRMED,BET,XIU,0.6495,,0.9941,4,False,,,,,,,,,,,False,0,
2026-08-19,2026-08-19 06:10:35,06:10:35,3121589,TXXTXTTXTTTXX,2X,—,0,SKIP,[ADAPT-THRESH] p=64.9% < θ=68.1% (+0.060) state=DEGRADED → SKIP,0,2-1-4,7,XIU,SKIP,False,0,16.002912405280252,0.0,0.0,16.002912405280252,XIU,False,True,,956.1499,50.0,49694055.0,-305945.0,-0.61189,49.29577464788733,35,36,0,3,3.1,5.3,False,False,False,0,15000000.0,-2.0,0,65000000,50000000.0,False,False,False,False,False,0.0,0.0,NEUTRAL,TXTXXTTTTXXTXTTXTTTXX,False,-305945.0,49694055.0,35,36,49.3,49694055.0,200,"[ADAPT-BLOCK] [ADAPT-HOUR] h06 wr=17% (base=43%) → BLOCK aggressive | [STATE=DEGRADED] roll=35% base=43% ratio=0.81 | hour06 wr=17% n=6 | size×0.19 thresh+0.060, [ADAPT-BLOCK] [ADAPT-HOUR] h06 wr=17% (base=43%) → BLOCK aggressive | [STATE=DEGRADED] roll=35% base=43% ratio=0.81 | hour06 wr=17% n=6 | size×0.19 thresh+0.060, [ADAPT-THRESH] p=64.9% < θ=68.1% (+0.060) state=DEGRADED → SKIP",SIDEWAY,,0.5187,False,False,TXXTXTTXTTTXX,TXTXXTTTTXXTXTTXTTTXX,,,,,,,CHOPPY (RAC),POOR,"Motif 'TXTTXTTTXX' (chu kỳ 10) đang lặp lại, đã thấy 15 phiên khớp",FORMING,BET,XIU,0.6495,,0.9941,4,False,,,,,,,,,,,False,0,
2026-08-19,2026-08-19 06:11:46,06:11:46,3121590,XXTXTTXTTTXXX,3X,—,0,SKIP,[ADAPT-THRESH] p=64.9% < θ=66.1% (+0.060) state=DEGRADED → SKIP,0,2-1-3,6,XIU,SKIP,False,0,5.500225374664758,0.0,0.0,5.500225374664758,TAI,False,True,,896.4938,50.0,49694055.0,-305945.0,-0.61189,49.29577464788733,35,36,0,3,3.1,5.3,False,False,False,0,15000000.0,-2.0,0,65000000,50000000.0,False,False,False,False,False,0.0,0.0,NEUTRAL,XTXXTTTTXXTXTTXTTTXXX,False,-305945.0,49694055.0,35,36,49.3,49694055.0,200,"[ADAPT-BLOCK] [ADAPT-HOUR] h06 wr=17% (base=43%) → BLOCK aggressive | [STATE=DEGRADED] roll=35% base=43% ratio=0.81 | hour06 wr=17% n=6 | size×0.19 thresh+0.060, [ADAPT-THRESH] p=64.9% < θ=68.1% (+0.060) state=DEGRADED → SKIP, [ADAPT-THRESH] p=64.9% < θ=66.1% (+0.060) state=DEGRADED → SKIP",DOWN (XIU),,0.428,False,False,XXTXTTXTTTXXX,XTXXTTTTXXTXTTXTTTXXX,,,,,,,CLUSTERING (BET),POOR,Bet X dang chay 3 ván liên tiếp,CONFIRMED,BET,XIU,0.6495,,0.9941,4,False,,,,,,,,,,,False,0,
2026-08-19,2026-08-19 06:12:57,06:12:57,3121591,XTXTTXTTTXXXX,4X,XIU,10743,SNIPER_LOW,[BET] p=64.9% ≥ θ=57.0%. Hướng X. [ADAPT-SIZE×0.19 →LOW],65,5-2-2,9,XIU,WIN,True,10528,14.993462384964904,0.0,0.0,14.993462384964904,TAI,False,True,,65.4879,50.0,49704583.0,-295417.0,-0.590834,50.0,36,36,1,0,3.1,5.3,False,False,False,0,15000000.0,-2.0,0,65000000,50000000.0,False,False,False,False,False,0.0,0.0,NEUTRAL,TXXTTTTXXTXTTXTTTXXXX,False,-295417.0,49704583.0,36,36,50.0,49704583.0,200,,DOWN (XIU),,0.3672,False,False,XTXTTXTTTXXXX,TXXTTTTXXTXTTXTTTXXXX,,,,,,,CLUSTERING (BET),NORMAL,Bet X dang chay 4 ván liên tiếp,CONFIRMED,BET,XIU,0.6495,,0.9941,4,False,,,,,,,,FOLLOW,XIU,"[ADAPTIVE-HOLD] p̂=66.5% n_eff=14.1 (chưa đủ bằng chứng để đảo, |flip_score|<0.9) → size 100%.",False,0,
2026-08-19,2026-08-19 06:14:08,06:14:08,3121592,TXTTXTTTXXXXX,5X,—,0,SKIP,[ADAPT-THRESH] p=64.9% < θ=65.8% (+0.067) state=DEGRADED → SKIP,0,3-4-4,11,TAI,SKIP,False,0,28.070330128998204,0.0,0.0,28.070330128998204,XIU,False,True,,1184.2783,50.0,49704583.0,-295417.0,-0.590834,50.0,36,36,1,0,3.1,5.3,False,False,False,0,15000000.0,-2.0,0,65000000,50000000.0,False,False,False,False,False,0.0,0.0,NEUTRAL,XXTTTTXXTXTTXTTTXXXXX,False,-295417.0,49704583.0,36,36,50.0,49704583.0,200,[ADAPT-THRESH] p=64.9% < θ=65.8% (+0.067) state=DEGRADED → SKIP,SIDEWAY,,0.3259,True,False,TXTTXTTTXXXXX,XXTTTTXXTXTTXTTTXXXXX,,,,,,,CLUSTERING (BET),NORMAL,Bet X dang chay 5 ván liên tiếp,CONFIRMED,BET,XIU,0.6495,,0.9941,4,False,,,,,,,,,,,False,0,
2026-08-19,2026-08-19 06:15:19,06:15:19,3121593,XTTXTTTXXXXXT,1T,—,0,SKIP,[ADAPT-THRESH] p=64.9% < θ=68.8% (+0.067) state=DEGRADED → SKIP,0,1-1-2,4,XIU,SKIP,False,0,2.0865241738379225,0.0,0.0,2.0865241738379225,TAI,False,True,,1211.1836,50.0,49704583.0,-295417.0,-0.590834,50.0,36,36,1,0,3.1,5.3,False,False,False,0,15000000.0,-2.0,0,65000000,50000000.0,False,False,False,False,False,0.0,0.0,NEUTRAL,XTTTTXXTXTTXTTTXXXXXT,False,-295417.0,49704583.0,36,36,50.0,49704583.0,200,"[ADAPT-THRESH] p=64.9% < θ=65.8% (+0.067) state=DEGRADED → SKIP, [ADAPT-THRESH] p=64.9% < θ=68.8% (+0.067) state=DEGRADED → SKIP",UP (TAI),,0.8299,True,False,XTTXTTTXXXXXT,XTTTTXXTXTTXTTTXXXXXT,,,,,,,CLUSTERING (BET),POOR,Nghiêng X 4/5 phiên gần nhất,CONFIRMED,BET,XIU,0.6495,,0.9941,4,False,,,,,,,,,,,False,0,
2026-08-19,2026-08-19 06:16:30,06:16:30,3121594,TTXTTTXXXXXTX,1X,—,0,SKIP,[ADAPT-BLOCK] [ADAPT-HOUR] h06 wr=29% (base=44%) → BLOCK aggressive | [STATE=DEGRADED] roll=35% base=44% ratio=0.79 | hour06 wr=29% n=7 | size×0.30 thresh+0.067,0,2-2-1,5,XIU,SKIP,False,0,1.4556692544508545,0.0,0.0,1.4556692544508545,XIU,False,True,,1274.6381,50.0,49704583.0,-295417.0,-0.590834,50.0,36,36,1,0,3.1,5.3,False,False,False,0,15000000.0,-2.0,0,65000000,50000000.0,False,False,False,False,False,0.0,0.0,NEUTRAL,TTTTXXTXTTXTTTXXXXXTX,False,-295417.0,49704583.0,36,36,50.0,49704583.0,200,"[ADAPT-THRESH] p=64.9% < θ=65.8% (+0.067) state=DEGRADED → SKIP, [ADAPT-THRESH] p=64.9% < θ=68.8% (+0.067) state=DEGRADED → SKIP, [ADAPT-BLOCK] [ADAPT-HOUR] h06 wr=29% (base=44%) → BLOCK aggressive | [STATE=DEGRADED] roll=35% base=44% ratio=0.79 | hour06 wr=29% n=7 | size×0.30 thresh+0.067",SIDEWAY,,0.3623,False,True,TTXTTTXXXXXTX,TTTTXXTXTTXTTTXXXXXTX,,,,,,,CHOPPY (RAC),POOR,Nghiêng X 4/5 phiên gần nhất,CONFIRMED,BET,XIU,0.6495,,0.9941,4,False,,,,,,,,,,,False,0,
2026-08-19,2026-08-19 06:17:41,06:17:41,3121595,TXTTTXXXXXTXX,2X,—,0,SKIP,[ADAPT-BLOCK] [ADAPT-HOUR] h06 wr=29% (base=44%) → BLOCK aggressive | [STATE=DEGRADED] roll=35% base=44% ratio=0.79 | hour06 wr=29% n=7 | size×0.30 thresh+0.067,0,2-2-4,8,XIU,SKIP,False,0,38.98131355746477,0.0,0.0,38.98131355746477,XIU,False,True,,1517.8442,50.0,49704583.0,-295417.0,-0.590834,50.0,36,36,1,0,3.1,5.3,False,False,False,0,15000000.0,-2.0,0,65000000,50000000.0,False,False,False,False,False,0.0,0.0,NEUTRAL,TTTXXTXTTXTTTXXXXXTXX,False,-295417.0,49704583.0,36,36,50.0,49704583.0,200,"[ADAPT-THRESH] p=64.9% < θ=68.8% (+0.067) state=DEGRADED → SKIP, [ADAPT-BLOCK] [ADAPT-HOUR] h06 wr=29% (base=44%) → BLOCK aggressive | [STATE=DEGRADED] roll=35% base=44% ratio=0.79 | hour06 wr=29% n=7 | size×0.30 thresh+0.067, [ADAPT-BLOCK] [ADAPT-HOUR] h06 wr=29% (base=44%) → BLOCK aggressive | [STATE=DEGRADED] roll=35% base=44% ratio=0.79 | hour06 wr=29% n=7 | size×0.30 thresh+0.067",SIDEWAY,,0.3645,True,True,TXTTTXXXXXTXX,TTTXXTXTTXTTTXXXXXTXX,,,,,,,CHOPPY (RAC),POOR,Nghiêng X 4/5 phiên gần nhất,CONFIRMED,BET,XIU,0.6495,,0.9941,4,False,,,,,,,,,,,False,0,
2026-08-19,2026-08-19 06:18:52,06:18:52,3121596,XTTTXXXXXTXXX,3X,—,0,SKIP,[ADAPT-THRESH] p=64.9% < θ=66.4% (+0.067) state=DEGRADED → SKIP,0,6-6-1,13,TAI,SKIP,False,0,8.817282859906264,0.0,0.0,8.817282859906264,TAI,False,True,,1229.6407,50.0,49704583.0,-295417.0,-0.590834,50.0,36,36,1,0,3.1,5.3,False,False,False,0,15000000.0,-2.0,0,65000000,50000000.0,False,False,False,False,False,0.0,0.0,NEUTRAL,TTXXTXTTXTTTXXXXXTXXX,False,-295417.0,49704583.0,36,36,50.0,49704583.0,200,"[ADAPT-BLOCK] [ADAPT-HOUR] h06 wr=29% (base=44%) → BLOCK aggressive | [STATE=DEGRADED] roll=35% base=44% ratio=0.79 | hour06 wr=29% n=7 | size×0.30 thresh+0.067, [ADAPT-BLOCK] [ADAPT-HOUR] h06 wr=29% (base=44%) → BLOCK aggressive | [STATE=DEGRADED] roll=35% base=44% ratio=0.79 | hour06 wr=29% n=7 | size×0.30 thresh+0.067, [ADAPT-THRESH] p=64.9% < θ=66.4% (+0.067) state=DEGRADED → SKIP",UP (TAI),,0.4153,True,False,XTTTXXXXXTXXX,TTXXTXTTXTTTXXXXXTXXX,,,,,,,CLUSTERING (BET),NORMAL,Bet X dang chay 3 ván liên tiếp,CONFIRMED,BET,XIU,0.6495,,0.9941,4,False,,,,,,,,,,,False,0,
2026-08-19,2026-08-19 06:20:03,06:20:03,3121597,TTTXXXXXTXXXT,1T,—,0,SKIP,[ADAPT-BLOCK] [ADAPT-HOUR] h06 wr=29% (base=44%) → BLOCK aggressive | [STATE=DEGRADED] roll=35% base=44% ratio=0.79 | hour06 wr=29% n=7 | size×0.30 thresh+0.067,0,1-1-3,5,XIU,SKIP,False,0,18.729769151059283,0.0,0.0,18.729769151059283,XIU,False,True,,974.0508,50.0,49704583.0,-295417.0,-0.590834,50.0,36,36,1,0,3.1,5.3,False,False,False,0,15000000.0,-2.0,0,65000000,50000000.0,False,False,False,False,False,0.0,0.0,NEUTRAL,TXXTXTTXTTTXXXXXTXXXT,False,-295417.0,49704583.0,36,36,50.0,49704583.0,200,"[ADAPT-BLOCK] [ADAPT-HOUR] h06 wr=29% (base=44%) → BLOCK aggressive | [STATE=DEGRADED] roll=35% base=44% ratio=0.79 | hour06 wr=29% n=7 | size×0.30 thresh+0.067, [ADAPT-THRESH] p=64.9% < θ=66.4% (+0.067) state=DEGRADED → SKIP, [ADAPT-BLOCK] [ADAPT-HOUR] h06 wr=29% (base=44%) → BLOCK aggressive | [STATE=DEGRADED] roll=35% base=44% ratio=0.79 | hour06 wr=29% n=7 | size×0.30 thresh+0.067",UP (TAI),,0.3438,True,False,TTTXXXXXTXXXT,TXXTXTTXTTTXXXXXTXXXT,,,,,,,CHOPPY (RAC),POOR,"Motif 'XXXT' (chu kỳ 4) đang lặp lại, đã thấy 8 phiên khớp",CONFIRMED,BET,XIU,0.6495,,0.9941,4,False,,,,,,,,,,,False,0,
2026-08-19,2026-08-19 06:21:14,06:21:14,3121598,TTXXXXXTXXXTX,1X,—,0,SKIP,[ADAPT-BLOCK] [ADAPT-HOUR] h06 wr=29% (base=44%) → BLOCK aggressive | [STATE=DEGRADED] roll=35% base=44% ratio=0.79 | hour06 wr=29% n=7 | size×0.30 thresh+0.067,0,5-6-6,17,TAI,SKIP,False,0,1.4315284845806031,0.0,0.0,1.4315284845806031,TAI,False,True,,1295.8777,50.0,49704583.0,-295417.0,-0.590834,50.0,36,36,1,0,3.1,5.3,False,False,False,0,15000000.0,-2.0,0,65000000,50000000.0,False,False,False,False,False,0.0,0.0,NEUTRAL,XXTXTTXTTTXXXXXTXXXTX,False,-295417.0,49704583.0,36,36,50.0,49704583.0,200,"[ADAPT-THRESH] p=64.9% < θ=66.4% (+0.067) state=DEGRADED → SKIP, [ADAPT-BLOCK] [ADAPT-HOUR] h06 wr=29% (base=44%) → BLOCK aggressive | [STATE=DEGRADED] roll=35% base=44% ratio=0.79 | hour06 wr=29% n=7 | size×0.30 thresh+0.067, [ADAPT-BLOCK] [ADAPT-HOUR] h06 wr=29% (base=44%) → BLOCK aggressive | [STATE=DEGRADED] roll=35% base=44% ratio=0.79 | hour06 wr=29% n=7 | size×0.30 thresh+0.067",SIDEWAY,,0.4703,True,False,TTXXXXXTXXXTX,XXTXTTXTTTXXXXXTXXXTX,,,,,,,CHOPPY (RAC),NORMAL,"Motif 'XXTX' (chu kỳ 4) đang lặp lại, đã thấy 9 phiên khớp",CONFIRMED,BET,XIU,0.6495,,0.9941,4,False,,,,,,,,,,,False,0,
2026-08-19,2026-08-19 06:22:25,06:22:25,3121599,TXXXXXTXXXTXT,1T,—,0,SKIP,[ADAPT-BLOCK] [ADAPT-HOUR] h06 wr=29% (base=44%) → BLOCK aggressive | [STATE=DEGRADED] roll=35% base=44% ratio=0.79 | hour06 wr=29% n=7 | size×0.30 thresh+0.067,0,5-4-1,10,XIU,SKIP,False,0,10.897516888190006,0.0,0.0,10.897516888190006,TAI,False,True,,1388.4222,50.0,49704583.0,-295417.0,-0.590834,50.0,36,36,1,0,3.1,5.3,False,False,False,0,15000000.0,-2.0,0,65000000,50000000.0,False,False,False,False,False,0.0,0.0,NEUTRAL,XTXTTXTTTXXXXXTXXXTXT,False,-295417.0,49704583.0,36,36,50.0,49704583.0,200,"[ADAPT-BLOCK] [ADAPT-HOUR] h06 wr=29% (base=44%) → BLOCK aggressive | [STATE=DEGRADED] roll=35% base=44% ratio=0.79 | hour06 wr=29% n=7 | size×0.30 thresh+0.067, [ADAPT-BLOCK] [ADAPT-HOUR] h06 wr=29% (base=44%) → BLOCK aggressive | [STATE=DEGRADED] roll=35% base=44% ratio=0.79 | hour06 wr=29% n=7 | size×0.30 thresh+0.067, [ADAPT-BLOCK] [ADAPT-HOUR] h06 wr=29% (base=44%) → BLOCK aggressive | [STATE=DEGRADED] roll=35% base=44% ratio=0.79 | hour06 wr=29% n=7 | size×0.30 thresh+0.067",SIDEWAY,,0.2951,False,False,TXXXXXTXXXTXT,XTXTTXTTTXXXXXTXXXTXT,,,,,,,CHOPPY (RAC),NORMAL,Nghiêng X 7/10 phiên gần nhất,CONFIRMED,BET,XIU,0.6495,,0.9941,4,False,,,,,,,,,,,False,0,
2026-08-19,2026-08-19 06:23:36,06:23:36,3121600,XXXXXTXXXTXTX,1X,—,0,SKIP,[ADAPT-THRESH] p=64.9% < θ=67.7% (+0.067) state=DEGRADED → SKIP,0,4-5-3,12,TAI,SKIP,False,0,5.253630319641097,0.0,0.0,5.253630319641097,TAI,False,True,,1473.2848,50.0,49704583.0,-295417.0,-0.590834,50.0,36,36,1,0,3.1,5.3,False,False,False,0,15000000.0,-2.0,0,65000000,50000000.0,False,False,False,False,False,0.0,0.0,NEUTRAL,TXTTXTTTXXXXXTXXXTXTX,False,-295417.0,49704583.0,36,36,50.0,49704583.0,200,"[ADAPT-BLOCK] [ADAPT-HOUR] h06 wr=29% (base=44%) → BLOCK aggressive | [STATE=DEGRADED] roll=35% base=44% ratio=0.79 | hour06 wr=29% n=7 | size×0.30 thresh+0.067, [ADAPT-BLOCK] [ADAPT-HOUR] h06 wr=29% (base=44%) → BLOCK aggressive | [STATE=DEGRADED] roll=35% base=44% ratio=0.79 | hour06 wr=29% n=7 | size×0.30 thresh+0.067, [ADAPT-THRESH] p=64.9% < θ=67.7% (+0.067) state=DEGRADED → SKIP",SIDEWAY,,0.7394,True,False,XXXXXTXXXTXTX,TXTTXTTTXXXXXTXXXTXTX,,,,,,,ALTERNATING (NHAY),NORMAL,Nghiêng X 5/7 phiên gần nhất,CONFIRMED,BET,XIU,0.6495,,0.9941,4,False,,,,,,,,,,,False,0,
2026-08-19,2026-08-19 06:24:47,06:24:47,3121601,XXXXTXXXTXTXT,1T,—,0,SKIP,[ADAPT-THRESH] p=64.9% < θ=70.7% (+0.067) state=DEGRADED → SKIP,0,2-4-5,11,TAI,SKIP,False,0,29.963944716182095,0.0,0.0,29.963944716182095,XIU,False,True,,1237.0902,50.0,49704583.0,-295417.0,-0.590834,50.0,36,36,1,0,3.1,5.3,False,False,False,0,15000000.0,-2.0,0,65000000,50000000.0,False,False,False,False,False,0.0,0.0,NEUTRAL,XTTXTTTXXXXXTXXXTXTXT,False,-295417.0,49704583.0,36,36,50.0,49704583.0,200,"[ADAPT-BLOCK] [ADAPT-HOUR] h06 wr=29% (base=44%) → BLOCK aggressive | [STATE=DEGRADED] roll=35% base=44% ratio=0.79 | hour06 wr=29% n=7 | size×0.30 thresh+0.067, [ADAPT-THRESH] p=64.9% < θ=67.7% (+0.067) state=DEGRADED → SKIP, [ADAPT-THRESH] p=64.9% < θ=70.7% (+0.067) state=DEGRADED → SKIP",SIDEWAY,,0.7416,True,False,XXXXTXXXTXTXT,XTTXTTTXXXXXTXXXTXTXT,,,,,,,ALTERNATING (NHAY),NORMAL,"Motif 'XT' (chu kỳ 2) đang lặp lại, đã thấy 6 phiên khớp",CONFIRMED,BET,XIU,0.6495,,0.9941,4,False,,,,,,,,,,,False,0,
2026-08-19,2026-08-19 06:25:58,06:25:58,3121602,XXXTXXXTXTXTT,2T,—,0,SKIP,[ADAPT-THRESH] p=64.9% < θ=66.7% (+0.067) state=DEGRADED → SKIP,0,2-1-5,8,XIU,SKIP,False,0,15.209549840607686,0.0,0.0,15.209549840607686,XIU,False,True,,923.0273,50.0,49704583.0,-295417.0,-0.590834,50.0,36,36,1,0,3.1,5.3,False,False,False,0,15000000.0,-2.0,0,65000000,50000000.0,False,False,False,False,False,0.0,0.0,NEUTRAL,TTXTTTXXXXXTXXXTXTXTT,False,-295417.0,49704583.0,36,36,50.0,49704583.0,200,"[ADAPT-THRESH] p=64.9% < θ=67.7% (+0.067) state=DEGRADED → SKIP, [ADAPT-THRESH] p=64.9% < θ=70.7% (+0.067) state=DEGRADED → SKIP, [ADAPT-THRESH] p=64.9% < θ=66.7% (+0.067) state=DEGRADED → SKIP",SIDEWAY,,0.7596,False,False,XXXTXXXTXTXTT,TTXTTTXXXXXTXXXTXTXTT,,,,,,,ALTERNATING (NHAY),NORMAL,Mới 2 ván T liên tiếp — có thể đang hình thành bệt,FORMING,BET,XIU,0.6495,,0.9941,4,False,,,,,,,,,,,False,0,
2026-08-19,2026-08-19 06:27:09,06:27:09,3121603,XXTXXXTXTXTTX,1X,—,0,SKIP,[ADAPT-THRESH] p=64.9% < θ=70.7% (+0.067) state=DEGRADED → SKIP,0,4-1-1,6,XIU,SKIP,False,0,0.5918585633776408,0.0,0.0,0.5918585633776408,TAI,False,True,,936.0834,50.0,49704583.0,-295417.0,-0.590834,50.0,36,36,1,0,3.1,5.3,False,False,False,0,15000000.0,-2.0,0,65000000,50000000.0,False,False,False,False,False,0.0,0.0,NEUTRAL,TXTTTXXXXXTXXXTXTXTTX,False,-295417.0,49704583.0,36,36,50.0,49704583.0,200,"[ADAPT-THRESH] p=64.9% < θ=70.7% (+0.067) state=DEGRADED → SKIP, [ADAPT-THRESH] p=64.9% < θ=66.7% (+0.067) state=DEGRADED → SKIP, [ADAPT-THRESH] p=64.9% < θ=70.7% (+0.067) state=DEGRADED → SKIP",DOWN (XIU),,0.4136,False,False,XXTXXXTXTXTTX,TXTTTXXXXXTXXXTXTXTTX,,,,,,,ALTERNATING (NHAY),NORMAL,Khớp đúng mẫu tăng giảm 1-2-1 ở 3 đoạn gần nhất,CONFIRMED,BET,XIU,0.6495,,0.9941,4,False,,,,,,,,,,,False,0,
2026-08-19,2026-08-19 06:28:20,06:28:20,3121604,XTXXXTXTXTTXX,2X,—,0,SKIP,[ADAPT-THRESH] p=64.9% < θ=67.7% (+0.067) state=DEGRADED → SKIP,0,2-1-3,6,XIU,SKIP,False,0,5.367958430935453,0.0,0.0,5.367958430935453,XIU,False,True,,1088.9923,50.0,49704583.0,-295417.0,-0.590834,50.0,36,36,1,0,3.1,5.3,False,False,False,0,15000000.0,-2.0,0,65000000,50000000.0,False,False,False,False,False,0.0,0.0,NEUTRAL,XTTTXXXXXTXXXTXTXTTXX,False,-295417.0,49704583.0,36,36,50.0,49704583.0,200,"[ADAPT-THRESH] p=64.9% < θ=66.7% (+0.067) state=DEGRADED → SKIP, [ADAPT-THRESH] p=64.9% < θ=70.7% (+0.067) state=DEGRADED → SKIP, [ADAPT-THRESH] p=64.9% < θ=67.7% (+0.067) state=DEGRADED → SKIP",DOWN (XIU),,0.4227,False,False,XTXXXTXTXTTXX,XTTTXXXXXTXXXTXTXTTXX,,,,,,,CHOPPY (RAC),POOR,"Motif 'XTXTXTTXX' (chu kỳ 9) đang lặp lại, đã thấy 12 phiên khớp",FORMING,BET,XIU,0.6495,,0.9941,4,False,,,,,,,,,,,False,0,
2026-08-19,2026-08-19 06:29:31,06:29:31,3121605,TXXXTXTXTTXXX,3X,—,0,SKIP,[ADAPT-BLOCK] [ADAPT-HOUR] h06 wr=29% (base=44%) → BLOCK aggressive | [STATE=DEGRADED] roll=35% base=44% ratio=0.79 | hour06 wr=29% n=7 | size×0.30 thresh+0.067,0,3-2-2,7,XIU,SKIP,False,0,1.5633762686613146,0.0,0.0,1.5633762686613146,TAI,False,True,,1072.454,50.0,49704583.0,-295417.0,-0.590834,50.0,36,36,1,0,3.1,5.3,False,False,False,0,15000000.0,-2.0,0,65000000,50000000.0,False,False,False,False,False,0.0,0.0,NEUTRAL,TTTXXXXXTXXXTXTXTTXXX,False,-295417.0,49704583.0,36,36,50.0,49704583.0,200,"[ADAPT-THRESH] p=64.9% < θ=70.7% (+0.067) state=DEGRADED → SKIP, [ADAPT-THRESH] p=64.9% < θ=67.7% (+0.067) state=DEGRADED → SKIP, [ADAPT-BLOCK] [ADAPT-HOUR] h06 wr=29% (base=44%) → BLOCK aggressive | [STATE=DEGRADED] roll=35% base=44% ratio=0.79 | hour06 wr=29% n=7 | size×0.30 thresh+0.067",SIDEWAY,,0.4402,False,False,TXXXTXTXTTXXX,TTTXXXXXTXXXTXTXTTXXX,,,,,,,CHOPPY (RAC),POOR,Bet X dang chay 3 ván liên tiếp,CONFIRMED,BET,XIU,0.6495,,0.9941,4,False,,,,,,,,,,,False,0,
2026-08-19,2026-08-19 06:30:42,06:30:42,3121606,XXXTXTXTTXXXX,4X,—,0,SKIP,[ADAPT-BLOCK] [ADAPT-HOUR] h06 wr=29% (base=44%) → BLOCK aggressive | [STATE=DEGRADED] roll=35% base=44% ratio=0.79 | hour06 wr=29% n=7 | size×0.30 thresh+0.067,0,6-1-5,12,TAI,SKIP,False,0,5.483797691212799,0.0,0.0,5.483797691212799,XIU,False,True,,1122.2579,50.0,49704583.0,-295417.0,-0.590834,50.0,36,36,1,0,3.1,5.3,False,False,False,0,15000000.0,-2.0,0,65000000,50000000.0,False,False,False,False,False,0.0,0.0,NEUTRAL,TTXXXXXTXXXTXTXTTXXXX,False,-295417.0,49704583.0,36,36,50.0,49704583.0,200,"[ADAPT-THRESH] p=64.9% < θ=67.7% (+0.067) state=DEGRADED → SKIP, [ADAPT-BLOCK] [ADAPT-HOUR] h06 wr=29% (base=44%) → BLOCK aggressive | [STATE=DEGRADED] roll=35% base=44% ratio=0.79 | hour06 wr=29% n=7 | size×0.30 thresh+0.067, [ADAPT-BLOCK] [ADAPT-HOUR] h06 wr=29% (base=44%) → BLOCK aggressive | [STATE=DEGRADED] roll=35% base=44% ratio=0.79 | hour06 wr=29% n=7 | size×0.30 thresh+0.067",UP (TAI),,0.4468,False,False,XXXTXTXTTXXXX,TTXXXXXTXXXTXTXTTXXXX,,,,,,,CHOPPY (RAC),NORMAL,Bet X dang chay 4 ván liên tiếp,CONFIRMED,BET,XIU,0.6495,,0.9941,4,False,,,,,,,,,,,False,0,
2026-08-19,2026-08-19 06:31:53,06:31:53,3121607,XXTXTXTTXXXXT,1T,—,0,SKIP,[ADAPT-BLOCK] [ADAPT-HOUR] h06 wr=29% (base=44%) → BLOCK aggressive | [STATE=DEGRADED] roll=35% base=44% ratio=0.79 | hour06 wr=29% n=7 | size×0.30 thresh+0.067,0,5-1-3,9,XIU,SKIP,False,0,12.510879903724664,0.0,0.0,12.510879903724664,TAI,False,True,,1111.8711,50.0,49704583.0,-295417.0,-0.590834,50.0,36,36,1,0,3.1,5.3,False,False,False,0,15000000.0,-2.0,0,65000000,50000000.0,False,False,False,False,False,0.0,0.0,NEUTRAL,TXXXXXTXXXTXTXTTXXXXT,False,-295417.0,49704583.0,36,36,50.0,49704583.0,200,"[ADAPT-BLOCK] [ADAPT-HOUR] h06 wr=29% (base=44%) → BLOCK aggressive | [STATE=DEGRADED] roll=35% base=44% ratio=0.79 | hour06 wr=29% n=7 | size×0.30 thresh+0.067, [ADAPT-BLOCK] [ADAPT-HOUR] h06 wr=29% (base=44%) → BLOCK aggressive | [STATE=DEGRADED] roll=35% base=44% ratio=0.79 | hour06 wr=29% n=7 | size×0.30 thresh+0.067, [ADAPT-BLOCK] [ADAPT-HOUR] h06 wr=29% (base=44%) → BLOCK aggressive | [STATE=DEGRADED] roll=35% base=44% ratio=0.79 | hour06 wr=29% n=7 | size×0.30 thresh+0.067",UP (TAI),,0.2432,True,False,XXTXTXTTXXXXT,TXXXXXTXXXTXTXTTXXXXT,,,,,,,CHOPPY (RAC),POOR,Nghiêng X 4/5 phiên gần nhất,CONFIRMED,BET,XIU,0.6495,,0.9941,4,False,,,,,,,,,,,False,0,
2026-08-19,2026-08-19 06:33:04,06:33:04,3121608,XTXTXTTXXXXTX,1X,—,0,SKIP,[ADAPT-BLOCK] [ADAPT-HOUR] h06 wr=29% (base=44%) → BLOCK aggressive | [STATE=DEGRADED] roll=35% base=44% ratio=0.79 | hour06 wr=29% n=7 | size×0.30 thresh+0.067,0,2-6-2,10,XIU,SKIP,False,0,1.7339633414249183,0.0,0.0,1.7339633414249183,XIU,False,True,,1107.3566,50.0,49704583.0,-295417.0,-0.590834,50.0,36,36,1,0,3.1,5.3,False,False,False,0,15000000.0,-2.0,0,65000000,50000000.0,False,False,False,False,False,0.0,0.0,NEUTRAL,XXXXXTXXXTXTXTTXXXXTX,False,-295417.0,49704583.0,36,36,50.0,49704583.0,200,"[ADAPT-BLOCK] [ADAPT-HOUR] h06 wr=29% (base=44%) → BLOCK aggressive | [STATE=DEGRADED] roll=35% base=44% ratio=0.79 | hour06 wr=29% n=7 | size×0.30 thresh+0.067, [ADAPT-BLOCK] [ADAPT-HOUR] h06 wr=29% (base=44%) → BLOCK aggressive | [STATE=DEGRADED] roll=35% base=44% ratio=0.79 | hour06 wr=29% n=7 | size×0.30 thresh+0.067, [ADAPT-BLOCK] [ADAPT-HOUR] h06 wr=29% (base=44%) → BLOCK aggressive | [STATE=DEGRADED] roll=35% base=44% ratio=0.79 | hour06 wr=29% n=7 | size×0.30 thresh+0.067",SIDEWAY,,0.6908,False,False,XTXTXTTXXXXTX,XXXXXTXXXTXTXTTXXXXTX,,,,,,,CHOPPY (RAC),POOR,Nghiêng X 4/5 phiên gần nhất,CONFIRMED,BET,XIU,0.6495,,0.9941,4,False,,,,,,,,,,,False,0,
2026-08-19,2026-08-19 06:34:15,06:34:15,3121609,TXTXTTXXXXTXX,2X,—,0,SKIP,[ADAPT-BLOCK] [ADAPT-HOUR] h06 wr=29% (base=44%) → BLOCK aggressive | [STATE=DEGRADED] roll=35% base=44% ratio=0.79 | hour06 wr=29% n=7 | size×0.30 thresh+0.067,0,3-3-1,7,XIU,SKIP,False,0,7.52250002803699,0.0,0.0,7.52250002803699,TAI,False,True,,1057.4423,50.0,49704583.0,-295417.0,-0.590834,50.0,36,36,1,0,3.1,5.3,False,False,False,0,15000000.0,-2.0,0,65000000,50000000.0,False,False,False,False,False,0.0,0.0,NEUTRAL,XXXXTXXXTXTXTTXXXXTXX,False,-295417.0,49704583.0,36,36,50.0,49704583.0,200,"[ADAPT-BLOCK] [ADAPT-HOUR] h06 wr=29% (base=44%) → BLOCK aggressive | [STATE=DEGRADED] roll=35% base=44% ratio=0.79 | hour06 wr=29% n=7 | size×0.30 thresh+0.067, [ADAPT-BLOCK] [ADAPT-HOUR] h06 wr=29% (base=44%) → BLOCK aggressive | [STATE=DEGRADED] roll=35% base=44% ratio=0.79 | hour06 wr=29% n=7 | size×0.30 thresh+0.067, [ADAPT-BLOCK] [ADAPT-HOUR] h06 wr=29% (base=44%) → BLOCK aggressive | [STATE=DEGRADED] roll=35% base=44% ratio=0.79 | hour06 wr=29% n=7 | size×0.30 thresh+0.067",SIDEWAY,,0.5106,True,False,TXTXTTXXXXTXX,XXXXTXXXTXTXTTXXXXTXX,,,,,,,CHOPPY (RAC),POOR,Nghiêng X 4/5 phiên gần nhất,CONFIRMED,BET,XIU,0.6495,,0.9941,4,False,,,,,,,,,,,False,0,
2026-08-19,2026-08-19 06:35:26,06:35:26,3121610,XTXTTXXXXTXXX,3X,—,0,SKIP,[ADAPT-BLOCK] [ADAPT-HOUR] h06 wr=29% (base=44%) → BLOCK aggressive | [STATE=DEGRADED] roll=35% base=44% ratio=0.79 | hour06 wr=29% n=7 | size×0.30 thresh+0.067,0,5-4-1,10,XIU,SKIP,False,0,1.5275685320457397,0.0,0.0,1.5275685320457397,XIU,False,True,,1139.2925,50.0,49704583.0,-295417.0,-0.590834,50.0,36,36,1,0,3.1,5.3,False,False,False,0,15000000.0,-2.0,0,65000000,50000000.0,False,False,False,False,False,0.0,0.0,NEUTRAL,XXXTXXXTXTXTTXXXXTXXX,False,-295417.0,49704583.0,36,36,50.0,49704583.0,200,"[ADAPT-BLOCK] [ADAPT-HOUR] h06 wr=29% (base=44%) → BLOCK aggressive | [STATE=DEGRADED] roll=35% base=44% ratio=0.79 | hour06 wr=29% n=7 | size×0.30 thresh+0.067, [ADAPT-BLOCK] [ADAPT-HOUR] h06 wr=29% (base=44%) → BLOCK aggressive | [STATE=DEGRADED] roll=35% base=44% ratio=0.79 | hour06 wr=29% n=7 | size×0.30 thresh+0.067, [ADAPT-BLOCK] [ADAPT-HOUR] h06 wr=29% (base=44%) → BLOCK aggressive | [STATE=DEGRADED] roll=35% base=44% ratio=0.79 | hour06 wr=29% n=7 | size×0.30 thresh+0.067",SIDEWAY,,0.6106,True,False,XTXTTXXXXTXXX,XXXTXXXTXTXTTXXXXTXXX,,,,,,,CHOPPY (RAC),NORMAL,Bet X dang chay 3 ván liên tiếp,CONFIRMED,BET,XIU,0.6495,,0.9941,4,False,,,,,,,,,,,False,0,
2026-08-19,2026-08-19 06:36:37,06:36:37,3121611,TXTTXXXXTXXXX,4X,—,0,SKIP,[ADAPT-BLOCK] [ADAPT-HOUR] h06 wr=29% (base=44%) → BLOCK aggressive | [STATE=DEGRADED] roll=35% base=44% ratio=0.79 | hour06 wr=29% n=7 | size×0.30 thresh+0.067,0,2-1-2,5,XIU,SKIP,False,0,5.228267907053688,0.0,0.0,5.228267907053688,TAI,False,True,,1169.7046,50.0,49704583.0,-295417.0,-0.590834,50.0,36,36,1,0,3.1,5.3,False,False,False,0,15000000.0,-2.0,0,65000000,50000000.0,False,False,False,False,False,0.0,0.0,NEUTRAL,XXTXXXTXTXTTXXXXTXXXX,False,-295417.0,49704583.0,36,36,50.0,49704583.0,200,"[ADAPT-BLOCK] [ADAPT-HOUR] h06 wr=29% (base=44%) → BLOCK aggressive | [STATE=DEGRADED] roll=35% base=44% ratio=0.79 | hour06 wr=29% n=7 | size×0.30 thresh+0.067, [ADAPT-BLOCK] [ADAPT-HOUR] h06 wr=29% (base=44%) → BLOCK aggressive | [STATE=DEGRADED] roll=35% base=44% ratio=0.79 | hour06 wr=29% n=7 | size×0.30 thresh+0.067, [ADAPT-BLOCK] [ADAPT-HOUR] h06 wr=29% (base=44%) → BLOCK aggressive | [STATE=DEGRADED] roll=35% base=44% ratio=0.79 | hour06 wr=29% n=7 | size×0.30 thresh+0.067",SIDEWAY,,0.5439,True,False,TXTTXXXXTXXXX,XXTXXXTXTXTTXXXXTXXXX,,,,,,,CHOPPY (RAC),NORMAL,"Motif 'TXXXX' (chu kỳ 5) đang lặp lại, đã thấy 10 phiên khớp",CONFIRMED,BET,XIU,0.6495,,0.9941,4,False,,,,,,,,,,,False,0,
2026-08-19,2026-08-19 06:37:48,06:37:48,3121612,XTTXXXXTXXXXX,5X,—,0,SKIP,[ADAPT-THRESH] p=64.9% < θ=65.8% (+0.067) state=DEGRADED → SKIP,0,1-4-3,8,XIU,SKIP,False,0,5.000623784966826,0.0,0.0,5.000623784966826,TAI,False,True,,1148.9697,50.0,49704583.0,-295417.0,-0.590834,50.0,36,36,1,0,3.1,5.3,False,False,False,0,15000000.0,-2.0,0,65000000,50000000.0,False,False,False,False,False,0.0,0.0,NEUTRAL,XTXXXTXTXTTXXXXTXXXXX,False,-295417.0,49704583.0,36,36,50.0,49704583.0,200,"[ADAPT-BLOCK] [ADAPT-HOUR] h06 wr=29% (base=44%) → BLOCK aggressive | [STATE=DEGRADED] roll=35% base=44% ratio=0.79 | hour06 wr=29% n=7 | size×0.30 thresh+0.067, [ADAPT-BLOCK] [ADAPT-HOUR] h06 wr=29% (base=44%) → BLOCK aggressive | [STATE=DEGRADED] roll=35% base=44% ratio=0.79 | hour06 wr=29% n=7 | size×0.30 thresh+0.067, [ADAPT-THRESH] p=64.9% < θ=65.8% (+0.067) state=DEGRADED → SKIP",SIDEWAY,,0.5583,True,False,XTTXXXXTXXXXX,XTXXXTXTXTTXXXXTXXXXX,,,,,,,CLUSTERING (BET),NORMAL,Bet X dang chay 5 ván liên tiếp,CONFIRMED,BET,XIU,0.6495,,0.9941,4,False,,,,,,,,,,,False,0,
2026-08-19,2026-08-19 06:38:59,06:38:59,3121613,TTXXXXTXXXXXX,6X,TAI,24089,SNIPER_LOW,"[FADE-BỆT] sc=6X ≥6 → đảo bám cầu, đánh T [ADAPT-SIZE×0.29 →LOW]",65,4-5-4,13,TAI,WIN,True,23607,34.79567625897536,0.0,0.0,34.79567625897536,XIU,False,True,,77.9424,50.0,49728190.0,-271810.0,-0.54362,50.68493150684932,37,36,2,0,3.1,5.3,False,False,False,0,15000000.0,-1.8,0,65000000,50000000.0,False,False,False,False,False,0.0,0.0,NEUTRAL,TXXXTXTXTTXXXXTXXXXXX,False,-271810.0,49728190.0,37,36,50.7,49728190.0,200,,SIDEWAY,,0.4891,True,False,TTXXXXTXXXXXX,TXXXTXTXTTXXXXTXXXXXX,,,,,,,CLUSTERING (BET),NORMAL,Bet X dang chay 6 ván liên tiếp,CONFIRMED,BET,XIU,0.6495,,0.9941,4,False,,,,,,,,FOLLOW,TAI,"[ADAPTIVE-HOLD] p̂=68.0% n_eff=14.6 (chưa đủ bằng chứng để đảo, |flip_score|<0.9) → size 100%.",False,0,
2026-08-19,2026-08-19 06:40:10,06:40:10,3121614,TXXXXTXXXXXXT,1T,—,0,SKIP,[ADAPT-THRESH] p=64.9% < θ=69.8% (+0.074) state=DEGRADED → SKIP,0,4-1-1,6,XIU,SKIP,False,0,6.00734159665671,0.0,0.0,6.00734159665671,TAI,False,True,,1025.6663,50.0,49728190.0,-271810.0,-0.54362,50.68493150684932,37,36,2,0,3.1,5.3,False,False,False,0,15000000.0,-1.8,0,65000000,50000000.0,False,False,False,False,False,0.0,0.0,NEUTRAL,XXXTXTXTTXXXXTXXXXXXT,False,-271810.0,49728190.0,37,36,50.7,49728190.0,200,[ADAPT-THRESH] p=64.9% < θ=69.8% (+0.074) state=DEGRADED → SKIP,UP (TAI),,0.6271,True,False,TXXXXTXXXXXXT,XXXTXTXTTXXXXTXXXXXXT,,,,,,,CLUSTERING (BET),NORMAL,Nghiêng X 4/5 phiên gần nhất,CONFIRMED,BET,XIU,0.6495,,0.9941,4,False,,,,,,,,,,,False,0,
2026-08-19,2026-08-19 06:41:21,06:41:21,3121615,XXXXTXXXXXXTX,1X,TAI,27642,SNIPER_LOW,[BẮT RÁC] online fadeWR=0.44 followWR=0.42 nF=40 nFo=0 sc=1 | đu NGHIENG_5. Lật → T [ADAPT-SIZE×0.36 →LOW],64,4-5-4,13,TAI,WIN,True,27089,69.23266844762736,0.0,0.0,69.23266844762736,XIU,False,True,,76.7118,50.0,49755279.0,-244721.0,-0.489442,51.35135135135135,38,36,3,0,3.1,5.3,False,False,False,0,15000000.0,-1.6,0,65000000,50000000.0,False,False,False,False,False,0.0,0.0,NEUTRAL,XXTXTXTTXXXXTXXXXXXTX,False,-244721.0,49755279.0,38,36,51.4,49755279.0,200,,SIDEWAY,,0.5003,True,False,XXXXTXXXXXXTX,XXTXTXTTXXXXTXXXXXXTX,,,,,,,CHOPPY (RAC),NORMAL,Nghiêng X 4/5 phiên gần nhất,CONFIRMED,BET,XIU,0.6495,,0.9941,4,False,,,,,,,,FOLLOW,TAI,"[ADAPTIVE-HOLD] p̂=54.8% n_eff=25.2 (chưa đủ bằng chứng để đảo, |flip_score|<0.9) → size 100%.",False,0,
2026-08-19,2026-08-19 06:42:32,06:42:32,3121616,XXXTXXXXXXTXT,1T,—,0,SKIP,[ADAPT-BLOCK] [ADAPT-TOXIC] BAT_RAC roll=35% base=47% → BLOCK | [STATE=TOXIC] roll=35% base=47% ratio=0.75 toxStreak=46 | size×0.19 thresh+0.080,0,6-6-5,17,TAI,SKIP,False,0,15.433229834913575,0.0,0.0,15.433229834913575,XIU,False,True,,1217.3767,50.0,49755279.0,-244721.0,-0.489442,51.35135135135135,38,36,3,0,3.1,5.3,False,False,False,0,15000000.0,-1.6,0,65000000,50000000.0,False,False,False,False,False,0.0,0.0,NEUTRAL,XTXTXTTXXXXTXXXXXXTXT,False,-244721.0,49755279.0,38,36,51.4,49755279.0,200,[ADAPT-BLOCK] [ADAPT-TOXIC] BAT_RAC roll=35% base=47% → BLOCK | [STATE=TOXIC] roll=35% base=47% ratio=0.75 toxStreak=46 | size×0.19 thresh+0.080,SIDEWAY,,0.5345,False,False,XXXTXXXXXXTXT,XTXTXTTXXXXTXXXXXXTXT,,,,,,,CHOPPY (RAC),NORMAL,Nghiêng X 5/7 phiên gần nhất,CONFIRMED,BET,XIU,0.6495,,0.9941,4,False,,,,,,,,,,,False,0,
2026-08-19,2026-08-19 06:43:43,06:43:43,3121617,XXTXXXXXXTXTT,2T,—,0,SKIP,[ADAPT-BLOCK] [ADAPT-TOXIC] BAT_RAC roll=35% base=47% → BLOCK | [STATE=TOXIC] roll=35% base=47% ratio=0.75 toxStreak=91 | size×0.19 thresh+0.080,0,3-3-5,11,TAI,SKIP,False,0,16.040193827416324,0.0,0.0,16.040193827416324,TAI,False,True,,987.6359,50.0,49755279.0,-244721.0,-0.489442,51.35135135135135,38,36,3,0,3.1,5.3,False,False,False,0,15000000.0,-1.6,0,65000000,50000000.0,False,False,False,False,False,0.0,0.0,NEUTRAL,TXTXTTXXXXTXXXXXXTXTT,False,-244721.0,49755279.0,38,36,51.4,49755279.0,200,"[ADAPT-BLOCK] [ADAPT-TOXIC] BAT_RAC roll=35% base=47% → BLOCK | [STATE=TOXIC] roll=35% base=47% ratio=0.75 toxStreak=46 | size×0.19 thresh+0.080, [ADAPT-BLOCK] [ADAPT-TOXIC] BAT_RAC roll=35% base=47% → BLOCK | [STATE=TOXIC] roll=35% base=47% ratio=0.75 toxStreak=91 | size×0.19 thresh+0.080",UP (TAI),,0.2105,False,False,XXTXXXXXXTXTT,TXTXTTXXXXTXXXXXXTXTT,,,,,,,CHOPPY (RAC),NORMAL,Nghiêng X 7/10 phiên gần nhất,CONFIRMED,BET,XIU,0.6495,,0.9941,4,False,,,,,,,,,,,False,0,
2026-08-19,2026-08-19 06:44:54,06:44:54,3121618,XTXXXXXXTXTTT,3T,—,0,SKIP,[ADAPT-BLOCK] [ADAPT-TOXIC] BAT_RAC roll=35% base=47% → BLOCK | [STATE=TOXIC] roll=35% base=47% ratio=0.75 toxStreak=137 | size×0.19 thresh+0.080,0,6-1-3,10,XIU,SKIP,False,0,0.999947390599998,0.0,0.0,0.999947390599998,XIU,False,True,,960.4367,50.0,49755279.0,-244721.0,-0.489442,51.35135135135135,38,36,3,0,3.1,5.3,False,False,False,0,15000000.0,-1.6,0,65000000,50000000.0,False,False,False,False,False,0.0,0.0,NEUTRAL,XTXTTXXXXTXXXXXXTXTTT,False,-244721.0,49755279.0,38,36,51.4,49755279.0,200,"[ADAPT-BLOCK] [ADAPT-TOXIC] BAT_RAC roll=35% base=47% → BLOCK | [STATE=TOXIC] roll=35% base=47% ratio=0.75 toxStreak=46 | size×0.19 thresh+0.080, [ADAPT-BLOCK] [ADAPT-TOXIC] BAT_RAC roll=35% base=47% → BLOCK | [STATE=TOXIC] roll=35% base=47% ratio=0.75 toxStreak=91 | size×0.19 thresh+0.080, [ADAPT-BLOCK] [ADAPT-TOXIC] BAT_RAC roll=35% base=47% → BLOCK | [STATE=TOXIC] roll=35% base=47% ratio=0.75 toxStreak=137 | size×0.19 thresh+0.080",SIDEWAY,,0.5602,False,False,XTXXXXXXTXTTT,XTXTTXXXXTXXXXXXTXTTT,,,,,,,CHOPPY (RAC),POOR,Bet T dang chay 3 ván liên tiếp,CONFIRMED,BET,XIU,0.6495,,0.9941,4,False,,,,,,,,,,,False,0,
2026-08-19,2026-08-19 06:46:05,06:46:05,3121619,TXXXXXXTXTTTX,1X,—,0,SKIP,[ADAPT-THRESH] p=64.9% < θ=69.0% (+0.080) state=TOXIC → SKIP,0,5-6-5,16,TAI,SKIP,False,0,0.6800036253088051,0.0,0.0,0.6800036253088051,XIU,False,True,,1042.5043,50.0,49755279.0,-244721.0,-0.489442,51.35135135135135,38,36,3,0,3.1,5.3,False,False,False,0,15000000.0,-1.6,0,65000000,50000000.0,False,False,False,False,False,0.0,0.0,NEUTRAL,TXTTXXXXTXXXXXXTXTTTX,False,-244721.0,49755279.0,38,36,51.4,49755279.0,200,"[ADAPT-BLOCK] [ADAPT-TOXIC] BAT_RAC roll=35% base=47% → BLOCK | [STATE=TOXIC] roll=35% base=47% ratio=0.75 toxStreak=91 | size×0.19 thresh+0.080, [ADAPT-BLOCK] [ADAPT-TOXIC] BAT_RAC roll=35% base=47% → BLOCK | [STATE=TOXIC] roll=35% base=47% ratio=0.75 toxStreak=137 | size×0.19 thresh+0.080, [ADAPT-THRESH] p=64.9% < θ=69.0% (+0.080) state=TOXIC → SKIP",DOWN (XIU),,0.4631,True,False,TXXXXXXTXTTTX,TXTTXXXXTXXXXXXTXTTTX,,,,,,,CHOPPY (RAC),POOR,"Motif 'TTTX' (chu kỳ 4) đang lặp lại, đã thấy 6 phiên khớp",FORMING,BET,XIU,0.6495,,0.9941,4,False,,,,,,,,,,,False,0,
2026-08-19,2026-08-19 06:47:16,06:47:16,3121620,XXXXXXTXTTTXT,1T,—,0,SKIP,[ADAPT-BLOCK] [ADAPT-TOXIC] BAT_RAC roll=35% base=47% → BLOCK | [STATE=TOXIC] roll=35% base=47% ratio=0.75 toxStreak=227 | size×0.19 thresh+0.080,0,4-1-3,8,XIU,SKIP,False,0,0.1522646080855747,0.0,0.0,0.1522646080855747,TAI,False,True,,1170.7612,50.0,49755279.0,-244721.0,-0.489442,51.35135135135135,38,36,3,0,3.1,5.3,False,False,False,0,15000000.0,-1.6,0,65000000,50000000.0,False,False,False,False,False,0.0,0.0,NEUTRAL,XTTXXXXTXXXXXXTXTTTXT,False,-244721.0,49755279.0,38,36,51.4,49755279.0,200,"[ADAPT-BLOCK] [ADAPT-TOXIC] BAT_RAC roll=35% base=47% → BLOCK | [STATE=TOXIC] roll=35% base=47% ratio=0.75 toxStreak=137 | size×0.19 thresh+0.080, [ADAPT-THRESH] p=64.9% < θ=69.0% (+0.080) state=TOXIC → SKIP, [ADAPT-BLOCK] [ADAPT-TOXIC] BAT_RAC roll=35% base=47% → BLOCK | [STATE=TOXIC] roll=35% base=47% ratio=0.75 toxStreak=227 | size×0.19 thresh+0.080",SIDEWAY,,0.4831,True,True,XXXXXXTXTTTXT,XTTXXXXTXXXXXXTXTTTXT,,,,,,,CHOPPY (RAC),POOR,Nghiêng T 4/5 phiên gần nhất,CONFIRMED,BET,XIU,0.6495,,0.9941,4,False,,,,,,,,,,,False,0,
2026-08-19,2026-08-19 06:48:27,06:48:27,3121621,XXXXXTXTTTXTX,1X,—,0,SKIP,[ADAPT-THRESH] p=64.9% < θ=70.0% (+0.080) state=TOXIC → SKIP,0,1-4-5,10,XIU,SKIP,False,0,16.345248902762563,0.0,0.0,16.345248902762563,TAI,False,True,,1213.6033,50.0,49755279.0,-244721.0,-0.489442,51.35135135135135,38,36,3,0,3.1,5.3,False,False,False,0,15000000.0,-1.6,0,65000000,50000000.0,False,False,False,False,False,0.0,0.0,NEUTRAL,TTXXXXTXXXXXXTXTTTXTX,False,-244721.0,49755279.0,38,36,51.4,49755279.0,200,"[ADAPT-THRESH] p=64.9% < θ=69.0% (+0.080) state=TOXIC → SKIP, [ADAPT-BLOCK] [ADAPT-TOXIC] BAT_RAC roll=35% base=47% → BLOCK | [STATE=TOXIC] roll=35% base=47% ratio=0.75 toxStreak=227 | size×0.19 thresh+0.080, [ADAPT-THRESH] p=64.9% < θ=70.0% (+0.080) state=TOXIC → SKIP",SIDEWAY,,0.5677,True,False,XXXXXTXTTTXTX,TTXXXXTXXXXXXTXTTTXTX,,,,,,,CHOPPY (RAC),POOR,"Motif 'TTTXTX' (chu kỳ 6) đang lặp lại, đã thấy 9 phiên khớp",FORMING,BET,XIU,0.6495,,0.9941,4,False,,,,,,,,,,,False,0,
2026-08-19,2026-08-19 06:49:38,06:49:38,3121622,XXXXTXTTTXTXX,2X,—,0,SKIP,[ADAPT-THRESH] p=64.9% < θ=68.9% (+0.080) state=TOXIC → SKIP,0,1-4-3,8,XIU,SKIP,False,0,1.3267186193947849,0.0,0.0,1.3267186193947849,TAI,False,True,,1006.9216,50.0,49755279.0,-244721.0,-0.489442,51.35135135135135,38,36,3,0,3.1,5.3,False,False,False,0,15000000.0,-1.6,0,65000000,50000000.0,False,False,False,False,False,0.0,0.0,NEUTRAL,TXXXXTXXXXXXTXTTTXTXX,False,-244721.0,49755279.0,38,36,51.4,49755279.0,200,"[ADAPT-BLOCK] [ADAPT-TOXIC] BAT_RAC roll=35% base=47% → BLOCK | [STATE=TOXIC] roll=35% base=47% ratio=0.75 toxStreak=227 | size×0.19 thresh+0.080, [ADAPT-THRESH] p=64.9% < θ=70.0% (+0.080) state=TOXIC → SKIP, [ADAPT-THRESH] p=64.9% < θ=68.9% (+0.080) state=TOXIC → SKIP",SIDEWAY,,0.5244,False,False,XXXXTXTTTXTXX,TXXXXTXXXXXXTXTTTXTXX,,,,,,,CHOPPY (RAC),POOR,"Motif 'XTXTTTXTXX' (chu kỳ 10) đang lặp lại, đã thấy 12 phiên khớp",FORMING,BET,XIU,0.6495,,0.9941,4,False,,,,,,,,,,,False,0,
2026-08-19,2026-08-19 06:50:49,06:50:49,3121623,XXXTXTTTXTXXX,3X,—,0,SKIP,[ADAPT-BLOCK] [ADAPT-TOXIC] BAT_RAC roll=35% base=47% → BLOCK | [STATE=TOXIC] roll=35% base=47% ratio=0.75 toxStreak=363 | size×0.19 thresh+0.080,0,5-2-3,10,XIU,SKIP,False,0,17.785251288471326,0.0,0.0,17.785251288471326,TAI,False,True,,1115.2825,50.0,49755279.0,-244721.0,-0.489442,51.35135135135135,38,36,3,0,3.1,5.3,False,False,False,0,15000000.0,-1.6,0,65000000,50000000.0,False,False,False,False,False,0.0,0.0,NEUTRAL,XXXXTXXXXXXTXTTTXTXXX,False,-244721.0,49755279.0,38,36,51.4,49755279.0,200,"[ADAPT-THRESH] p=64.9% < θ=70.0% (+0.080) state=TOXIC → SKIP, [ADAPT-THRESH] p=64.9% < θ=68.9% (+0.080) state=TOXIC → SKIP, [ADAPT-BLOCK] [ADAPT-TOXIC] BAT_RAC roll=35% base=47% → BLOCK | [STATE=TOXIC] roll=35% base=47% ratio=0.75 toxStreak=363 | size×0.19 thresh+0.080",SIDEWAY,,0.4748,False,False,XXXTXTTTXTXXX,XXXXTXXXXXXTXTTTXTXXX,,,,,,,CHOPPY (RAC),POOR,Bet X dang chay 3 ván liên tiếp,CONFIRMED,BET,XIU,0.6495,,0.9941,4,False,,,,,,,,,,,False,0,
2026-08-19,2026-08-19 06:52:00,06:52:00,3121624,XXTXTTTXTXXXX,4X,—,0,SKIP,[ADAPT-BLOCK] [ADAPT-TOXIC] BAT_RAC roll=35% base=47% → BLOCK | [STATE=TOXIC] roll=35% base=47% ratio=0.75 toxStreak=409 | size×0.19 thresh+0.080,0,4-4-3,11,TAI,SKIP,False,0,7.598366740238853,0.0,0.0,7.598366740238853,TAI,False,True,,1129.9564,50.0,49755279.0,-244721.0,-0.489442,51.35135135135135,38,36,3,0,3.1,5.3,False,False,False,0,15000000.0,-1.6,0,65000000,50000000.0,False,False,False,False,False,0.0,0.0,NEUTRAL,XXXTXXXXXXTXTTTXTXXXX,False,-244721.0,49755279.0,38,36,51.4,49755279.0,200,"[ADAPT-THRESH] p=64.9% < θ=68.9% (+0.080) state=TOXIC → SKIP, [ADAPT-BLOCK] [ADAPT-TOXIC] BAT_RAC roll=35% base=47% → BLOCK | [STATE=TOXIC] roll=35% base=47% ratio=0.75 toxStreak=363 | size×0.19 thresh+0.080, [ADAPT-BLOCK] [ADAPT-TOXIC] BAT_RAC roll=35% base=47% → BLOCK | [STATE=TOXIC] roll=35% base=47% ratio=0.75 toxStreak=409 | size×0.19 thresh+0.080",SIDEWAY,,0.474,False,False,XXTXTTTXTXXXX,XXXTXXXXXXTXTTTXTXXXX,,,,,,,CHOPPY (RAC),POOR,Bet X dang chay 4 ván liên tiếp,CONFIRMED,BET,XIU,0.6495,,0.9941,4,False,,,,,,,,,,,False,0,
2026-08-19,2026-08-19 06:53:11,06:53:11,3121625,XTXTTTXTXXXXT,1T,—,0,SKIP,[ADAPT-BLOCK] [ADAPT-TOXIC] BAT_RAC roll=35% base=47% → BLOCK | [STATE=TOXIC] roll=35% base=47% ratio=0.75 toxStreak=454 | size×0.19 thresh+0.080,0,1-3-3,7,XIU,SKIP,False,0,2.8406446144160746,0.0,0.0,2.8406446144160746,TAI,False,True,,1074.4618,50.0,49755279.0,-244721.0,-0.489442,51.35135135135135,38,36,3,0,3.1,5.3,False,False,False,0,15000000.0,-1.6,0,65000000,50000000.0,False,False,False,False,False,0.0,0.0,NEUTRAL,XXTXXXXXXTXTTTXTXXXXT,False,-244721.0,49755279.0,38,36,51.4,49755279.0,200,"[ADAPT-BLOCK] [ADAPT-TOXIC] BAT_RAC roll=35% base=47% → BLOCK | [STATE=TOXIC] roll=35% base=47% ratio=0.75 toxStreak=363 | size×0.19 thresh+0.080, [ADAPT-BLOCK] [ADAPT-TOXIC] BAT_RAC roll=35% base=47% → BLOCK | [STATE=TOXIC] roll=35% base=47% ratio=0.75 toxStreak=409 | size×0.19 thresh+0.080, [ADAPT-BLOCK] [ADAPT-TOXIC] BAT_RAC roll=35% base=47% → BLOCK | [STATE=TOXIC] roll=35% base=47% ratio=0.75 toxStreak=454 | size×0.19 thresh+0.080",UP (TAI),,0.5384,True,False,XTXTTTXTXXXXT,XXTXXXXXXTXTTTXTXXXXT,,,,,,,CHOPPY (RAC),POOR,Nghiêng X 4/5 phiên gần nhất,CONFIRMED,BET,XIU,0.6495,,0.9941,4,False,,,,,,,,,,,False,0,
2026-08-19,2026-08-19 06:54:22,06:54:22,3121626,TXTTTXTXXXXTX,1X,—,0,SKIP,[ADAPT-BLOCK] [ADAPT-TOXIC] BAT_RAC roll=35% base=47% → BLOCK | [STATE=TOXIC] roll=35% base=47% ratio=0.75 toxStreak=499 | size×0.19 thresh+0.080,0,4-2-5,11,TAI,SKIP,False,0,0.2829108434512298,0.0,0.0,0.2829108434512298,XIU,False,True,,1200.2347,50.0,49755279.0,-244721.0,-0.489442,51.35135135135135,38,36,3,0,3.1,5.3,False,False,False,0,15000000.0,-1.6,0,65000000,50000000.0,False,False,False,False,False,0.0,0.0,NEUTRAL,XTXXXXXXTXTTTXTXXXXTX,False,-244721.0,49755279.0,38,36,51.4,49755279.0,200,"[ADAPT-BLOCK] [ADAPT-TOXIC] BAT_RAC roll=35% base=47% → BLOCK | [STATE=TOXIC] roll=35% base=47% ratio=0.75 toxStreak=409 | size×0.19 thresh+0.080, [ADAPT-BLOCK] [ADAPT-TOXIC] BAT_RAC roll=35% base=47% → BLOCK | [STATE=TOXIC] roll=35% base=47% ratio=0.75 toxStreak=454 | size×0.19 thresh+0.080, [ADAPT-BLOCK] [ADAPT-TOXIC] BAT_RAC roll=35% base=47% → BLOCK | [STATE=TOXIC] roll=35% base=47% ratio=0.75 toxStreak=499 | size×0.19 thresh+0.080",SIDEWAY,,0.455,True,False,TXTTTXTXXXXTX,XTXXXXXXTXTTTXTXXXXTX,,,,,,,CHOPPY (RAC),POOR,Nghiêng X 4/5 phiên gần nhất,CONFIRMED,BET,XIU,0.6495,,0.9941,4,False,,,,,,,,,,,False,0,
2026-08-19,2026-08-19 06:55:33,06:55:33,3121627,XTTTXTXXXXTXT,1T,—,0,SKIP,[ADAPT-THRESH] p=64.9% < θ=69.0% (+0.080) state=TOXIC → SKIP,0,4-4-1,9,XIU,SKIP,False,0,13.912066725559328,0.0,0.0,13.912066725559328,XIU,False,True,,1179.6943,50.0,49755279.0,-244721.0,-0.489442,51.35135135135135,38,36,3,0,3.1,5.3,False,False,False,0,15000000.0,-1.6,0,65000000,50000000.0,False,False,False,False,False,0.0,0.0,NEUTRAL,TXXXXXXTXTTTXTXXXXTXT,False,-244721.0,49755279.0,38,36,51.4,49755279.0,200,"[ADAPT-BLOCK] [ADAPT-TOXIC] BAT_RAC roll=35% base=47% → BLOCK | [STATE=TOXIC] roll=35% base=47% ratio=0.75 toxStreak=454 | size×0.19 thresh+0.080, [ADAPT-BLOCK] [ADAPT-TOXIC] BAT_RAC roll=35% base=47% → BLOCK | [STATE=TOXIC] roll=35% base=47% ratio=0.75 toxStreak=499 | size×0.19 thresh+0.080, [ADAPT-THRESH] p=64.9% < θ=69.0% (+0.080) state=TOXIC → SKIP",SIDEWAY,,0.4592,True,False,XTTTXTXXXXTXT,TXXXXXXTXTTTXTXXXXTXT,,,,,,,ALTERNATING (NHAY),POOR,Nghiêng X 5/7 phiên gần nhất,CONFIRMED,BET,XIU,0.6495,,0.9941,4,False,,,,,,,,,,,False,0,
2026-08-19,2026-08-19 06:56:44,06:56:44,3121628,TTTXTXXXXTXTX,1X,—,0,SKIP,[ADAPT-THRESH] p=64.9% < θ=70.0% (+0.080) state=TOXIC → SKIP,0,2-5-6,13,TAI,SKIP,False,0,16.36701457633063,0.0,0.0,16.36701457633063,TAI,False,True,,1275.9324,50.0,49755279.0,-244721.0,-0.489442,51.35135135135135,38,36,3,0,3.1,5.3,False,False,False,0,15000000.0,-1.6,0,65000000,50000000.0,False,False,False,False,False,0.0,0.0,NEUTRAL,XXXXXXTXTTTXTXXXXTXTX,False,-244721.0,49755279.0,38,36,51.4,49755279.0,200,"[ADAPT-BLOCK] [ADAPT-TOXIC] BAT_RAC roll=35% base=47% → BLOCK | [STATE=TOXIC] roll=35% base=47% ratio=0.75 toxStreak=499 | size×0.19 thresh+0.080, [ADAPT-THRESH] p=64.9% < θ=69.0% (+0.080) state=TOXIC → SKIP, [ADAPT-THRESH] p=64.9% < θ=70.0% (+0.080) state=TOXIC → SKIP",SIDEWAY,,0.4801,True,False,TTTXTXXXXTXTX,XXXXXXTXTTTXTXXXXTXTX,,,,,,,ALTERNATING (NHAY),POOR,Nghiêng X 5/7 phiên gần nhất,CONFIRMED,BET,XIU,0.6495,,0.9941,4,False,,,,,,,,,,,False,0,
2026-08-19,2026-08-19 06:57:55,06:57:55,3121629,TTXTXXXXTXTXT,1T,—,0,SKIP,[ADAPT-THRESH] p=64.9% < θ=70.0% (+0.080) state=TOXIC → SKIP,0,2-5-3,10,XIU,SKIP,False,0,12.582077413145692,0.0,0.0,12.582077413145692,XIU,False,True,,1313.8519,50.0,49755279.0,-244721.0,-0.489442,51.35135135135135,38,36,3,0,3.1,5.3,False,False,False,0,15000000.0,-1.6,0,65000000,50000000.0,False,False,False,False,False,0.0,0.0,NEUTRAL,XXXXXTXTTTXTXXXXTXTXT,False,-244721.0,49755279.0,38,36,51.4,49755279.0,200,"[ADAPT-THRESH] p=64.9% < θ=69.0% (+0.080) state=TOXIC → SKIP, [ADAPT-THRESH] p=64.9% < θ=70.0% (+0.080) state=TOXIC → SKIP, [ADAPT-THRESH] p=64.9% < θ=70.0% (+0.080) state=TOXIC → SKIP",SIDEWAY,,0.5946,True,False,TTXTXXXXTXTXT,XXXXXTXTTTXTXXXXTXTXT,,,,,,,ALTERNATING (NHAY),POOR,"Motif 'XT' (chu kỳ 2) đang lặp lại, đã thấy 6 phiên khớp",CONFIRMED,BET,XIU,0.6495,,0.9941,4,False,,,,,,,,,,,False,0,
2026-08-19,2026-08-19 06:59:06,06:59:06,3121630,TXTXXXXTXTXTX,1X,—,0,SKIP,[ADAPT-THRESH] p=64.9% < θ=71.9% (+0.080) state=TOXIC → SKIP,0,1-4-5,10,XIU,SKIP,False,0,8.607215338363341,0.0,0.0,8.607215338363341,TAI,False,True,,1230.8213,50.0,49755279.0,-244721.0,-0.489442,51.35135135135135,38,36,3,0,3.1,5.3,False,False,False,0,15000000.0,-1.6,0,65000000,50000000.0,False,False,False,False,False,0.0,0.0,NEUTRAL,XXXXTXTTTXTXXXXTXTXTX,False,-244721.0,49755279.0,38,36,51.4,49755279.0,200,"[ADAPT-THRESH] p=64.9% < θ=70.0% (+0.080) state=TOXIC → SKIP, [ADAPT-THRESH] p=64.9% < θ=70.0% (+0.080) state=TOXIC → SKIP, [ADAPT-THRESH] p=64.9% < θ=71.9% (+0.080) state=TOXIC → SKIP",SIDEWAY,,0.5008,True,False,TXTXXXXTXTXTX,XXXXTXTTTXTXXXXTXTXTX,,,,,,,ALTERNATING (NHAY),NORMAL,"Motif 'TX' (chu kỳ 2) đang lặp lại, đã thấy 7 phiên khớp",CONFIRMED,BET,XIU,0.6495,,0.9941,4,False,,,,,,,,,,,False,0,
2026-08-19,2026-08-19 07:00:17,07:00:17,3121631,XTXXXXTXTXTXX,2X,—,0,SKIP,[ADAPT-THRESH] p=64.9% < θ=68.7% (+0.080) state=TOXIC → SKIP,0,3-1-1,5,XIU,SKIP,False,0,7.957293118874115,0.0,0.0,7.957293118874115,TAI,False,True,,1053.453,50.0,49755279.0,-244721.0,-0.489442,51.35135135135135,38,36,3,0,3.1,5.3,False,False,False,0,15000000.0,-1.6,0,65000000,50000000.0,False,False,False,False,False,0.0,0.0,NEUTRAL,XXXTXTTTXTXXXXTXTXTXX,False,-244721.0,49755279.0,38,36,51.4,49755279.0,200,"[ADAPT-THRESH] p=64.9% < θ=70.0% (+0.080) state=TOXIC → SKIP, [ADAPT-THRESH] p=64.9% < θ=71.9% (+0.080) state=TOXIC → SKIP, [ADAPT-THRESH] p=64.9% < θ=68.7% (+0.080) state=TOXIC → SKIP",SIDEWAY,,0.4754,True,False,XTXXXXTXTXTXX,XXXTXTTTXTXXXXTXTXTXX,,,,,,,ALTERNATING (NHAY),NORMAL,Nghiêng X 7/10 phiên gần nhất,CONFIRMED,BET,XIU,0.6495,,0.9941,4,False,,,,,,,,,,,False,0,
2026-08-19,2026-08-19 07:01:28,07:01:28,3121632,TXXXXTXTXTXXX,3X,—,0,SKIP,[ADAPT-THRESH] p=64.9% < θ=68.7% (+0.080) state=TOXIC → SKIP,0,2-1-3,6,XIU,SKIP,False,0,2.690701519225976,0.0,0.0,2.690701519225976,TAI,False,True,,1296.6253,50.0,49755279.0,-244721.0,-0.489442,51.35135135135135,38,36,3,0,3.1,5.3,False,False,False,0,15000000.0,-1.6,0,65000000,50000000.0,False,False,False,False,False,0.0,0.0,NEUTRAL,XXTXTTTXTXXXXTXTXTXXX,False,-244721.0,49755279.0,38,36,51.4,49755279.0,200,"[ADAPT-THRESH] p=64.9% < θ=71.9% (+0.080) state=TOXIC → SKIP, [ADAPT-THRESH] p=64.9% < θ=68.7% (+0.080) state=TOXIC → SKIP, [ADAPT-THRESH] p=64.9% < θ=68.7% (+0.080) state=TOXIC → SKIP",DOWN (XIU),,0.5401,False,False,TXXXXTXTXTXXX,XXTXTTTXTXXXXTXTXTXXX,,,,,,,ALTERNATING (NHAY),NORMAL,Bet X dang chay 3 ván liên tiếp,CONFIRMED,BET,XIU,0.6495,,0.9941,4,False,,,,,,,,,,,False,0,
2026-08-19,2026-08-19 07:02:39,07:02:39,3121633,XXXXTXTXTXXXX,4X,—,0,SKIP,[ADAPT-BLOCK] [ADAPT-TOXIC] BAT_RAC roll=35% base=47% → BLOCK | [STATE=TOXIC] roll=35% base=47% ratio=0.75 toxStreak=816 | size×0.19 thresh+0.080,0,1-3-5,9,XIU,SKIP,False,0,2.6378517681488027,0.0,0.0,2.6378517681488027,TAI,False,True,,1145.0682,50.0,49755279.0,-244721.0,-0.489442,51.35135135135135,38,36,3,0,3.1,5.3,False,False,False,0,15000000.0,-1.6,0,65000000,50000000.0,False,False,False,False,False,0.0,0.0,NEUTRAL,XTXTTTXTXXXXTXTXTXXXX,False,-244721.0,49755279.0,38,36,51.4,49755279.0,200,"[ADAPT-THRESH] p=64.9% < θ=68.7% (+0.080) state=TOXIC → SKIP, [ADAPT-THRESH] p=64.9% < θ=68.7% (+0.080) state=TOXIC → SKIP, [ADAPT-BLOCK] [ADAPT-TOXIC] BAT_RAC roll=35% base=47% → BLOCK | [STATE=TOXIC] roll=35% base=47% ratio=0.75 toxStreak=816 | size×0.19 thresh+0.080",SIDEWAY,,0.4578,False,False,XXXXTXTXTXXXX,XTXTTTXTXXXXTXTXTXXXX,,,,,,,CHOPPY (RAC),NORMAL,Bet X dang chay 4 ván liên tiếp,CONFIRMED,BET,XIU,0.6495,,0.9941,4,False,,,,,,,,,,,False,0,
2026-08-19,2026-08-19 07:03:50,07:03:50,3121634,XXXTXTXTXXXXX,5X,—,0,SKIP,[ADAPT-BLOCK] [ADAPT-TOXIC] BAT_RAC roll=35% base=47% → BLOCK | [STATE=TOXIC] roll=35% base=47% ratio=0.75 toxStreak=861 | size×0.19 thresh+0.080,0,5-4-6,15,TAI,SKIP,False,0,8.480107748742052,0.0,0.0,8.480107748742052,TAI,False,True,,1170.4593,50.0,49755279.0,-244721.0,-0.489442,51.35135135135135,38,36,3,0,3.1,5.3,False,False,False,0,15000000.0,-1.6,0,65000000,50000000.0,False,False,False,False,False,0.0,0.0,NEUTRAL,TXTTTXTXXXXTXTXTXXXXX,False,-244721.0,49755279.0,38,36,51.4,49755279.0,200,"[ADAPT-THRESH] p=64.9% < θ=68.7% (+0.080) state=TOXIC → SKIP, [ADAPT-BLOCK] [ADAPT-TOXIC] BAT_RAC roll=35% base=47% → BLOCK | [STATE=TOXIC] roll=35% base=47% ratio=0.75 toxStreak=816 | size×0.19 thresh+0.080, [ADAPT-BLOCK] [ADAPT-TOXIC] BAT_RAC roll=35% base=47% → BLOCK | [STATE=TOXIC] roll=35% base=47% ratio=0.75 toxStreak=861 | size×0.19 thresh+0.080",UP (TAI),,0.5406,True,False,XXXTXTXTXXXXX,TXTTTXTXXXXTXTXTXXXXX,,,,,,,CHOPPY (RAC),NORMAL,Bet X dang chay 5 ván liên tiếp,CONFIRMED,BET,XIU,0.6495,,0.9941,4,False,,,,,,,,,,,False,0,
2026-08-19,2026-08-19 07:05:01,07:05:01,3121635,XXTXTXTXXXXXT,1T,—,0,SKIP,[ADAPT-BLOCK] [ADAPT-TOXIC] BAT_RAC roll=35% base=47% → BLOCK | [STATE=TOXIC] roll=35% base=47% ratio=0.75 toxStreak=907 | size×0.19 thresh+0.080,0,2-5-1,8,XIU,SKIP,False,0,4.921186680406339,0.0,0.0,4.921186680406339,TAI,False,True,,1067.2637,50.0,49755279.0,-244721.0,-0.489442,51.35135135135135,38,36,3,0,3.1,5.3,False,False,False,0,15000000.0,-1.6,0,65000000,50000000.0,False,False,False,False,False,0.0,0.0,NEUTRAL,XTTTXTXXXXTXTXTXXXXXT,False,-244721.0,49755279.0,38,36,51.4,49755279.0,200,"[ADAPT-BLOCK] [ADAPT-TOXIC] BAT_RAC roll=35% base=47% → BLOCK | [STATE=TOXIC] roll=35% base=47% ratio=0.75 toxStreak=816 | size×0.19 thresh+0.080, [ADAPT-BLOCK] [ADAPT-TOXIC] BAT_RAC roll=35% base=47% → BLOCK | [STATE=TOXIC] roll=35% base=47% ratio=0.75 toxStreak=861 | size×0.19 thresh+0.080, [ADAPT-BLOCK] [ADAPT-TOXIC] BAT_RAC roll=35% base=47% → BLOCK | [STATE=TOXIC] roll=35% base=47% ratio=0.75 toxStreak=907 | size×0.19 thresh+0.080",UP (TAI),,0.5128,True,False,XXTXTXTXXXXXT,XTTTXTXXXXTXTXTXXXXXT,,,,,,,CHOPPY (RAC),NORMAL,Nghiêng X 4/5 phiên gần nhất,CONFIRMED,BET,XIU,0.6495,,0.9941,4,False,,,,,,,,,,,False,0,
2026-08-19,2026-08-19 07:06:12,07:06:12,3121636,XTXTXTXXXXXTX,1X,—,0,SKIP,[ADAPT-BLOCK] [ADAPT-TOXIC] BAT_RAC roll=35% base=47% → BLOCK | [STATE=TOXIC] roll=35% base=47% ratio=0.75 toxStreak=952 | size×0.19 thresh+0.080,0,1-1-3,5,XIU,SKIP,False,0,5.688833752848074,0.0,0.0,5.688833752848074,XIU,False,True,,1039.5475,50.0,49755279.0,-244721.0,-0.489442,51.35135135135135,38,36,3,0,3.1,5.3,False,False,False,0,15000000.0,-1.6,0,65000000,50000000.0,False,False,False,False,False,0.0,0.0,NEUTRAL,TTTXTXXXXTXTXTXXXXXTX,False,-244721.0,49755279.0,38,36,51.4,49755279.0,200,"[ADAPT-BLOCK] [ADAPT-TOXIC] BAT_RAC roll=35% base=47% → BLOCK | [STATE=TOXIC] roll=35% base=47% ratio=0.75 toxStreak=861 | size×0.19 thresh+0.080, [ADAPT-BLOCK] [ADAPT-TOXIC] BAT_RAC roll=35% base=47% → BLOCK | [STATE=TOXIC] roll=35% base=47% ratio=0.75 toxStreak=907 | size×0.19 thresh+0.080, [ADAPT-BLOCK] [ADAPT-TOXIC] BAT_RAC roll=35% base=47% → BLOCK | [STATE=TOXIC] roll=35% base=47% ratio=0.75 toxStreak=952 | size×0.19 thresh+0.080",SIDEWAY,,0.4625,True,False,XTXTXTXXXXXTX,TTTXTXXXXTXTXTXXXXXTX,,,,,,,CHOPPY (RAC),NORMAL,Nghiêng X 4/5 phiên gần nhất,CONFIRMED,BET,XIU,0.6495,,0.9941,4,False,,,,,,,,,,,False,0,
2026-08-19,2026-08-19 07:07:23,07:07:23,3121637,TXTXTXXXXXTXX,2X,—,0,SKIP,[ADAPT-BLOCK] [ADAPT-TOXIC] BAT_RAC roll=35% base=47% → BLOCK | [STATE=TOXIC] roll=35% base=47% ratio=0.75 toxStreak=997 | size×0.19 thresh+0.080,0,6-5-5,16,TAI,SKIP,False,0,8.582967297984208,0.0,0.0,8.582967297984208,XIU,False,True,,1316.6449,50.0,49755279.0,-244721.0,-0.489442,51.35135135135135,38,36,3,0,3.1,5.3,False,False,False,0,15000000.0,-1.6,0,65000000,50000000.0,False,False,False,False,False,0.0,0.0,NEUTRAL,TTXTXXXXTXTXTXXXXXTXX,False,-244721.0,49755279.0,38,36,51.4,49755279.0,200,"[ADAPT-BLOCK] [ADAPT-TOXIC] BAT_RAC roll=35% base=47% → BLOCK | [STATE=TOXIC] roll=35% base=47% ratio=0.75 toxStreak=907 | size×0.19 thresh+0.080, [ADAPT-BLOCK] [ADAPT-TOXIC] BAT_RAC roll=35% base=47% → BLOCK | [STATE=TOXIC] roll=35% base=47% ratio=0.75 toxStreak=952 | size×0.19 thresh+0.080, [ADAPT-BLOCK] [ADAPT-TOXIC] BAT_RAC roll=35% base=47% → BLOCK | [STATE=TOXIC] roll=35% base=47% ratio=0.75 toxStreak=997 | size×0.19 thresh+0.080",DOWN (XIU),,0.1654,True,False,TXTXTXXXXXTXX,TTXTXXXXTXTXTXXXXXTXX,,,,,,,CHOPPY (RAC),NORMAL,Nghiêng X 4/5 phiên gần nhất,CONFIRMED,BET,XIU,0.6495,,0.9941,4,False,,,,,,,,,,,False,0,
2026-08-19,2026-08-19 07:08:34,07:08:34,3121638,XTXTXXXXXTXXT,1T,—,0,SKIP,[ADAPT-BLOCK] [ADAPT-TOXIC] BAT_RAC roll=35% base=47% → BLOCK | [STATE=TOXIC] roll=35% base=47% ratio=0.75 toxStreak=1042 | size×0.19 thresh+0.080,0,5-4-5,14,TAI,SKIP,False,0,0.1646983461047575,0.0,0.0,0.1646983461047575,TAI,False,True,,1147.5768,50.0,49755279.0,-244721.0,-0.489442,51.35135135135135,38,36,3,0,3.1,5.3,False,False,False,0,15000000.0,-1.6,0,65000000,50000000.0,False,False,False,False,False,0.0,0.0,NEUTRAL,TXTXXXXTXTXTXXXXXTXXT,False,-244721.0,49755279.0,38,36,51.4,49755279.0,200,"[ADAPT-BLOCK] [ADAPT-TOXIC] BAT_RAC roll=35% base=47% → BLOCK | [STATE=TOXIC] roll=35% base=47% ratio=0.75 toxStreak=952 | size×0.19 thresh+0.080, [ADAPT-BLOCK] [ADAPT-TOXIC] BAT_RAC roll=35% base=47% → BLOCK | [STATE=TOXIC] roll=35% base=47% ratio=0.75 toxStreak=997 | size×0.19 thresh+0.080, [ADAPT-BLOCK] [ADAPT-TOXIC] BAT_RAC roll=35% base=47% → BLOCK | [STATE=TOXIC] roll=35% base=47% ratio=0.75 toxStreak=1042 | size×0.19 thresh+0.080",SIDEWAY,,0.4211,False,False,XTXTXXXXXTXXT,TXTXXXXTXTXTXXXXXTXXT,,,,,,,CHOPPY (RAC),NORMAL,"Motif 'XXT' (chu kỳ 3) đang lặp lại, đã thấy 6 phiên khớp",CONFIRMED,BET,XIU,0.6495,,0.9941,4,False,,,,,,,,,,,False,0,
2026-08-19,2026-08-19 07:09:45,07:09:45,3121639,TXTXXXXXTXXTT,2T,—,0,SKIP,[ADAPT-BLOCK] [ADAPT-TOXIC] BAT_RAC roll=35% base=47% → BLOCK | [STATE=TOXIC] roll=35% base=47% ratio=0.75 toxStreak=1087 | size×0.19 thresh+0.080,0,6-5-2,13,TAI,SKIP,False,0,9.304655339827466,0.0,0.0,9.304655339827466,TAI,False,True,,1195.1234,50.0,49755279.0,-244721.0,-0.489442,51.35135135135135,38,36,3,0,3.1,5.3,False,False,False,0,15000000.0,-1.6,0,65000000,50000000.0,False,False,False,False,False,0.0,0.0,NEUTRAL,XTXXXXTXTXTXXXXXTXXTT,False,-244721.0,49755279.0,38,36,51.4,49755279.0,200,"[ADAPT-BLOCK] [ADAPT-TOXIC] BAT_RAC roll=35% base=47% → BLOCK | [STATE=TOXIC] roll=35% base=47% ratio=0.75 toxStreak=997 | size×0.19 thresh+0.080, [ADAPT-BLOCK] [ADAPT-TOXIC] BAT_RAC roll=35% base=47% → BLOCK | [STATE=TOXIC] roll=35% base=47% ratio=0.75 toxStreak=1042 | size×0.19 thresh+0.080, [ADAPT-BLOCK] [ADAPT-TOXIC] BAT_RAC roll=35% base=47% → BLOCK | [STATE=TOXIC] roll=35% base=47% ratio=0.75 toxStreak=1087 | size×0.19 thresh+0.080",SIDEWAY,,0.4281,False,False,TXTXXXXXTXXTT,XTXXXXTXTXTXXXXXTXXTT,,,,,,,CHOPPY (RAC),POOR,Nghiêng X 7/10 phiên gần nhất,CONFIRMED,BET,XIU,0.6495,,0.9941,4,False,,,,,,,,,,,False,0,
2026-08-19,2026-08-19 07:10:56,07:10:56,3121640,XTXXXXXTXXTTT,3T,—,0,SKIP,[ADAPT-BLOCK] [ADAPT-TOXIC] BAT_RAC roll=35% base=47% → BLOCK | [STATE=TOXIC] roll=35% base=47% ratio=0.75 toxStreak=1133 | size×0.19 thresh+0.080,0,1-6-2,9,XIU,SKIP,False,0,1.342770898745607,0.0,0.0,1.342770898745607,TAI,False,True,,1072.207,50.0,49755279.0,-244721.0,-0.489442,51.35135135135135,38,36,3,0,3.1,5.3,False,False,False,0,15000000.0,-1.6,0,65000000,50000000.0,False,False,False,False,False,0.0,0.0,NEUTRAL,TXXXXTXTXTXXXXXTXXTTT,False,-244721.0,49755279.0,38,36,51.4,49755279.0,200,"[ADAPT-BLOCK] [ADAPT-TOXIC] BAT_RAC roll=35% base=47% → BLOCK | [STATE=TOXIC] roll=35% base=47% ratio=0.75 toxStreak=1042 | size×0.19 thresh+0.080, [ADAPT-BLOCK] [ADAPT-TOXIC] BAT_RAC roll=35% base=47% → BLOCK | [STATE=TOXIC] roll=35% base=47% ratio=0.75 toxStreak=1087 | size×0.19 thresh+0.080, [ADAPT-BLOCK] [ADAPT-TOXIC] BAT_RAC roll=35% base=47% → BLOCK | [STATE=TOXIC] roll=35% base=47% ratio=0.75 toxStreak=1133 | size×0.19 thresh+0.080",DOWN (XIU),,0.457,False,False,XTXXXXXTXXTTT,TXXXXTXTXTXXXXXTXXTTT,,,,,,,CHOPPY (RAC),POOR,Bet T dang chay 3 ván liên tiếp,CONFIRMED,BET,XIU,0.6495,,0.9941,4,False,,,,,,,,,,,False,0,
2026-08-19,2026-08-19 07:12:07,07:12:07,3121641,TXXXXXTXXTTTX,1X,—,0,SKIP,[ADAPT-THRESH] p=64.9% < θ=70.0% (+0.080) state=TOXIC → SKIP,0,2-1-5,8,XIU,SKIP,False,0,4.609290088347774,0.0,0.0,4.609290088347774,XIU,False,True,,1261.3552,50.0,49755279.0,-244721.0,-0.489442,51.35135135135135,38,36,3,0,3.1,5.3,False,False,False,0,15000000.0,-1.6,0,65000000,50000000.0,False,False,False,False,False,0.0,0.0,NEUTRAL,XXXXTXTXTXXXXXTXXTTTX,False,-244721.0,49755279.0,38,36,51.4,49755279.0,200,"[ADAPT-BLOCK] [ADAPT-TOXIC] BAT_RAC roll=35% base=47% → BLOCK | [STATE=TOXIC] roll=35% base=47% ratio=0.75 toxStreak=1087 | size×0.19 thresh+0.080, [ADAPT-BLOCK] [ADAPT-TOXIC] BAT_RAC roll=35% base=47% → BLOCK | [STATE=TOXIC] roll=35% base=47% ratio=0.75 toxStreak=1133 | size×0.19 thresh+0.080, [ADAPT-THRESH] p=64.9% < θ=70.0% (+0.080) state=TOXIC → SKIP",DOWN (XIU),,0.3776,True,False,TXXXXXTXXTTTX,XXXXTXTXTXXXXXTXXTTTX,,,,,,,CHOPPY (RAC),POOR,"Motif 'XTTTX' (chu kỳ 5) đang lặp lại, đã thấy 7 phiên khớp",FORMING,BET,XIU,0.6495,,0.9941,4,False,,,,,,,,,,,False,0,
2026-08-19,2026-08-19 07:13:18,07:13:18,3121642,XXXXXTXXTTTXX,2X,—,0,SKIP,[ADAPT-THRESH] p=64.9% < θ=69.7% (+0.080) state=TOXIC → SKIP,0,4-3-1,8,XIU,SKIP,False,0,2.638492638951289,0.0,0.0,2.638492638951289,XIU,False,True,,1096.588,50.0,49755279.0,-244721.0,-0.489442,51.35135135135135,38,36,3,0,3.1,5.3,False,False,False,0,15000000.0,-1.6,0,65000000,50000000.0,False,False,False,False,False,0.0,0.0,NEUTRAL,XXXTXTXTXXXXXTXXTTTXX,False,-244721.0,49755279.0,38,36,51.4,49755279.0,200,"[ADAPT-BLOCK] [ADAPT-TOXIC] BAT_RAC roll=35% base=47% → BLOCK | [STATE=TOXIC] roll=35% base=47% ratio=0.75 toxStreak=1133 | size×0.19 thresh+0.080, [ADAPT-THRESH] p=64.9% < θ=70.0% (+0.080) state=TOXIC → SKIP, [ADAPT-THRESH] p=64.9% < θ=69.7% (+0.080) state=TOXIC → SKIP",DOWN (XIU),,0.3197,True,False,XXXXXTXXTTTXX,XXXTXTXTXXXXXTXXTTTXX,,,,,,,CHOPPY (RAC),NORMAL,"Motif 'XXTXXTTTXX' (chu kỳ 10) đang lặp lại, đã thấy 12 phiên khớp",FORMING,BET,XIU,0.6495,,0.9941,4,False,,,,,,,,,,,False,0,
2026-08-19,2026-08-19 07:14:29,07:14:29,3121643,XXXXTXXTTTXXX,3X,—,0,SKIP,[ADAPT-THRESH] p=64.9% < θ=68.7% (+0.080) state=TOXIC → SKIP,0,1-5-4,10,XIU,SKIP,False,0,4.346629615454045,0.0,0.0,4.346629615454045,XIU,False,True,,1140.2078,50.0,49755279.0,-244721.0,-0.489442,51.35135135135135,38,36,3,0,3.1,5.3,False,False,False,0,15000000.0,-1.6,0,65000000,50000000.0,False,False,False,False,False,0.0,0.0,NEUTRAL,XXTXTXTXXXXXTXXTTTXXX,False,-244721.0,49755279.0,38,36,51.4,49755279.0,200,"[ADAPT-THRESH] p=64.9% < θ=70.0% (+0.080) state=TOXIC → SKIP, [ADAPT-THRESH] p=64.9% < θ=69.7% (+0.080) state=TOXIC → SKIP, [ADAPT-THRESH] p=64.9% < θ=68.7% (+0.080) state=TOXIC → SKIP",SIDEWAY,,0.5391,False,False,XXXXTXXTTTXXX,XXTXTXTXXXXXTXXTTTXXX,,,,,,,CLUSTERING (BET),NORMAL,Bet X dang chay 3 ván liên tiếp,CONFIRMED,BET,XIU,0.6495,,0.9941,4,False,,,,,,,,,,,False,0,
2026-08-19,2026-08-19 07:15:40,07:15:40,3121644,XXXTXXTTTXXXX,4X,—,0,SKIP,[ADAPT-THRESH] p=64.9% < θ=65.0% (+0.080) state=TOXIC → SKIP,0,1-4-2,7,XIU,SKIP,False,0,6.539092343293934,0.0,0.0,6.539092343293934,TAI,False,True,,1119.5271,50.0,49755279.0,-244721.0,-0.489442,51.35135135135135,38,36,3,0,3.1,5.3,False,False,False,0,15000000.0,-1.6,0,65000000,50000000.0,False,False,False,False,False,0.0,0.0,NEUTRAL,XTXTXTXXXXXTXXTTTXXXX,False,-244721.0,49755279.0,38,36,51.4,49755279.0,200,"[ADAPT-THRESH] p=64.9% < θ=69.7% (+0.080) state=TOXIC → SKIP, [ADAPT-THRESH] p=64.9% < θ=68.7% (+0.080) state=TOXIC → SKIP, [ADAPT-THRESH] p=64.9% < θ=65.0% (+0.080) state=TOXIC → SKIP",UP (TAI),,0.5837,False,False,XXXTXXTTTXXXX,XTXTXTXXXXXTXXTTTXXXX,,,,,,,CLUSTERING (BET),NORMAL,Bet X dang chay 4 ván liên tiếp,CONFIRMED,BET,XIU,0.6495,,0.9941,4,False,,,,,,,,,,,False,0,
2026-08-19,2026-08-19 07:16:51,07:16:51,3121645,XXTXXTTTXXXXX,5X,—,0,SKIP,[ADAPT-THRESH] p=64.9% < θ=67.0% (+0.080) state=TOXIC → SKIP,0,3-3-5,11,TAI,SKIP,False,0,16.528575679517456,0.0,0.0,16.528575679517456,TAI,False,True,,1445.9538,50.0,49755279.0,-244721.0,-0.489442,51.35135135135135,38,36,3,0,3.1,5.3,False,False,False,0,15000000.0,-1.6,0,65000000,50000000.0,False,False,False,False,False,0.0,0.0,NEUTRAL,TXTXTXXXXXTXXTTTXXXXX,False,-244721.0,49755279.0,38,36,51.4,49755279.0,200,"[ADAPT-THRESH] p=64.9% < θ=68.7% (+0.080) state=TOXIC → SKIP, [ADAPT-THRESH] p=64.9% < θ=65.0% (+0.080) state=TOXIC → SKIP, [ADAPT-THRESH] p=64.9% < θ=67.0% (+0.080) state=TOXIC → SKIP",SIDEWAY,,0.3072,True,False,XXTXXTTTXXXXX,TXTXTXXXXXTXXTTTXXXXX,,,,,,,CLUSTERING (BET),NORMAL,Bet X dang chay 5 ván liên tiếp,CONFIRMED,BET,XIU,0.6495,,0.9941,4,False,,,,,,,,,,,False,0,
2026-08-19,2026-08-19 07:18:02,07:18:02,3121646,XTXXTTTXXXXXT,1T,—,0,SKIP,[ADAPT-THRESH] p=64.9% < θ=69.9% (+0.080) state=TOXIC → SKIP,0,4-4-3,11,TAI,SKIP,False,0,45.75439481070306,0.0,0.0,45.75439481070306,TAI,False,True,,1834.7432,50.0,49755279.0,-244721.0,-0.489442,51.35135135135135,38,36,3,0,3.1,5.3,False,False,False,0,15000000.0,-1.6,0,65000000,50000000.0,False,False,False,False,False,0.0,0.0,NEUTRAL,XTXTXXXXXTXXTTTXXXXXT,False,-244721.0,49755279.0,38,36,51.4,49755279.0,200,"[ADAPT-THRESH] p=64.9% < θ=65.0% (+0.080) state=TOXIC → SKIP, [ADAPT-THRESH] p=64.9% < θ=67.0% (+0.080) state=TOXIC → SKIP, [ADAPT-THRESH] p=64.9% < θ=69.9% (+0.080) state=TOXIC → SKIP",SIDEWAY,,0.4718,True,False,XTXXTTTXXXXXT,XTXTXXXXXTXXTTTXXXXXT,,,,,,,CLUSTERING (BET),POOR,Nghiêng X 4/5 phiên gần nhất,CONFIRMED,BET,XIU,0.6495,,0.9941,4,False,,,,,,,,,,,False,0,
2026-08-19,2026-08-19 07:19:13,07:19:13,3121647,TXXTTTXXXXXTT,2T,—,0,SKIP,[ADAPT-THRESH] p=64.9% < θ=68.0% (+0.080) state=TOXIC → SKIP,0,3-1-4,8,XIU,SKIP,False,0,5.375140355099062,0.0,0.0,5.375140355099062,TAI,False,True,,1341.4279,50.0,49755279.0,-244721.0,-0.489442,51.35135135135135,38,36,3,0,3.1,5.3,False,False,False,0,15000000.0,-1.6,0,65000000,50000000.0,False,False,False,False,False,0.0,0.0,NEUTRAL,TXTXXXXXTXXTTTXXXXXTT,False,-244721.0,49755279.0,38,36,51.4,49755279.0,200,"[ADAPT-THRESH] p=64.9% < θ=67.0% (+0.080) state=TOXIC → SKIP, [ADAPT-THRESH] p=64.9% < θ=69.9% (+0.080) state=TOXIC → SKIP, [ADAPT-THRESH] p=64.9% < θ=68.0% (+0.080) state=TOXIC → SKIP",SIDEWAY,,0.5346,True,False,TXXTTTXXXXXTT,TXTXXXXXTXXTTTXXXXXTT,,,,,,,CLUSTERING (BET),POOR,Nghiêng X 5/7 phiên gần nhất,CONFIRMED,BET,XIU,0.6495,,0.9941,4,False,,,,,,,,,,,False,0,
2026-08-19,2026-08-19 07:20:24,07:20:24,3121648,XXTTTXXXXXTTX,1X,—,0,SKIP,[ADAPT-THRESH] p=64.9% < θ=69.0% (+0.080) state=TOXIC → SKIP,0,4-5-1,10,XIU,SKIP,False,0,7.795307889101514,0.0,0.0,7.795307889101514,XIU,False,True,,1205.6171,50.0,49755279.0,-244721.0,-0.489442,51.35135135135135,38,36,3,0,3.1,5.3,False,False,False,0,15000000.0,-1.6,0,65000000,50000000.0,False,False,False,False,False,0.0,0.0,NEUTRAL,XTXXXXXTXXTTTXXXXXTTX,False,-244721.0,49755279.0,38,36,51.4,49755279.0,200,"[ADAPT-THRESH] p=64.9% < θ=69.9% (+0.080) state=TOXIC → SKIP, [ADAPT-THRESH] p=64.9% < θ=68.0% (+0.080) state=TOXIC → SKIP, [ADAPT-THRESH] p=64.9% < θ=69.0% (+0.080) state=TOXIC → SKIP",DOWN (XIU),,0.417,False,False,XXTTTXXXXXTTX,XTXXXXXTXXTTTXXXXXTTX,,,,,,,CLUSTERING (BET),POOR,Nghiêng X 5/7 phiên gần nhất,CONFIRMED,BET,XIU,0.6495,,0.9941,4,False,,,,,,,,,,,False,0,
2026-08-19,2026-08-19 07:21:35,07:21:35,3121649,XTTTXXXXXTTXX,2X,—,0,SKIP,[ADAPT-THRESH] p=64.9% < θ=67.9% (+0.080) state=TOXIC → SKIP,0,1-2-6,9,XIU,SKIP,False,0,3.102952910660068,0.0,0.0,3.102952910660068,TAI,False,True,,1155.3093,50.0,49755279.0,-244721.0,-0.489442,51.35135135135135,38,36,3,0,3.1,5.3,False,False,False,0,15000000.0,-1.6,0,65000000,50000000.0,False,False,False,False,False,0.0,0.0,NEUTRAL,TXXXXXTXXTTTXXXXXTTXX,False,-244721.0,49755279.0,38,36,51.4,49755279.0,200,"[ADAPT-THRESH] p=64.9% < θ=68.0% (+0.080) state=TOXIC → SKIP, [ADAPT-THRESH] p=64.9% < θ=69.0% (+0.080) state=TOXIC → SKIP, [ADAPT-THRESH] p=64.9% < θ=67.9% (+0.080) state=TOXIC → SKIP",SIDEWAY,,0.462,True,False,XTTTXXXXXTTXX,TXXXXXTXXTTTXXXXXTTXX,,,,,,,CLUSTERING (BET),POOR,Nghiêng X 5/7 phiên gần nhất,CONFIRMED,BET,XIU,0.6495,,0.9941,4,False,,,,,,,,,,,False,0,
2026-08-19,2026-08-19 07:22:46,07:22:46,3121650,TTTXXXXXTTXXX,3X,—,0,SKIP,[ADAPT-THRESH] p=64.9% < θ=67.9% (+0.080) state=TOXIC → SKIP,0,1-3-1,5,XIU,SKIP,False,0,10.850477642464812,0.0,0.0,10.850477642464812,XIU,False,True,,1177.6099,50.0,49755279.0,-244721.0,-0.489442,51.35135135135135,38,36,3,0,3.1,5.3,False,False,False,0,15000000.0,-1.6,0,65000000,50000000.0,False,False,False,False,False,0.0,0.0,NEUTRAL,XXXXXTXXTTTXXXXXTTXXX,False,-244721.0,49755279.0,38,36,51.4,49755279.0,200,"[ADAPT-THRESH] p=64.9% < θ=69.0% (+0.080) state=TOXIC → SKIP, [ADAPT-THRESH] p=64.9% < θ=67.9% (+0.080) state=TOXIC → SKIP, [ADAPT-THRESH] p=64.9% < θ=67.9% (+0.080) state=TOXIC → SKIP",SIDEWAY,,0.4681,True,False,TTTXXXXXTTXXX,XXXXXTXXTTTXXXXXTTXXX,,,,,,,CLUSTERING (BET),POOR,Bet X dang chay 3 ván liên tiếp,CONFIRMED,BET,XIU,0.6495,,0.9941,4,False,,,,,,,,,,,False,0,
2026-08-19,2026-08-19 07:23:57,07:23:57,3121651,TTXXXXXTTXXXX,4X,—,0,SKIP,[ADAPT-THRESH] p=64.9% < θ=65.0% (+0.080) state=TOXIC → SKIP,0,2-5-2,9,XIU,SKIP,False,0,8.987621549174845,0.0,0.0,8.987621549174845,XIU,False,True,,1279.0832,50.0,49755279.0,-244721.0,-0.489442,51.35135135135135,38,36,3,0,3.1,5.3,False,False,False,0,15000000.0,-1.6,0,65000000,50000000.0,False,False,False,False,False,0.0,0.0,NEUTRAL,XXXXTXXTTTXXXXXTTXXXX,False,-244721.0,49755279.0,38,36,51.4,49755279.0,200,"[ADAPT-THRESH] p=64.9% < θ=67.9% (+0.080) state=TOXIC → SKIP, [ADAPT-THRESH] p=64.9% < θ=67.9% (+0.080) state=TOXIC → SKIP, [ADAPT-THRESH] p=64.9% < θ=65.0% (+0.080) state=TOXIC → SKIP",DOWN (XIU),,0.3741,True,False,TTXXXXXTTXXXX,XXXXTXXTTTXXXXXTTXXXX,,,,,,,CLUSTERING (BET),NORMAL,Bet X dang chay 4 ván liên tiếp,CONFIRMED,BET,XIU,0.6495,,0.9941,4,False,,,,,,,,,,,False,0,
2026-08-19,2026-08-19 07:25:08,07:25:08,3121652,TXXXXXTTXXXXX,5X,TAI,15345,SNIPER_LOW,"[BẺ→BÁM] micro=PERSISTENT lag1=+0.20 → không phá PERIOD, bám T [ADAPT-SIZE×0.19 →LOW]",64,2-5-4,11,TAI,WIN,True,15038,30.482544218687163,0.0,0.0,30.482544218687163,TAI,False,True,,26.6235,50.0,49770317.0,-229683.0,-0.45936600000000005,52.0,39,36,4,0,3.1,5.3,False,False,False,0,15000000.0,-1.5,0,65000000,50000000.0,False,False,False,False,False,0.0,0.0,NEUTRAL,XXXTXXTTTXXXXXTTXXXXX,False,-229683.0,49770317.0,39,36,52.0,49770317.0,200,,SIDEWAY,,0.3865,True,False,TXXXXXTTXXXXX,XXXTXXTTTXXXXXTTXXXXX,,,,,,,CLUSTERING (BET),NORMAL,"Motif 'TTXXXXX' (chu kỳ 7) đang lặp lại, đã thấy 14 phiên khớp",CONFIRMED,BET,XIU,0.6495,,0.9941,4,False,,,,,,,,FOLLOW,TAI,"[ADAPTIVE-HOLD] p̂=64.0% n_eff=17.2 (chưa đủ bằng chứng để đảo, |flip_score|<0.9) → size 100%.",False,0,
2026-08-19,2026-08-19 07:26:19,07:26:19,3121653,XXXXXTTXXXXXT,1T,—,0,SKIP,[ADAPT-THRESH] p=64.9% < θ=66.5% (+0.051) state=DEGRADED → SKIP,0,5-4-6,15,TAI,SKIP,False,0,4.794458496032889,0.0,0.0,4.794458496032889,TAI,False,True,,1199.5259,50.0,49770317.0,-229683.0,-0.45936600000000005,52.0,39,36,4,0,3.1,5.3,False,False,False,0,15000000.0,-1.5,0,65000000,50000000.0,False,False,False,False,False,0.0,0.0,NEUTRAL,XXTXXTTTXXXXXTTXXXXXT,False,-229683.0,49770317.0,39,36,52.0,49770317.0,200,[ADAPT-THRESH] p=64.9% < θ=66.5% (+0.051) state=DEGRADED → SKIP,UP (TAI),,0.4678,True,False,XXXXXTTXXXXXT,XXTXXTTTXXXXXTTXXXXXT,,,,,,,CLUSTERING (BET),NORMAL,"Motif 'TXXXXXT' (chu kỳ 7) đang lặp lại, đã thấy 15 phiên khớp",CONFIRMED,BET,XIU,0.6495,,0.9941,4,False,,,,,,,,,,,False,0,
2026-08-19,2026-08-19 07:27:30,07:27:30,3121654,XXXXTTXXXXXTT,2T,XIU,44055,SNIPER_LOW,"[BẺ→BÁM] micro=PERSISTENT lag1=+0.32 → không phá PERIOD, bám X [ADAPT-SIZE×0.53 →LOW]",64,1-6-6,13,TAI,LOSS,False,-44055,25.097774231183685,0.0,0.0,25.097774231183685,XIU,False,True,,59.228,50.0,49726262.0,-273738.0,-0.5474760000000001,51.31578947368421,39,37,0,1,3.1,5.3,False,False,False,0,15000000.0,-1.8,0,65000000,50000000.0,False,False,False,False,False,0.0,0.0,NEUTRAL,XTXXTTTXXXXXTTXXXXXTT,False,-273738.0,49726262.0,39,37,51.3,49726262.0,200,,UP (TAI),,0.6216,True,False,XXXXTTXXXXXTT,XTXXTTTXXXXXTTXXXXXTT,,,,,,,CLUSTERING (BET),NORMAL,"Motif 'XXXXXTT' (chu kỳ 7) đang lặp lại, đã thấy 16 phiên khớp",CONFIRMED,BET,XIU,0.6495,,0.9941,4,False,,,,,,,,FOLLOW,XIU,"[ADAPTIVE-HOLD] p̂=70.9% n_eff=15.6 (chưa đủ bằng chứng để đảo, |flip_score|<0.9) → size 100%.",False,0,
2026-08-19,2026-08-19 07:28:41,07:28:41,3121655,XXXTTXXXXXTTT,3T,XIU,42288,SNIPER_LOW,[BET] p=64.9% ≥ θ=59.9%. Hướng X. [ADAPT-SIZE×0.54 →LOW],65,5-6-1,12,TAI,LOSS,False,-42288,11.511603663087811,0.0,0.0,11.511603663087811,TAI,False,True,,56.9024,50.0,49683974.0,-316026.0,-0.632052,50.649350649350644,39,38,0,2,3.1,5.3,False,False,False,0,15000000.0,-2.1,0,65000000,50000000.0,False,False,False,False,False,0.0,0.0,NEUTRAL,TXXTTTXXXXXTTXXXXXTTT,False,-316026.0,49683974.0,39,38,50.6,49683974.0,200,,SIDEWAY,,0.6162,False,False,XXXTTXXXXXTTT,TXXTTTXXXXXTTXXXXXTTT,,,,,,,CLUSTERING (BET),POOR,Bet T dang chay 3 ván liên tiếp,CONFIRMED,BET,XIU,0.6495,,0.9941,4,False,,,,,,,,FOLLOW,XIU,"[ADAPTIVE-HOLD] p̂=68.2% n_eff=16.1 (chưa đủ bằng chứng để đảo, |flip_score|<0.9) → size 100%.",False,0,
2026-08-19,2026-08-19 07:29:52,07:29:52,3121656,XXTTXXXXXTTTT,4T,XIU,60030,SNIPER_MID,[BET] p=64.9% ≥ θ=57.0%. Hướng X.,65,5-3-3,11,TAI,LOSS,False,-60030,7.7831712909677035,0.0,0.0,7.7831712909677035,TAI,False,True,,57.3209,50.0,49623944.0,-376056.0,-0.752112,50.0,39,39,0,3,3.3,5.3,False,False,False,0,15000000.0,-2.5,0,65000000,50000000.0,False,False,False,False,False,0.0,0.0,NEUTRAL,XXTTTXXXXXTTXXXXXTTTT,False,-376056.0,49623944.0,39,39,50.0,49623944.0,200,,DOWN (XIU),,0.6288,False,False,XXTTXXXXXTTTT,XXTTTXXXXXTTXXXXXTTTT,,,,,,,CLUSTERING (BET),NORMAL,Bet T dang chay 4 ván liên tiếp,CONFIRMED,BET,XIU,0.6495,,0.9941,4,False,,,,,,,,FOLLOW,XIU,"[ADAPTIVE-HOLD] p̂=65.7% n_eff=16.6 (chưa đủ bằng chứng để đảo, |flip_score|<0.9) → size 100%.",False,0,
2026-08-19,2026-08-19 07:31:03,07:31:03,3121657,XTTXXXXXTTTTT,5T,XIU,18787,SNIPER_LOW,[BET] p=64.9% ≥ θ=59.0%. Hướng X. [ADAPT-SIZE×0.33 →LOW],65,1-3-4,8,XIU,WIN,True,18411,45.26460551046464,0.0,0.0,45.26460551046464,XIU,False,True,,42.9192,50.0,49642355.0,-357645.0,-0.71529,50.63291139240506,40,39,1,0,3.3,5.3,False,False,False,0,15000000.0,-2.4,0,65000000,50000000.0,False,False,False,False,False,0.0,0.0,NEUTRAL,XTTTXXXXXTTXXXXXTTTTT,False,-357645.0,49642355.0,40,39,50.6,49642355.0,200,,DOWN (XIU),,0.2645,True,False,XTTXXXXXTTTTT,XTTTXXXXXTTXXXXXTTTTT,,,,,,,CLUSTERING (BET),NORMAL,Bet T dang chay 5 ván liên tiếp,CONFIRMED,BET,XIU,0.6495,,0.9941,4,False,,,,,,,,FOLLOW,XIU,"[ADAPTIVE-HOLD] p̂=64.6% n_eff=20.1 (chưa đủ bằng chứng để đảo, |flip_score|<0.9) → size 100%.",False,0,
2026-08-19,2026-08-19 07:32:14,07:32:14,3121658,TTXXXXXTTTTTX,1X,XIU,79432,SNIPER_MID,[BET] p=64.9% ≥ θ=62.0%. Hướng X.,65,1-1-2,4,XIU,WIN,True,77843,72.4217634370818,0.0,0.0,72.4217634370818,XIU,False,True,,68.4815,50.0,49720198.0,-279802.0,-0.559604,51.24999999999999,41,39,2,0,3.3,5.3,False,False,False,0,15000000.0,-1.9,0,65000000,50000000.0,False,False,False,False,False,0.0,0.0,NEUTRAL,TTTXXXXXTTXXXXXTTTTTX,False,-279802.0,49720198.0,41,39,51.2,49720198.0,200,,DOWN (XIU),,0.2239,True,False,TTXXXXXTTTTTX,TTTXXXXXTTXXXXXTTTTTX,,,,,,,CLUSTERING (BET),POOR,Nghiêng T 4/5 phiên gần nhất,CONFIRMED,BET,XIU,0.6495,,0.9941,4,False,,,,,,,,FOLLOW,XIU,"[ADAPTIVE-HOLD] p̂=64.7% n_eff=17.5 (chưa đủ bằng chứng để đảo, |flip_score|<0.9) → size 100%.",False,0,
2026-08-19,2026-08-19 07:33:25,07:33:25,3121659,TXXXXXTTTTTXX,2X,XIU,110160,SNIPER_MID,[BET] p=64.9% ≥ θ=60.0%. Hướng X.,65,5-5-1,11,TAI,LOSS,False,-110160,61.005312999388636,0.0,0.0,61.005312999388636,XIU,False,True,,75.7996,50.0,49610038.0,-389962.0,-0.779924,50.617283950617285,41,40,0,1,3.3,5.3,False,False,False,0,15000000.0,-2.6,0,65000000,50000000.0,False,False,False,False,False,0.0,0.0,NEUTRAL,TTXXXXXTTXXXXXTTTTTXX,False,-389962.0,49610038.0,41,40,50.6,49610038.0,200,,DOWN (XIU),,0.3308,True,False,TXXXXXTTTTTXX,TTXXXXXTTXXXXXTTTTTXX,,,,,,,CLUSTERING (BET),POOR,Nghiêng T 5/7 phiên gần nhất,CONFIRMED,BET,XIU,0.6495,,0.9941,4,False,,,,,,,,FOLLOW,XIU,"[ADAPTIVE-HOLD] p̂=65.9% n_eff=18.0 (chưa đủ bằng chứng để đảo, |flip_score|<0.9) → size 100%.",False,0,
2026-08-19,2026-08-19 07:34:36,07:34:36,3121660,XXXXXTTTTTXXT,1T,XIU,99360,SNIPER_MID,[BET] p=64.9% ≥ θ=61.0%. Hướng X.,65,2-1-2,5,XIU,WIN,True,97373,74.72498863639096,0.0,0.0,74.72498863639096,TAI,False,True,,26.6113,50.0,49707410.0,-292590.0,-0.58518,51.21951219512195,42,40,1,0,3.3,5.3,False,False,False,0,15000000.0,-2.0,0,65000000,50000000.0,False,False,False,False,False,0.0,0.0,NEUTRAL,TXXXXXTTXXXXXTTTTTXXT,False,-292590.0,49707410.0,42,40,51.2,49707410.0,200,,SIDEWAY,,0.7722,False,False,XXXXXTTTTTXXT,TXXXXXTTXXXXXTTTTTXXT,,,,,,,CLUSTERING (BET),POOR,Nghiêng T 5/7 phiên gần nhất,CONFIRMED,BET,XIU,0.6495,,0.9941,4,False,,,,,,,,FOLLOW,XIU,"[ADAPTIVE-HOLD] p̂=63.8% n_eff=18.5 (chưa đủ bằng chứng để đảo, |flip_score|<0.9) → size 100%.",False,0,
2026-08-19,2026-08-19 07:35:47,07:35:47,3121661,XXXXTTTTTXXTX,1X,XIU,92215,SNIPER_MID,[BET] p=64.9% ≥ θ=61.0%. Hướng X.,65,4-1-2,7,XIU,WIN,True,90371,25.271039297356353,0.0,0.0,25.271039297356353,XIU,False,True,,37.0313,50.0,49797780.0,-202220.0,-0.40444,51.80722891566265,43,40,2,0,3.3,5.3,False,False,False,0,15000000.0,-1.3,0,65000000,50000000.0,False,False,False,False,False,0.0,0.0,NEUTRAL,XXXXXTTXXXXXTTTTTXXTX,False,-202220.0,49797780.0,43,40,51.8,49797780.0,200,,SIDEWAY,,0.5025,False,False,XXXXTTTTTXXTX,XXXXXTTXXXXXTTTTTXXTX,,,,,,,CHOPPY (RAC),POOR,"Motif 'XTX' (chu kỳ 3) đang lặp lại, đã thấy 5 phiên khớp",FORMING,BET,XIU,0.6495,,0.9941,4,False,,,,,,,,REDUCE_SIZE,XIU,"[ADAPTIVE-HOLD] p̂=43.9% n_eff=15.1 (chưa đủ bằng chứng để đảo, |flip_score|<0.9) → size 84%.",False,0,
2026-08-19,2026-08-19 07:36:58,07:36:58,3121662,XXXTTTTTXXTXX,2X,TAI,101745,SNIPER_MID,"[BẺ→BÁM] micro=PERSISTENT lag1=+0.41 → không phá PERIOD, bám T",64,3-3-6,12,TAI,WIN,True,99710,67.91475869263095,0.0,0.0,67.91475869263095,TAI,False,True,,63.6688,50.0,49897490.0,-102510.0,-0.20501999999999998,52.38095238095239,44,40,3,0,3.3,5.3,False,False,False,0,15000000.0,-0.7,0,65000000,50000000.0,False,False,False,False,False,0.0,0.0,NEUTRAL,XXXXTTXXXXXTTTTTXXTXX,False,-102510.0,49897490.0,44,40,52.4,49897490.0,200,,SIDEWAY,,0.4486,True,False,XXXTTTTTXXTXX,XXXXTTXXXXXTTTTTXXTXX,,,,,,,CHOPPY (RAC),POOR,"Motif 'TXX' (chu kỳ 3) đang lặp lại, đã thấy 6 phiên khớp",CONFIRMED,BET,XIU,0.6495,,0.9941,4,False,,,,,,,,FOLLOW,TAI,"[ADAPTIVE-HOLD] p̂=54.0% n_eff=18.6 (chưa đủ bằng chứng để đảo, |flip_score|<0.9) → size 100%.",False,0,
2026-08-19,2026-08-19 07:38:09,07:38:09,3121663,XXTTTTTXXTXXT,1T,TAI,129667,SNIPER_MID,[BẮT RÁC] online fadeWR=0.54 followWR=0.42 nF=57 nFo=0 sc=1 | đu PERIOD. Lật → T,64,4-2-4,10,XIU,LOSS,False,-129667,14.67550771757256,0.0,0.0,14.67550771757256,XIU,False,True,,116.1771,50.0,49767823.0,-232177.0,-0.464354,51.76470588235295,44,41,0,1,3.0,5.3,False,False,False,0,15000000.0,-1.5,0,65000000,50000000.0,False,False,False,False,False,0.0,0.0,NEUTRAL,XXXTTXXXXXTTTTTXXTXXT,False,-232177.0,49767823.0,44,41,51.8,49767823.0,200,,UP (TAI),,0.3151,True,False,XXTTTTTXXTXXT,XXXTTXXXXXTTTTTXXTXXT,,,,,,,CHOPPY (RAC),POOR,"Motif 'XXT' (chu kỳ 3) đang lặp lại, đã thấy 7 phiên khớp",CONFIRMED,BET,XIU,0.6495,,0.9941,4,False,,,,,,,,FOLLOW,TAI,"[ADAPTIVE-HOLD] p̂=53.3% n_eff=19.9 (chưa đủ bằng chứng để đảo, |flip_score|<0.9) → size 100%.",False,0,
2026-08-19,2026-08-19 07:39:20,07:39:20,3121664,XTTTTTXXTXXTX,1X,XIU,43582,SNIPER_MID,[BET] p=64.9% ≥ θ=61.0%. Hướng X.,65,6-4-6,16,TAI,LOSS,False,-43582,74.01213744298775,0.0,0.0,74.01213744298775,XIU,False,True,,100.7851,50.0,49724241.0,-275759.0,-0.551518,51.162790697674424,44,42,0,2,3.1,5.3,False,False,False,0,15000000.0,-1.8,0,65000000,50000000.0,False,False,False,False,False,0.0,0.0,NEUTRAL,XXTTXXXXXTTTTTXXTXXTX,False,-275759.0,49724241.0,44,42,51.2,49724241.0,200,,SIDEWAY,,0.2418,True,False,XTTTTTXXTXXTX,XXTTXXXXXTTTTTXXTXXTX,,,,,,,ALTERNATING (NHAY),POOR,"Motif 'XTX' (chu kỳ 3) đang lặp lại, đã thấy 8 phiên khớp",CONFIRMED,BET,XIU,0.6495,,0.9941,4,False,,,,,,,,REDUCE_SIZE,XIU,"[ADAPTIVE-HOLD] p̂=28.3% n_eff=15.8 (chưa đủ bằng chứng để đảo, |flip_score|<0.9) → size 44%.",False,0,
2026-08-19,2026-08-19 07:40:31,07:40:31,3121665,TTTTTXXTXXTXT,1T,TAI,86185,SNIPER_MID,[BET] p=64.9% ≥ θ=61.0%. Hướng X.,65,4-3-3,10,XIU,LOSS,False,-86185,53.89859243335946,0.0,0.0,53.89859243335946,XIU,False,True,,61.311,50.0,49638056.0,-361944.0,-0.723888,50.57471264367817,44,43,0,3,3.2,5.3,False,False,False,0,15000000.0,-2.4,0,65000000,50000000.0,False,False,False,False,False,0.0,0.0,NEUTRAL,XTTXXXXXTTTTTXXTXXTXT,False,-361944.0,49638056.0,44,43,50.6,49638056.0,200,,SIDEWAY,,0.6873,False,False,TTTTTXXTXXTXT,XTTXXXXXTTTTTXXTXXTXT,,,,,,,ALTERNATING (NHAY),NORMAL,"Motif 'XXTXT' (chu kỳ 5) đang lặp lại, đã thấy 7 phiên khớp",FORMING,BET,XIU,0.6495,,0.9941,4,False,,,,,,,,FADE,XIU,"[ADAPTIVE-FADE] p̂=23.0% n_eff=17.2 flip_score=-1.12 → đảo, size 93%.",False,0,
2026-08-19,2026-08-19 07:41:42,07:41:42,3121666,TTTTXXTXXTXTX,1X,XIU,45622,SNIPER_MID,[BET] p=64.9% ≥ θ=61.0%. Hướng X.,65,4-6-6,16,TAI,LOSS,False,-45622,91.70934396884734,0.0,0.0,91.70934396884734,TAI,False,True,,112.05,50.0,49592434.0,-407566.0,-0.815132,50.0,44,44,0,4,3.3,5.3,False,False,False,0,15000000.0,-2.7,0,65000000,50000000.0,False,False,False,False,False,0.0,0.0,NEUTRAL,TTXXXXXTTTTTXXTXXTXTX,False,-407566.0,49592434.0,44,44,50.0,49592434.0,200,,SIDEWAY,,0.3266,True,False,TTTTXXTXXTXTX,TTXXXXXTTTTTXXTXXTXTX,,,,,,,ALTERNATING (NHAY),POOR,"Motif 'XTXXTXTX' (chu kỳ 8) đang lặp lại, đã thấy 10 phiên khớp",FORMING,BET,XIU,0.6495,,0.9941,4,False,,,,,,,,REDUCE_SIZE,XIU,"[ADAPTIVE-HOLD] p̂=30.6% n_eff=15.7 (chưa đủ bằng chứng để đảo, |flip_score|<0.9) → size 50%.",False,0,
2026-08-19,2026-08-19 07:42:53,07:42:53,3121667,TTTXXTXXTXTXT,1T,TAI,57222,SNIPER_MID,[BET] p=64.9% ≥ θ=61.0%. Hướng X.,65,5-1-5,11,TAI,WIN,True,56078,81.51143737421039,0.0,0.0,81.51143737421039,XIU,False,True,,183.3274,50.0,49648511.0,-351489.0,-0.702978,50.56179775280899,45,44,1,0,3.3,5.3,False,False,False,0,15000000.0,-2.3,0,65000000,50000000.0,False,False,False,False,False,0.0,0.0,NEUTRAL,TXXXXXTTTTTXXTXXTXTXT,False,-351489.0,49648511.0,45,44,50.6,49648511.0,200,,SIDEWAY,,0.5631,True,False,TTTXXTXXTXTXT,TXXXXXTTTTTXXTXXTXTXT,,,,,,,ALTERNATING (NHAY),POOR,"Motif 'XT' (chu kỳ 2) đang lặp lại, đã thấy 6 phiên khớp",CONFIRMED,BET,XIU,0.6495,,0.9941,4,False,,,,,,,,FADE,XIU,"[ADAPTIVE-FADE] p̂=18.2% n_eff=19.2 flip_score=-1.39 → đảo, size 99%.",False,0,
2026-08-19,2026-08-19 07:44:04,07:44:04,3121668,TTXXTXXTXTXTT,2T,TAI,97394,SNIPER_MID,[BET] p=64.9% ≥ θ=60.0%. Hướng X.,65,6-1-4,11,TAI,WIN,True,95446,77.89767983163449,0.0,0.0,77.89767983163449,XIU,False,True,,45.4236,50.0,49743957.0,-256043.0,-0.5120859999999999,51.11111111111111,46,44,2,0,3.3,5.3,False,False,False,0,15000000.0,-1.7,0,65000000,50000000.0,False,False,False,False,False,0.0,0.0,NEUTRAL,XXXXXTTTTTXXTXXTXTXTT,False,-256043.0,49743957.0,46,44,51.1,49743957.0,200,,SIDEWAY,,0.6291,False,False,TTXXTXXTXTXTT,XXXXXTTTTTXXTXXTXTXTT,,,,,,,ALTERNATING (NHAY),POOR,Mới 2 ván T liên tiếp — có thể đang hình thành bệt,FORMING,BET,XIU,0.6495,,0.9941,4,False,,,,,,,,FADE,XIU,"[ADAPTIVE-FADE] p̂=26.8% n_eff=17.6 flip_score=-0.97 → đảo, size 87%.",False,0,
2026-08-19,2026-08-19 07:45:15,07:45:15,3121669,TXXTXXTXTXTTT,3T,XIU,116025,SNIPER_MID,[BẮT RÁC] online fadeWR=0.53 followWR=0.42 nF=58 nFo=0 sc=3 | đu BET. Lật → X,64,6-4-1,11,TAI,LOSS,False,-116025,41.758278121579465,0.0,0.0,41.758278121579465,TAI,False,True,,45.7229,50.0,49627932.0,-372068.0,-0.744136,50.54945054945055,46,45,0,1,3.2,5.3,False,False,False,0,15000000.0,-2.5,0,65000000,50000000.0,False,False,False,False,False,0.0,0.0,NEUTRAL,XXXXTTTTTXXTXXTXTXTTT,False,-372068.0,49627932.0,46,45,50.5,49627932.0,200,,SIDEWAY,,0.341,False,False,TXXTXXTXTXTTT,XXXXTTTTTXXTXXTXTXTTT,,,,,,,CHOPPY (RAC),POOR,Bet T dang chay 3 ván liên tiếp,CONFIRMED,BET,XIU,0.6495,,0.9941,4,False,,,,,,,,FOLLOW,XIU,"[ADAPTIVE-HOLD] p̂=51.6% n_eff=20.9 (chưa đủ bằng chứng để đảo, |flip_score|<0.9) → size 100%.",False,0,
2026-08-19,2026-08-19 07:46:26,07:46:26,3121670,XXTXXTXTXTTTT,4T,XIU,101879,SNIPER_MID,[BẮT RÁC] online fadeWR=0.52 followWR=0.42 nF=59 nFo=0 sc=4 | đu BET. Lật → X,64,3-1-6,10,XIU,WIN,True,99841,7.385005690813222,0.0,0.0,7.385005690813222,XIU,False,True,,43.8417,50.0,49727773.0,-272227.0,-0.544454,51.08695652173913,47,45,1,0,3.2,5.3,False,False,False,0,15000000.0,-1.8,0,65000000,50000000.0,False,False,False,False,False,0.0,0.0,NEUTRAL,XXXTTTTTXXTXXTXTXTTTT,False,-272227.0,49727773.0,47,45,51.1,49727773.0,200,,SIDEWAY,,0.4067,False,False,XXTXXTXTXTTTT,XXXTTTTTXXTXXTXTXTTTT,,,,,,,CHOPPY (RAC),POOR,Bet T dang chay 4 ván liên tiếp,CONFIRMED,BET,XIU,0.6495,,0.9941,4,False,,,,,,,,FOLLOW,XIU,"[ADAPTIVE-HOLD] p̂=50.1% n_eff=21.4 (chưa đủ bằng chứng để đảo, |flip_score|<0.9) → size 100%.",False,0,
2026-08-19,2026-08-19 07:47:37,07:47:37,3121671,XTXXTXTXTTTTX,1X,XIU,94052,SNIPER_MID,[BẮT RÁC] online fadeWR=0.53 followWR=0.42 nF=60 nFo=0 sc=1 | đu NGHIENG_5. Lật → X,64,1-6-4,11,TAI,LOSS,False,-94052,21.378101486706633,0.0,0.0,21.378101486706633,XIU,False,True,,22.6409,50.0,49633721.0,-366279.0,-0.732558,50.53763440860215,47,46,0,1,3.2,5.3,False,False,False,0,15000000.0,-2.4,0,65000000,50000000.0,False,False,False,False,False,0.0,0.0,NEUTRAL,XXTTTTTXXTXXTXTXTTTTX,False,-366279.0,49633721.0,47,46,50.5,49633721.0,200,,DOWN (XIU),,0.346,True,False,XTXXTXTXTTTTX,XXTTTTTXXTXXTXTXTTTTX,,,,,,,CHOPPY (RAC),POOR,Nghiêng T 4/5 phiên gần nhất,CONFIRMED,BET,XIU,0.6495,,0.9941,4,False,,,,,,,,REDUCE_SIZE,XIU,"[ADAPTIVE-HOLD] p̂=42.9% n_eff=22.9 (chưa đủ bằng chứng để đảo, |flip_score|<0.9) → size 82%.",False,0,
2026-08-19,2026-08-19 07:48:48,07:48:48,3121672,TXXTXTXTTTTXT,1T,XIU,81720,SNIPER_MID,[BẮT RÁC] online fadeWR=0.52 followWR=0.42 nF=61 nFo=0 sc=1 | đu NGHIENG_5. Lật → X,64,5-4-6,15,TAI,LOSS,False,-81720,13.062362115036688,0.0,0.0,13.062362115036688,XIU,False,True,,46.5868,50.0,49552001.0,-447999.0,-0.895998,50.0,47,47,0,2,3.4,5.3,False,False,False,0,15000000.0,-3.0,0,65000000,50000000.0,False,False,False,False,False,0.0,0.0,NEUTRAL,XTTTTTXXTXXTXTXTTTTXT,False,-447999.0,49552001.0,47,47,50.0,49552001.0,200,,SIDEWAY,,0.4084,True,False,TXXTXTXTTTTXT,XTTTTTXXTXXTXTXTTTTXT,,,,,,,CHOPPY (RAC),POOR,Nghiêng T 4/5 phiên gần nhất,CONFIRMED,BET,XIU,0.6495,,0.9941,4,False,,,,,,,,FOLLOW,XIU,"[ADAPTIVE-HOLD] p̂=50.1% n_eff=22.4 (chưa đủ bằng chứng để đảo, |flip_score|<0.9) → size 100%.",False,0,
2026-08-19,2026-08-19 07:49:59,07:49:59,3121673,XXTXTXTTTTXTT,2T,XIU,35910,SNIPER_LOW,[BẮT RÁC] online fadeWR=0.51 followWR=0.42 nF=62 nFo=0 sc=2 | đu NGHIENG_5. Lật → X [ADAPT-SIZE×0.53 →LOW],64,6-6-3,15,TAI,LOSS,False,-35910,64.38579188778785,0.0,0.0,64.38579188778785,TAI,False,True,,71.8,50.0,49516091.0,-483909.0,-0.967818,49.473684210526315,47,48,0,3,3.5,5.3,False,False,False,0,15000000.0,-3.2,0,65000000,50000000.0,False,False,False,False,False,0.0,0.0,NEUTRAL,TTTTTXXTXXTXTXTTTTXTT,False,-483909.0,49516091.0,47,48,49.5,49516091.0,200,,UP (TAI),,0.5636,True,False,XXTXTXTTTTXTT,TTTTTXXTXXTXTXTTTTXTT,,,,,,,CHOPPY (RAC),POOR,Nghiêng T 4/5 phiên gần nhất,CONFIRMED,BET,XIU,0.6495,,0.9941,4,False,,,,,,,,FOLLOW,XIU,"[ADAPTIVE-HOLD] p̂=57.3% n_eff=23.8 (chưa đủ bằng chứng để đảo, |flip_score|<0.9) → size 100%.",False,0,
2026-08-19,2026-08-19 07:51:10,07:51:10,3121674,XTXTXTTTTXTTT,3T,TAI,20921,SNIPER_LOW,"[BẺ→BÁM] micro=NEUTRAL lag1=+0.04 → không phá PERIOD, bám T [ADAPT-SIZE×0.39 →LOW]",64,6-2-1,9,XIU,LOSS,False,-20921,46.337811324199286,0.0,0.0,46.337811324199286,TAI,False,True,,67.6592,50.0,49495170.0,-504830.0,-1.00966,48.95833333333333,47,49,0,4,3.5,5.3,False,False,False,0,15000000.0,-3.4,0,65000000,50000000.0,False,False,False,False,False,0.0,0.0,NEUTRAL,TTTTXXTXXTXTXTTTTXTTT,False,-504830.0,49495170.0,47,49,49.0,49495170.0,200,,SIDEWAY,,0.5603,True,False,XTXTXTTTTXTTT,TTTTXXTXXTXTXTTTTXTTT,,,,,,,CHOPPY (RAC),NORMAL,"Motif 'TXTTT' (chu kỳ 5) đang lặp lại, đã thấy 10 phiên khớp",CONFIRMED,BET,XIU,0.6495,,0.9941,4,False,,,,,,,,REDUCE_SIZE,TAI,"[ADAPTIVE-HOLD] p̂=47.8% n_eff=17.4 (chưa đủ bằng chứng để đảo, |flip_score|<0.9) → size 94%.",False,0,
2026-08-19,2026-08-19 07:52:21,07:52:21,3121675,TXTXTTTTXTTTX,1X,XIU,17955,SNIPER_LOW,[BẮT RÁC] online fadeWR=0.51 followWR=0.42 nF=63 nFo=0 sc=1 | đu PERIOD. Lật → X [ADAPT-SIZE×0.40 →LOW],64,5-1-1,7,XIU,WIN,True,17596,67.3753891003347,0.0,0.0,67.3753891003347,TAI,False,True,,93.7824,50.0,49512765.0,-487235.0,-0.9744700000000001,49.48453608247423,48,49,1,0,3.5,5.3,False,False,False,0,15000000.0,-3.2,0,65000000,50000000.0,False,False,False,False,False,0.0,0.0,NEUTRAL,TTTXXTXXTXTXTTTTXTTTX,False,-487235.0,49512765.0,48,49,49.5,49512765.0,200,,DOWN (XIU),,0.4404,True,False,TXTXTTTTXTTTX,TTTXXTXXTXTXTTTTXTTTX,,,,,,,CHOPPY (RAC),NORMAL,"Motif 'TTTX' (chu kỳ 4) đang lặp lại, đã thấy 8 phiên khớp",CONFIRMED,BET,XIU,0.6495,,0.9941,4,False,,,,,,,,FOLLOW,XIU,"[ADAPTIVE-HOLD] p̂=56.7% n_eff=31.4 (chưa đủ bằng chứng để đảo, |flip_score|<0.9) → size 100%.",False,0,
2026-08-19,2026-08-19 07:53:32,07:53:32,3121676,XTXTTTTXTTTXX,2X,XIU,42202,SNIPER_LOW,[BẮT RÁC] online fadeWR=0.53 followWR=0.42 nF=64 nFo=0 sc=2 | đu NGHIENG_10. Lật → X [ADAPT-SIZE×0.53 →LOW],64,6-3-6,15,TAI,LOSS,False,-42202,39.88448709795627,0.0,0.0,39.88448709795627,TAI,False,True,,59.147,50.0,49470563.0,-529437.0,-1.0588739999999999,48.97959183673469,48,50,0,1,3.6,5.3,False,False,False,0,15000000.0,-3.5,0,65000000,50000000.0,False,False,False,False,False,0.0,0.0,NEUTRAL,TTXXTXXTXTXTTTTXTTTXX,False,-529437.0,49470563.0,48,50,49.0,49470563.0,200,,DOWN (XIU),,0.3598,False,False,XTXTTTTXTTTXX,TTXXTXXTXTXTTTTXTTTXX,,,,,,,CHOPPY (RAC),POOR,Nghiêng T 7/10 phiên gần nhất,CONFIRMED,BET,XIU,0.6495,,0.9941,4,False,,,,,,,,REDUCE_SIZE,XIU,"[ADAPTIVE-HOLD] p̂=48.7% n_eff=23.9 (chưa đủ bằng chứng để đảo, |flip_score|<0.9) → size 97%.",False,0,
2026-08-19,2026-08-19 07:54:43,07:54:43,3121677,TXTTTTXTTTXXT,1T,XIU,39300,SNIPER_LOW,[BẮT RÁC] online fadeWR=0.51 followWR=0.42 nF=65 nFo=0 sc=1 | đu NGHIENG_10. Lật → X [ADAPT-SIZE×0.52 →LOW],64,1-4-6,11,TAI,LOSS,False,-39300,37.54949112592604,0.0,0.0,37.54949112592604,TAI,False,True,,64.6252,50.0,49431263.0,-568737.0,-1.1374739999999999,48.484848484848484,48,51,0,2,3.6,5.3,False,False,False,0,15000000.0,-3.8,0,65000000,50000000.0,False,False,False,False,False,0.0,0.0,NEUTRAL,TXXTXXTXTXTTTTXTTTXXT,False,-568737.0,49431263.0,48,51,48.5,49431263.0,200,,SIDEWAY,,0.4731,False,False,TXTTTTXTTTXXT,TXXTXXTXTXTTTTXTTTXXT,,,,,,,CHOPPY (RAC),NORMAL,Nghiêng T 7/10 phiên gần nhất,CONFIRMED,BET,XIU,0.6495,,0.9941,4,False,,,,,,,,FOLLOW,XIU,"[ADAPTIVE-HOLD] p̂=54.7% n_eff=27.4 (chưa đủ bằng chứng để đảo, |flip_score|<0.9) → size 100%.",False,0,
2026-08-19,2026-08-19 07:55:54,07:55:54,3121678,XTTTTXTTTXXTT,2T,XIU,19109,SNIPER_LOW,[BẮT RÁC] online fadeWR=0.49 followWR=0.42 nF=66 nFo=0 sc=2 | đu NGHIENG_7. Lật → X [ADAPT-SIZE×0.40 →LOW],64,2-5-3,10,XIU,WIN,True,18727,61.10939027781812,0.0,0.0,61.10939027781812,XIU,False,True,,39.3156,50.0,49449989.0,-550011.0,-1.100022,49.0,49,51,1,0,3.6,5.3,False,False,False,0,15000000.0,-3.7,0,65000000,50000000.0,False,False,False,False,False,0.0,0.0,NEUTRAL,XXTXXTXTXTTTTXTTTXXTT,False,-550011.0,49449989.0,49,51,49.0,49449989.0,200,,SIDEWAY,,0.4635,True,False,XTTTTXTTTXXTT,XXTXXTXTXTTTTXTTTXXTT,,,,,,,CHOPPY (RAC),NORMAL,Nghiêng T 5/7 phiên gần nhất,CONFIRMED,BET,XIU,0.6495,,0.9941,4,False,,,,,,,,REDUCE_SIZE,XIU,"[ADAPTIVE-HOLD] p̂=38.7% n_eff=25.8 (chưa đủ bằng chứng để đảo, |flip_score|<0.9) → size 71%.",False,0,
2026-08-19,2026-08-19 07:57:05,07:57:05,3121679,TTTTXTTTXXTTX,1X,—,0,SKIP,[ADAPT-THRESH] p=64.9% < θ=68.5% (+0.065) state=DEGRADED → SKIP,0,5-6-2,13,TAI,SKIP,False,0,1.5086651050208977,0.0,0.0,1.5086651050208977,XIU,False,True,,1467.2277,50.0,49449989.0,-550011.0,-1.100022,49.0,49,51,1,0,3.6,5.3,False,False,False,0,15000000.0,-3.7,0,65000000,50000000.0,False,False,False,False,False,0.0,0.0,NEUTRAL,XTXXTXTXTTTTXTTTXXTTX,False,-550011.0,49449989.0,49,51,49.0,49449989.0,200,[ADAPT-THRESH] p=64.9% < θ=68.5% (+0.065) state=DEGRADED → SKIP,DOWN (XIU),,0.4035,False,False,TTTTXTTTXXTTX,XTXXTXTXTTTTXTTTXXTTX,,,,,,,CHOPPY (RAC),NORMAL,"Motif 'TTTXXTTX' (chu kỳ 8) đang lặp lại, đã thấy 11 phiên khớp",FORMING,BET,XIU,0.6495,,0.9941,4,False,,,,,,,,,,,False,0,
2026-08-19,2026-08-19 07:58:16,07:58:16,3121680,TTTXTTTXXTTXT,1T,—,0,SKIP,[ADAPT-THRESH] p=64.9% < θ=70.5% (+0.065) state=DEGRADED → SKIP,0,4-3-6,13,TAI,SKIP,False,0,3.2617347615551857,0.0,0.0,3.2617347615551857,TAI,False,True,,1233.0438,50.0,49449989.0,-550011.0,-1.100022,49.0,49,51,1,0,3.6,5.3,False,False,False,0,15000000.0,-3.7,0,65000000,50000000.0,False,False,False,False,False,0.0,0.0,NEUTRAL,TXXTXTXTTTTXTTTXXTTXT,False,-550011.0,49449989.0,49,51,49.0,49449989.0,200,"[ADAPT-THRESH] p=64.9% < θ=68.5% (+0.065) state=DEGRADED → SKIP, [ADAPT-THRESH] p=64.9% < θ=70.5% (+0.065) state=DEGRADED → SKIP",SIDEWAY,,0.4299,False,False,TTTXTTTXXTTXT,TXXTXTXTTTTXTTTXXTTXT,,,,,,,CHOPPY (RAC),NORMAL,"Motif 'TTXXTTXT' (chu kỳ 8) đang lặp lại, đã thấy 12 phiên khớp",FORMING,BET,XIU,0.6495,,0.9941,4,False,,,,,,,,,,,False,0,
2026-08-19,2026-08-19 07:59:27,07:59:27,3121681,TTXTTTXXTTXTT,2T,XIU,21424,SNIPER_LOW,"[BẺ→BÁM] micro=CHAOS lag1=-0.20 → không phá PERIOD, bám X [ADAPT-SIZE×0.40 →LOW]",64,6-1-2,9,XIU,WIN,True,20996,5.908128129737217,0.0,0.0,5.908128129737217,TAI,False,True,,62.5202,50.0,49470984.0,-529016.0,-1.058032,49.504950495049506,50,51,2,0,3.6,5.3,False,False,False,0,15000000.0,-3.5,0,65000000,50000000.0,False,False,False,False,False,0.0,0.0,NEUTRAL,XXTXTXTTTTXTTTXXTTXTT,False,-529016.0,49470984.0,50,51,49.5,49470984.0,200,,SIDEWAY,,0.5229,True,False,TTXTTTXXTTXTT,XXTXTXTTTTXTTTXXTTXTT,,,,,,,CHOPPY (RAC),NORMAL,"Motif 'XTT' (chu kỳ 3) đang lặp lại, đã thấy 6 phiên khớp",CONFIRMED,BET,XIU,0.6495,,0.9941,4,False,,,,,,,,REDUCE_SIZE,XIU,"[ADAPTIVE-HOLD] p̂=45.9% n_eff=18.3 (chưa đủ bằng chứng để đảo, |flip_score|<0.9) → size 89%.",False,0,
2026-08-19,2026-08-19 08:00:38,08:00:38,3121682,TXTTTXXTTXTTX,1X,XIU,30855,SNIPER_LOW,[BẮT RÁC] online fadeWR=0.50 followWR=0.42 nF=67 nFo=0 sc=1 | đu PERIOD. Lật → X [ADAPT-SIZE×0.51 →LOW],64,6-5-6,17,TAI,LOSS,False,-30855,57.22237198810544,0.0,0.0,57.22237198810544,TAI,False,True,,123.9601,50.0,49440129.0,-559871.0,-1.119742,49.01960784313725,50,52,0,1,3.6,5.3,False,False,False,0,15000000.0,-3.7,0,65000000,50000000.0,False,False,False,False,False,0.0,0.0,NEUTRAL,XTXTXTTTTXTTTXXTTXTTX,False,-559871.0,49440129.0,50,52,49.0,49440129.0,200,,DOWN (XIU),,0.3208,True,False,TXTTTXXTTXTTX,XTXTXTTTTXTTTXXTTXTTX,,,,,,,CHOPPY (RAC),POOR,"Motif 'TTX' (chu kỳ 3) đang lặp lại, đã thấy 7 phiên khớp",CONFIRMED,BET,XIU,0.6495,,0.9941,4,False,,,,,,,,FOLLOW,XIU,"[ADAPTIVE-HOLD] p̂=59.9% n_eff=34.4 (chưa đủ bằng chứng để đảo, |flip_score|<0.9) → size 100%.",False,0,
2026-08-19,2026-08-19 08:01:49,08:01:49,3121683,XTTTXXTTXTTXT,1T,—,0,SKIP,[ADAPT-THRESH] p=64.9% < θ=70.4% (+0.064) state=DEGRADED → SKIP,0,4-2-2,8,XIU,SKIP,False,0,12.998778002565686,0.0,0.0,12.998778002565686,TAI,False,True,,1783.187,50.0,49440129.0,-559871.0,-1.119742,49.01960784313725,50,52,0,1,3.6,5.3,False,False,False,0,15000000.0,-3.7,0,65000000,50000000.0,False,False,False,False,False,0.0,0.0,NEUTRAL,TXTXTTTTXTTTXXTTXTTXT,False,-559871.0,49440129.0,50,52,49.0,49440129.0,200,[ADAPT-THRESH] p=64.9% < θ=70.4% (+0.064) state=DEGRADED → SKIP,SIDEWAY,,0.5222,True,False,XTTTXXTTXTTXT,TXTXTTTTXTTTXXTTXTTXT,,,,,,,ALTERNATING (NHAY),NORMAL,"Motif 'TXT' (chu kỳ 3) đang lặp lại, đã thấy 8 phiên khớp",CONFIRMED,BET,XIU,0.6495,,0.9941,4,False,,,,,,,,,,,False,0,
2026-08-19,2026-08-19 08:03:00,08:03:00,3121684,TTTXXTTXTTXTX,1X,—,0,SKIP,[ADAPT-THRESH] p=64.9% < θ=70.4% (+0.064) state=DEGRADED → SKIP,0,4-2-3,9,XIU,SKIP,False,0,19.712288013298423,0.0,0.0,19.712288013298423,TAI,False,True,,1733.3013,50.0,49440129.0,-559871.0,-1.119742,49.01960784313725,50,52,0,1,3.6,5.3,False,False,False,0,15000000.0,-3.7,0,65000000,50000000.0,False,False,False,False,False,0.0,0.0,NEUTRAL,XTXTTTTXTTTXXTTXTTXTX,False,-559871.0,49440129.0,50,52,49.0,49440129.0,200,"[ADAPT-THRESH] p=64.9% < θ=70.4% (+0.064) state=DEGRADED → SKIP, [ADAPT-THRESH] p=64.9% < θ=70.4% (+0.064) state=DEGRADED → SKIP",SIDEWAY,,0.4906,False,False,TTTXXTTXTTXTX,XTXTTTTXTTTXXTTXTTXTX,,,,,,,ALTERNATING (NHAY),NORMAL,"Motif 'XTTXTTXTX' (chu kỳ 9) đang lặp lại, đã thấy 11 phiên khớp",FORMING,BET,XIU,0.6495,,0.9941,4,False,,,,,,,,,,,False,0,
2026-08-19,2026-08-19 08:04:11,08:04:11,3121685,TTXXTTXTTXTXX,2X,—,0,SKIP,[ADAPT-THRESH] p=64.9% < θ=69.4% (+0.064) state=DEGRADED → SKIP,0,5-5-4,14,TAI,SKIP,False,0,2.797429563363362,0.0,0.0,2.797429563363362,XIU,False,True,,1970.2931,50.0,49440129.0,-559871.0,-1.119742,49.01960784313725,50,52,0,1,3.6,5.3,False,False,False,0,15000000.0,-3.7,0,65000000,50000000.0,False,False,False,False,False,0.0,0.0,NEUTRAL,TXTTTTXTTTXXTTXTTXTXX,False,-559871.0,49440129.0,50,52,49.0,49440129.0,200,"[ADAPT-THRESH] p=64.9% < θ=70.4% (+0.064) state=DEGRADED → SKIP, [ADAPT-THRESH] p=64.9% < θ=70.4% (+0.064) state=DEGRADED → SKIP, [ADAPT-THRESH] p=64.9% < θ=69.4% (+0.064) state=DEGRADED → SKIP",SIDEWAY,,0.5175,False,False,TTXXTTXTTXTXX,TXTTTTXTTTXXTTXTTXTXX,,,,,,,ALTERNATING (NHAY),POOR,"Motif 'TTXTTXTXX' (chu kỳ 9) đang lặp lại, đã thấy 12 phiên khớp",FORMING,BET,XIU,0.6495,,0.9941,4,False,,,,,,,,,,,False,0,
2026-08-19,2026-08-19 08:05:22,08:05:22,3121686,TXXTTXTTXTXXT,1T,—,0,SKIP,[ADAPT-THRESH] p=64.9% < θ=70.4% (+0.064) state=DEGRADED → SKIP,0,1-2-4,7,XIU,SKIP,False,0,2.956221598935617,0.0,0.0,2.956221598935617,XIU,False,True,,1345.9102,50.0,49440129.0,-559871.0,-1.119742,49.01960784313725,50,52,0,1,3.6,5.3,False,False,False,0,15000000.0,-3.7,0,65000000,50000000.0,False,False,False,False,False,0.0,0.0,NEUTRAL,XTTTTXTTTXXTTXTTXTXXT,False,-559871.0,49440129.0,50,52,49.0,49440129.0,200,"[ADAPT-THRESH] p=64.9% < θ=70.4% (+0.064) state=DEGRADED → SKIP, [ADAPT-THRESH] p=64.9% < θ=69.4% (+0.064) state=DEGRADED → SKIP, [ADAPT-THRESH] p=64.9% < θ=70.4% (+0.064) state=DEGRADED → SKIP",UP (TAI),,0.5346,False,False,TXXTTXTTXTXXT,XTTTTXTTTXXTTXTTXTXXT,,,,,,,ALTERNATING (NHAY),POOR,Khớp đúng mẫu tăng giảm 1-2-1 ở 3 đoạn gần nhất,CONFIRMED,BET,XIU,0.6495,,0.9941,4,False,,,,,,,,,,,False,0,
2026-08-19,2026-08-19 08:06:33,08:06:33,3121687,XXTTXTTXTXXTX,1X,—,0,SKIP,[ADAPT-THRESH] p=64.9% < θ=70.4% (+0.064) state=DEGRADED → SKIP,0,5-4-2,11,TAI,SKIP,False,0,2.3774728096228652,0.0,0.0,2.3774728096228652,XIU,False,True,,1350.7938,50.0,49440129.0,-559871.0,-1.119742,49.01960784313725,50,52,0,1,3.6,5.3,False,False,False,0,15000000.0,-3.7,0,65000000,50000000.0,False,False,False,False,False,0.0,0.0,NEUTRAL,TTTTXTTTXXTTXTTXTXXTX,False,-559871.0,49440129.0,50,52,49.0,49440129.0,200,"[ADAPT-THRESH] p=64.9% < θ=69.4% (+0.064) state=DEGRADED → SKIP, [ADAPT-THRESH] p=64.9% < θ=70.4% (+0.064) state=DEGRADED → SKIP, [ADAPT-THRESH] p=64.9% < θ=70.4% (+0.064) state=DEGRADED → SKIP",SIDEWAY,,0.3663,True,False,XXTTXTTXTXXTX,TTTTXTTTXXTTXTTXTXXTX,,,,,,,ALTERNATING (NHAY),POOR,"Motif 'XTX' (chu kỳ 3) đang lặp lại, đã thấy 6 phiên khớp",CONFIRMED,BET,XIU,0.6495,,0.9941,4,False,,,,,,,,,,,False,0,
2026-08-19,2026-08-19 08:07:44,08:07:44,3121688,XTTXTTXTXXTXT,1T,—,0,SKIP,[ADAPT-THRESH] p=64.9% < θ=70.4% (+0.064) state=DEGRADED → SKIP,0,1-4-5,10,XIU,SKIP,False,0,22.006240103132537,0.0,0.0,22.006240103132537,XIU,False,True,,1783.6016,50.0,49440129.0,-559871.0,-1.119742,49.01960784313725,50,52,0,1,3.6,5.3,False,False,False,0,15000000.0,-3.7,0,65000000,50000000.0,False,False,False,False,False,0.0,0.0,NEUTRAL,TTTXTTTXXTTXTTXTXXTXT,False,-559871.0,49440129.0,50,52,49.0,49440129.0,200,"[ADAPT-THRESH] p=64.9% < θ=70.4% (+0.064) state=DEGRADED → SKIP, [ADAPT-THRESH] p=64.9% < θ=70.4% (+0.064) state=DEGRADED → SKIP, [ADAPT-THRESH] p=64.9% < θ=70.4% (+0.064) state=DEGRADED → SKIP",SIDEWAY,,0.4844,True,False,XTTXTTXTXXTXT,TTTXTTTXXTTXTTXTXXTXT,,,,,,,ALTERNATING (NHAY),POOR,"Motif 'TXTXXTXT' (chu kỳ 8) đang lặp lại, đã thấy 11 phiên khớp",FORMING,BET,XIU,0.6495,,0.9941,4,False,,,,,,,,,,,False,0,
2026-08-19,2026-08-19 08:08:55,08:08:55,3121689,TTXTTXTXXTXTX,1X,—,0,SKIP,[ADAPT-THRESH] p=64.9% < θ=70.4% (+0.064) state=DEGRADED → SKIP,0,5-6-5,16,TAI,SKIP,False,0,16.063764189342216,0.0,0.0,16.063764189342216,TAI,False,True,,1740.0031,50.0,49440129.0,-559871.0,-1.119742,49.01960784313725,50,52,0,1,3.6,5.3,False,False,False,0,15000000.0,-3.7,0,65000000,50000000.0,False,False,False,False,False,0.0,0.0,NEUTRAL,TTXTTTXXTTXTTXTXXTXTX,False,-559871.0,49440129.0,50,52,49.0,49440129.0,200,"[ADAPT-THRESH] p=64.9% < θ=70.4% (+0.064) state=DEGRADED → SKIP, [ADAPT-THRESH] p=64.9% < θ=70.4% (+0.064) state=DEGRADED → SKIP, [ADAPT-THRESH] p=64.9% < θ=70.4% (+0.064) state=DEGRADED → SKIP",SIDEWAY,,0.4639,True,False,TTXTTXTXXTXTX,TTXTTTXXTTXTTXTXXTXTX,,,,,,,ALTERNATING (NHAY),POOR,"Motif 'TTXTXXTXTX' (chu kỳ 10) đang lặp lại, đã thấy 12 phiên khớp",FORMING,BET,XIU,0.6495,,0.9941,4,False,,,,,,,,,,,False,0,
2026-08-19,2026-08-19 08:10:06,08:10:06,3121690,TXTTXTXXTXTXT,1T,—,0,SKIP,[ADAPT-THRESH] p=64.9% < θ=70.4% (+0.064) state=DEGRADED → SKIP,0,3-1-6,10,XIU,SKIP,False,0,6.607646355330264,0.0,0.0,6.607646355330264,XIU,False,True,,1632.0931,50.0,49440129.0,-559871.0,-1.119742,49.01960784313725,50,52,0,1,3.6,5.3,False,False,False,0,15000000.0,-3.7,0,65000000,50000000.0,False,False,False,False,False,0.0,0.0,NEUTRAL,TXTTTXXTTXTTXTXXTXTXT,False,-559871.0,49440129.0,50,52,49.0,49440129.0,200,"[ADAPT-THRESH] p=64.9% < θ=70.4% (+0.064) state=DEGRADED → SKIP, [ADAPT-THRESH] p=64.9% < θ=70.4% (+0.064) state=DEGRADED → SKIP, [ADAPT-THRESH] p=64.9% < θ=70.4% (+0.064) state=DEGRADED → SKIP",SIDEWAY,,0.4211,True,False,TXTTXTXXTXTXT,TXTTTXXTTXTTXTXXTXTXT,,,,,,,ALTERNATING (NHAY),POOR,"Motif 'XT' (chu kỳ 2) đang lặp lại, đã thấy 6 phiên khớp",CONFIRMED,BET,XIU,0.6495,,0.9941,4,False,,,,,,,,,,,False,0,
2026-08-19,2026-08-19 08:11:17,08:11:17,3121691,XTTXTXXTXTXTX,1X,—,0,SKIP,[ADAPT-THRESH] p=64.9% < θ=70.4% (+0.064) state=DEGRADED → SKIP,0,5-6-4,15,TAI,SKIP,False,0,15.224461372716553,0.0,0.0,15.224461372716553,TAI,False,True,,1785.6653,50.0,49440129.0,-559871.0,-1.119742,49.01960784313725,50,52,0,1,3.6,5.3,False,False,False,0,15000000.0,-3.7,0,65000000,50000000.0,False,False,False,False,False,0.0,0.0,NEUTRAL,XTTTXXTTXTTXTXXTXTXTX,False,-559871.0,49440129.0,50,52,49.0,49440129.0,200,"[ADAPT-THRESH] p=64.9% < θ=70.4% (+0.064) state=DEGRADED → SKIP, [ADAPT-THRESH] p=64.9% < θ=70.4% (+0.064) state=DEGRADED → SKIP, [ADAPT-THRESH] p=64.9% < θ=70.4% (+0.064) state=DEGRADED → SKIP",SIDEWAY,,0.5078,True,False,XTTXTXXTXTXTX,XTTTXXTTXTTXTXXTXTXTX,,,,,,,ALTERNATING (NHAY),POOR,"Motif 'TX' (chu kỳ 2) đang lặp lại, đã thấy 7 phiên khớp",CONFIRMED,BET,XIU,0.6495,,0.9941,4,False,,,,,,,,,,,False,0,
2026-08-19,2026-08-19 08:12:28,08:12:28,3121692,TTXTXXTXTXTXT,1T,—,0,SKIP,[ADAPT-THRESH] p=64.9% < θ=70.4% (+0.064) state=DEGRADED → SKIP,0,2-6-5,13,TAI,SKIP,False,0,8.073931285805633,0.0,0.0,8.073931285805633,TAI,False,True,,1925.2344,50.0,49440129.0,-559871.0,-1.119742,49.01960784313725,50,52,0,1,3.6,5.3,False,False,False,0,15000000.0,-3.7,0,65000000,50000000.0,False,False,False,False,False,0.0,0.0,NEUTRAL,TTTXXTTXTTXTXXTXTXTXT,False,-559871.0,49440129.0,50,52,49.0,49440129.0,200,"[ADAPT-THRESH] p=64.9% < θ=70.4% (+0.064) state=DEGRADED → SKIP, [ADAPT-THRESH] p=64.9% < θ=70.4% (+0.064) state=DEGRADED → SKIP, [ADAPT-THRESH] p=64.9% < θ=70.4% (+0.064) state=DEGRADED → SKIP",SIDEWAY,,0.3613,True,False,TTXTXXTXTXTXT,TTTXXTTXTTXTXXTXTXTXT,,,,,,,ALTERNATING (NHAY),POOR,"Motif 'XT' (chu kỳ 2) đang lặp lại, đã thấy 8 phiên khớp",CONFIRMED,BET,XIU,0.6495,,0.9941,4,False,,,,,,,,,,,False,0,
2026-08-19,2026-08-19 08:13:39,08:13:39,3121693,TXTXXTXTXTXTT,2T,—,0,SKIP,[ADAPT-THRESH] p=64.9% < θ=69.4% (+0.064) state=DEGRADED → SKIP,0,6-2-4,12,TAI,SKIP,False,0,0.4347278576337961,0.0,0.0,0.4347278576337961,XIU,False,True,,1644.2484,50.0,49440129.0,-559871.0,-1.119742,49.01960784313725,50,52,0,1,3.6,5.3,False,False,False,0,15000000.0,-3.7,0,65000000,50000000.0,False,False,False,False,False,0.0,0.0,NEUTRAL,TTXXTTXTTXTXXTXTXTXTT,False,-559871.0,49440129.0,50,52,49.0,49440129.0,200,"[ADAPT-THRESH] p=64.9% < θ=70.4% (+0.064) state=DEGRADED → SKIP, [ADAPT-THRESH] p=64.9% < θ=70.4% (+0.064) state=DEGRADED → SKIP, [ADAPT-THRESH] p=64.9% < θ=69.4% (+0.064) state=DEGRADED → SKIP",SIDEWAY,,0.4265,False,False,TXTXXTXTXTXTT,TTXXTTXTTXTXXTXTXTXTT,,,,,,,ALTERNATING (NHAY),POOR,Mới 2 ván T liên tiếp — có thể đang hình thành bệt,FORMING,BET,XIU,0.6495,,0.9941,4,False,,,,,,,,,,,False,0,
2026-08-19,2026-08-19 08:14:50,08:14:50,3121694,XTXXTXTXTXTTT,3T,—,0,SKIP,[ADAPT-THRESH] p=64.9% < θ=69.4% (+0.064) state=DEGRADED → SKIP,0,2-2-4,8,XIU,SKIP,False,0,0.9775774040665999,0.0,0.0,0.9775774040665999,XIU,False,True,,1654.7063,50.0,49440129.0,-559871.0,-1.119742,49.01960784313725,50,52,0,1,3.6,5.3,False,False,False,0,15000000.0,-3.7,0,65000000,50000000.0,False,False,False,False,False,0.0,0.0,NEUTRAL,TXXTTXTTXTXXTXTXTXTTT,False,-559871.0,49440129.0,50,52,49.0,49440129.0,200,"[ADAPT-THRESH] p=64.9% < θ=70.4% (+0.064) state=DEGRADED → SKIP, [ADAPT-THRESH] p=64.9% < θ=69.4% (+0.064) state=DEGRADED → SKIP, [ADAPT-THRESH] p=64.9% < θ=69.4% (+0.064) state=DEGRADED → SKIP",DOWN (XIU),,0.4388,False,False,XTXXTXTXTXTTT,TXXTTXTTXTXXTXTXTXTTT,,,,,,,ALTERNATING (NHAY),POOR,Bet T dang chay 3 ván liên tiếp,CONFIRMED,BET,XIU,0.6495,,0.9941,4,False,,,,,,,,,,,False,0,
2026-08-19,2026-08-19 08:16:01,08:16:01,3121695,TXXTXTXTXTTTX,1X,—,0,SKIP,[ADAPT-THRESH] p=64.9% < θ=70.4% (+0.064) state=DEGRADED → SKIP,0,4-2-6,12,TAI,SKIP,False,0,24.736263750635377,0.0,0.0,24.736263750635377,TAI,False,True,,2031.6264,50.0,49440129.0,-559871.0,-1.119742,49.01960784313725,50,52,0,1,3.6,5.3,False,False,False,0,15000000.0,-3.7,0,65000000,50000000.0,False,False,False,False,False,0.0,0.0,NEUTRAL,XXTTXTTXTXXTXTXTXTTTX,False,-559871.0,49440129.0,50,52,49.0,49440129.0,200,"[ADAPT-THRESH] p=64.9% < θ=69.4% (+0.064) state=DEGRADED → SKIP, [ADAPT-THRESH] p=64.9% < θ=69.4% (+0.064) state=DEGRADED → SKIP, [ADAPT-THRESH] p=64.9% < θ=70.4% (+0.064) state=DEGRADED → SKIP",DOWN (XIU),,0.4963,True,False,TXXTXTXTXTTTX,XXTTXTTXTXXTXTXTXTTTX,,,,,,,ALTERNATING (NHAY),POOR,"Motif 'TXTXTTTX' (chu kỳ 8) đang lặp lại, đã thấy 10 phiên khớp",FORMING,BET,XIU,0.6495,,0.9941,4,False,,,,,,,,,,,False,0,
2026-08-19,2026-08-19 08:17:12,08:17:12,3121696,XXTXTXTXTTTXT,1T,—,0,SKIP,[ADAPT-THRESH] p=64.9% < θ=70.4% (+0.064) state=DEGRADED → SKIP,0,5-3-2,10,XIU,SKIP,False,0,17.254656261921344,0.0,0.0,17.254656261921344,TAI,False,True,,1600.5118,50.0,49440129.0,-559871.0,-1.119742,49.01960784313725,50,52,0,1,3.6,5.3,False,False,False,0,15000000.0,-3.7,0,65000000,50000000.0,False,False,False,False,False,0.0,0.0,NEUTRAL,XTTXTTXTXXTXTXTXTTTXT,False,-559871.0,49440129.0,50,52,49.0,49440129.0,200,"[ADAPT-THRESH] p=64.9% < θ=69.4% (+0.064) state=DEGRADED → SKIP, [ADAPT-THRESH] p=64.9% < θ=70.4% (+0.064) state=DEGRADED → SKIP, [ADAPT-THRESH] p=64.9% < θ=70.4% (+0.064) state=DEGRADED → SKIP",SIDEWAY,,0.421,True,False,XXTXTXTXTTTXT,XTTXTTXTXXTXTXTXTTTXT,,,,,,,ALTERNATING (NHAY),POOR,Nghiêng T 4/5 phiên gần nhất,CONFIRMED,BET,XIU,0.6495,,0.9941,4,False,,,,,,,,,,,False,0,
2026-08-19,2026-08-19 08:18:23,08:18:23,3121697,XTXTXTXTTTXTX,1X,—,0,SKIP,[ADAPT-THRESH] p=64.9% < θ=70.4% (+0.064) state=DEGRADED → SKIP,0,6-3-5,14,TAI,SKIP,False,0,40.957530968107534,0.0,0.0,40.957530968107534,TAI,False,True,,2411.9068,50.0,49440129.0,-559871.0,-1.119742,49.01960784313725,50,52,0,1,3.6,5.3,False,False,False,0,15000000.0,-3.7,0,65000000,50000000.0,False,False,False,False,False,0.0,0.0,NEUTRAL,TTXTTXTXXTXTXTXTTTXTX,False,-559871.0,49440129.0,50,52,49.0,49440129.0,200,"[ADAPT-THRESH] p=64.9% < θ=70.4% (+0.064) state=DEGRADED → SKIP, [ADAPT-THRESH] p=64.9% < θ=70.4% (+0.064) state=DEGRADED → SKIP, [ADAPT-THRESH] p=64.9% < θ=70.4% (+0.064) state=DEGRADED → SKIP",SIDEWAY,,0.3723,True,False,XTXTXTXTTTXTX,TTXTTXTXXTXTXTXTTTXTX,,,,,,,ALTERNATING (NHAY),POOR,"Motif 'TXTXTTTXTX' (chu kỳ 10) đang lặp lại, đã thấy 13 phiên khớp",FORMING,BET,XIU,0.6495,,0.9941,4,False,,,,,,,,,,,False,0,
2026-08-19,2026-08-19 08:19:34,08:19:34,3121698,TXTXTXTTTXTXT,1T,—,0,SKIP,[ADAPT-THRESH] p=64.9% < θ=70.4% (+0.064) state=DEGRADED → SKIP,0,5-2-6,13,TAI,SKIP,False,0,15.787327378006587,0.0,0.0,15.787327378006587,XIU,False,True,,2061.8974,50.0,49440129.0,-559871.0,-1.119742,49.01960784313725,50,52,0,1,3.6,5.3,False,False,False,0,15000000.0,-3.7,0,65000000,50000000.0,False,False,False,False,False,0.0,0.0,NEUTRAL,TXTTXTXXTXTXTXTTTXTXT,False,-559871.0,49440129.0,50,52,49.0,49440129.0,200,"[ADAPT-THRESH] p=64.9% < θ=70.4% (+0.064) state=DEGRADED → SKIP, [ADAPT-THRESH] p=64.9% < θ=70.4% (+0.064) state=DEGRADED → SKIP, [ADAPT-THRESH] p=64.9% < θ=70.4% (+0.064) state=DEGRADED → SKIP",SIDEWAY,,0.4874,True,False,TXTXTXTTTXTXT,TXTTXTXXTXTXTXTTTXTXT,,,,,,,ALTERNATING (NHAY),NORMAL,Nghiêng T 5/7 phiên gần nhất,CONFIRMED,BET,XIU,0.6495,,0.9941,4,False,,,,,,,,,,,False,0,
2026-08-19,2026-08-19 08:20:45,08:20:45,3121699,XTXTXTTTXTXTT,2T,TAI,17586,SNIPER_LOW,"[BẺ→BÁM] micro=CHAOS lag1=-0.44 → không phá PERIOD, bám T [ADAPT-SIZE×0.45 →LOW]",64,5-1-5,11,TAI,WIN,True,17234,67.82791443804395,0.0,0.0,67.82791443804395,TAI,False,True,,107.7149,50.0,49457363.0,-542637.0,-1.085274,49.51456310679612,51,52,1,0,3.6,5.3,False,False,False,0,15000000.0,-3.6,0,65000000,50000000.0,False,False,False,False,False,0.0,0.0,NEUTRAL,XTTXTXXTXTXTXTTTXTXTT,False,-542637.0,49457363.0,51,52,49.5,49457363.0,200,,SIDEWAY,,0.4928,True,False,XTXTXTTTXTXTT,XTTXTXXTXTXTXTTTXTXTT,,,,,,,ALTERNATING (NHAY),NORMAL,"Motif 'TXTXTT' (chu kỳ 6) đang lặp lại, đã thấy 12 phiên khớp",CONFIRMED,BET,XIU,0.6495,,0.9941,4,False,,,,,,,,REDUCE_SIZE,TAI,"[ADAPTIVE-HOLD] p̂=38.8% n_eff=20.5 (chưa đủ bằng chứng để đảo, |flip_score|<0.9) → size 71%.",False,0,
2026-08-19,2026-08-19 08:21:56,08:21:56,3121700,TXTXTTTXTXTTT,3T,XIU,26620,SNIPER_LOW,"[BẺ→BÁM] micro=CHAOS lag1=-0.48 → không phá PERIOD, bám X [ADAPT-SIZE×0.44 →LOW]",64,6-3-2,11,TAI,LOSS,False,-26620,59.19212297444053,0.0,0.0,59.19212297444053,XIU,False,True,,98.4591,50.0,49430743.0,-569257.0,-1.138514,49.03846153846153,51,53,0,1,3.6,5.3,False,False,False,0,15000000.0,-3.8,0,65000000,50000000.0,False,False,False,False,False,0.0,0.0,NEUTRAL,TTXTXXTXTXTXTTTXTXTTT,False,-569257.0,49430743.0,51,53,49.0,49430743.0,200,,DOWN (XIU),,0.4531,True,False,TXTXTTTXTXTTT,TTXTXXTXTXTXTTTXTXTTT,,,,,,,CHOPPY (RAC),NORMAL,"Motif 'XTXTTT' (chu kỳ 6) đang lặp lại, đã thấy 13 phiên khớp",CONFIRMED,BET,XIU,0.6495,,0.9941,4,False,,,,,,,,FOLLOW,XIU,"[ADAPTIVE-HOLD] p̂=56.7% n_eff=20.0 (chưa đủ bằng chứng để đảo, |flip_score|<0.9) → size 100%.",False,0,
2026-08-19,2026-08-19 08:23:07,08:23:07,3121701,XTXTTTXTXTTTT,4T,—,0,SKIP,[ADAPT-BLOCK] [ADAPT-TOXIC] BAT_RAC roll=30% base=44% → BLOCK | [STATE=TOXIC] roll=30% base=44% ratio=0.68 toxStreak=47 | size×0.15 thresh+0.102,0,6-3-4,13,TAI,SKIP,False,0,5.359286916644259,0.0,0.0,5.359286916644259,XIU,False,True,,1880.3774,50.0,49430743.0,-569257.0,-1.138514,49.03846153846153,51,53,0,1,3.6,5.3,False,False,False,0,15000000.0,-3.8,0,65000000,50000000.0,False,False,False,False,False,0.0,0.0,NEUTRAL,TXTXXTXTXTXTTTXTXTTTT,False,-569257.0,49430743.0,51,53,49.0,49430743.0,200,[ADAPT-BLOCK] [ADAPT-TOXIC] BAT_RAC roll=30% base=44% → BLOCK | [STATE=TOXIC] roll=30% base=44% ratio=0.68 toxStreak=47 | size×0.15 thresh+0.102,SIDEWAY,,0.3921,False,False,XTXTTTXTXTTTT,TXTXXTXTXTXTTTXTXTTTT,,,,,,,CHOPPY (RAC),NORMAL,Bet T dang chay 4 ván liên tiếp,CONFIRMED,BET,XIU,0.6495,,0.9941,4,False,,,,,,,,,,,False,0,
2026-08-19,2026-08-19 08:24:18,08:24:18,3121702,TXTTTXTXTTTTT,5T,—,0,SKIP,[ADAPT-THRESH] p=64.9% < θ=72.2% (+0.102) state=TOXIC → SKIP,0,6-5-1,12,TAI,SKIP,False,0,6.0019314479413834,0.0,0.0,6.0019314479413834,TAI,False,True,,1809.5554,50.0,49430743.0,-569257.0,-1.138514,49.03846153846153,51,53,0,1,3.6,5.3,False,False,False,0,15000000.0,-3.8,0,65000000,50000000.0,False,False,False,False,False,0.0,0.0,NEUTRAL,XTXXTXTXTXTTTXTXTTTTT,False,-569257.0,49430743.0,51,53,49.0,49430743.0,200,"[ADAPT-BLOCK] [ADAPT-TOXIC] BAT_RAC roll=30% base=44% → BLOCK | [STATE=TOXIC] roll=30% base=44% ratio=0.68 toxStreak=47 | size×0.15 thresh+0.102, [ADAPT-THRESH] p=64.9% < θ=72.2% (+0.102) state=TOXIC → SKIP",UP (TAI),,0.4911,True,False,TXTTTXTXTTTTT,XTXXTXTXTXTTTXTXTTTTT,,,,,,,CLUSTERING (BET),NORMAL,Bet T dang chay 5 ván liên tiếp,CONFIRMED,BET,XIU,0.6495,,0.9941,4,False,,,,,,,,,,,False,0,
2026-08-19,2026-08-19 08:25:29,08:25:29,3121703,XTTTXTXTTTTTT,6T,XIU,10500,SNIPER_LOW,"[FADE-BỆT] sc=6T ≥6 → đảo bám cầu, đánh X [ADAPT-SIZE×0.14 →LOW]",65,5-6-6,17,TAI,LOSS,False,-10500,19.275756782384708,0.0,0.0,19.275756782384708,XIU,False,True,,81.7224,50.0,49420243.0,-579757.0,-1.159514,48.57142857142857,51,54,0,2,3.7,5.3,False,False,False,0,15000000.0,-3.9,0,65000000,50000000.0,False,False,False,False,False,0.0,0.0,NEUTRAL,TXXTXTXTXTTTXTXTTTTTT,False,-579757.0,49420243.0,51,54,48.6,49420243.0,200,,SIDEWAY,,0.4577,True,False,XTTTXTXTTTTTT,TXXTXTXTXTTTXTXTTTTTT,,,,,,,CLUSTERING (BET),NORMAL,Bet T dang chay 6 ván liên tiếp,CONFIRMED,BET,XIU,0.6495,,0.9941,4,False,,,,,,,,FOLLOW,XIU,"[ADAPTIVE-HOLD] p̂=53.7% n_eff=22.6 (chưa đủ bằng chứng để đảo, |flip_score|<0.9) → size 100%.",False,0,
2026-08-19,2026-08-19 08:26:40,08:26:40,3121704,TTTXTXTTTTTTT,7T,XIU,9000,SNIPER_LOW,"[FADE-BỆT] sc=7T ≥6 → đảo bám cầu, đánh X [ADAPT-SIZE×0.12 →LOW]",65,4-4-5,13,TAI,LOSS,False,-9000,65.61578120608333,0.0,0.0,65.61578120608333,TAI,False,True,,111.6425,50.0,49411243.0,-588757.0,-1.177514,48.113207547169814,51,55,0,3,3.7,5.3,False,False,False,0,15000000.0,-3.9,0,65000000,50000000.0,False,False,False,False,False,0.0,0.0,NEUTRAL,XXTXTXTXTTTXTXTTTTTTT,False,-588757.0,49411243.0,51,55,48.1,49411243.0,200,,SIDEWAY,,0.5049,True,False,TTTXTXTTTTTTT,XXTXTXTXTTTXTXTTTTTTT,,,,,,,CLUSTERING (BET),NORMAL,Bet T dang chay 7 ván liên tiếp,CONFIRMED,BET,XIU,0.6495,,0.9941,4,False,,,,,,,,FOLLOW,XIU,"[ADAPTIVE-FOLLOW] p̂=68.8% n_eff=23.0 flip_score=+0.90 → giữ, size 93%.",False,0,
2026-08-19,2026-08-19 08:27:51,08:27:51,3121705,TTXTXTTTTTTTT,8T,XIU,7500,SNIPER_LOW,"[FADE-BỆT] sc=8T ≥6 → đảo bám cầu, đánh X [ADAPT-SIZE×0.12 →LOW]",65,5-6-1,12,TAI,LOSS,False,-7500,9.785142297913408,0.0,0.0,9.785142297913408,TAI,False,True,,148.8661,50.0,49403743.0,-596257.0,-1.192514,47.66355140186916,51,56,0,4,3.7,5.3,False,False,False,0,15000000.0,-4.0,0,65000000,50000000.0,False,False,False,False,False,0.0,0.0,NEUTRAL,XTXTXTXTTTXTXTTTTTTTT,False,-596257.0,49403743.0,51,56,47.7,49403743.0,200,,SIDEWAY,,0.4561,True,False,TTXTXTTTTTTTT,XTXTXTXTTTXTXTTTTTTTT,,,,,,,CLUSTERING (BET),NORMAL,Bet T dang chay 8 ván liên tiếp,CONFIRMED,BET,XIU,0.6495,,0.9941,4,False,,,,,,,,FOLLOW,XIU,"[ADAPTIVE-HOLD] p̂=67.3% n_eff=23.5 (chưa đủ bằng chứng để đảo, |flip_score|<0.9) → size 100%.",False,0,
2026-08-19,2026-08-19 08:29:02,08:29:02,3121706,TXTXTTTTTTTTT,9T,XIU,6000,SNIPER_LOW,"[FADE-BỆT] sc=9T ≥6 → đảo bám cầu, đánh X [ADAPT-SIZE×0.12 →LOW]",65,6-1-1,8,XIU,WIN,True,5880,9.05393289693922,0.0,0.0,9.05393289693922,TAI,False,True,,37.337,50.0,49409623.0,-590377.0,-1.180754,48.148148148148145,52,56,1,0,3.7,5.3,False,False,False,0,15000000.0,-3.9,0,65000000,50000000.0,False,False,False,False,False,0.0,0.0,NEUTRAL,TXTXTXTTTXTXTTTTTTTTT,False,-590377.0,49409623.0,52,56,48.1,49409623.0,200,,DOWN (XIU),,0.4785,True,False,TXTXTTTTTTTTT,TXTXTXTTTXTXTTTTTTTTT,,,,,,,CLUSTERING (BET),NORMAL,Bet T dang chay 9 ván liên tiếp,CONFIRMED,BET,XIU,0.6495,,0.9941,4,False,,,,,,,,FOLLOW,XIU,"[ADAPTIVE-HOLD] p̂=56.4% n_eff=25.0 (chưa đủ bằng chứng để đảo, |flip_score|<0.9) → size 100%.",False,0,
2026-08-19,2026-08-19 08:30:13,08:30:13,3121707,XTXTTTTTTTTTX,1X,—,0,SKIP,[ADAPT-THRESH] p=64.9% < θ=71.9% (+0.095) state=TOXIC → SKIP,0,1-6-4,11,TAI,SKIP,False,0,1.9145546084102503,0.0,0.0,1.9145546084102503,TAI,False,True,,1472.3244,50.0,49409623.0,-590377.0,-1.180754,48.148148148148145,52,56,1,0,3.7,5.3,False,False,False,0,15000000.0,-3.9,0,65000000,50000000.0,False,False,False,False,False,0.0,0.0,NEUTRAL,XTXTXTTTXTXTTTTTTTTTX,False,-590377.0,49409623.0,52,56,48.1,49409623.0,200,[ADAPT-THRESH] p=64.9% < θ=71.9% (+0.095) state=TOXIC → SKIP,DOWN (XIU),,0.6439,False,False,XTXTTTTTTTTTX,XTXTXTTTXTXTTTTTTTTTX,,,,,,,CLUSTERING (BET),NORMAL,Nghiêng T 4/5 phiên gần nhất,CONFIRMED,BET,XIU,0.6495,,0.9941,4,False,,,,,,,,,,,False,0,
2026-08-19,2026-08-19 08:31:24,08:31:24,3121708,TXTTTTTTTTTXT,1T,—,0,SKIP,[ADAPT-THRESH] p=64.9% < θ=71.5% (+0.095) state=TOXIC → SKIP,0,6-6-1,13,TAI,SKIP,False,0,9.025579719261469,0.0,0.0,9.025579719261469,TAI,False,True,,1520.5679,50.0,49409623.0,-590377.0,-1.180754,48.148148148148145,52,56,1,0,3.7,5.3,False,False,False,0,15000000.0,-3.9,0,65000000,50000000.0,False,False,False,False,False,0.0,0.0,NEUTRAL,TXTXTTTXTXTTTTTTTTTXT,False,-590377.0,49409623.0,52,56,48.1,49409623.0,200,"[ADAPT-THRESH] p=64.9% < θ=71.9% (+0.095) state=TOXIC → SKIP, [ADAPT-THRESH] p=64.9% < θ=71.5% (+0.095) state=TOXIC → SKIP",SIDEWAY,,0.4019,False,False,TXTTTTTTTTTXT,TXTXTTTXTXTTTTTTTTTXT,,,,,,,CLUSTERING (BET),NORMAL,Nghiêng T 4/5 phiên gần nhất,CONFIRMED,BET,XIU,0.6495,,0.9941,4,False,,,,,,,,,,,False,0,
2026-08-19,2026-08-19 08:32:35,08:32:35,3121709,XTTTTTTTTTXTT,2T,—,0,SKIP,[ADAPT-THRESH] p=64.9% < θ=69.4% (+0.095) state=TOXIC → SKIP,0,1-4-4,9,XIU,SKIP,False,0,21.669047710756356,0.0,0.0,21.669047710756356,TAI,False,True,,1886.7185,50.0,49409623.0,-590377.0,-1.180754,48.148148148148145,52,56,1,0,3.7,5.3,False,False,False,0,15000000.0,-3.9,0,65000000,50000000.0,False,False,False,False,False,0.0,0.0,NEUTRAL,XTXTTTXTXTTTTTTTTTXTT,False,-590377.0,49409623.0,52,56,48.1,49409623.0,200,"[ADAPT-THRESH] p=64.9% < θ=71.9% (+0.095) state=TOXIC → SKIP, [ADAPT-THRESH] p=64.9% < θ=71.5% (+0.095) state=TOXIC → SKIP, [ADAPT-THRESH] p=64.9% < θ=69.4% (+0.095) state=TOXIC → SKIP",UP (TAI),,0.578,True,False,XTTTTTTTTTXTT,XTXTTTXTXTTTTTTTTTXTT,,,,,,,CLUSTERING (BET),NORMAL,Nghiêng T 4/5 phiên gần nhất,CONFIRMED,BET,XIU,0.6495,,0.9941,4,False,,,,,,,,,,,False,0,
2026-08-19,2026-08-19 08:33:46,08:33:46,3121710,TTTTTTTTTXTTX,1X,—,0,SKIP,[ADAPT-BLOCK] [ADAPT-TOXIC] BAT_RAC roll=30% base=43% → BLOCK | [STATE=TOXIC] roll=30% base=43% ratio=0.70 toxStreak=282 | size×0.12 thresh+0.095,0,3-3-1,7,XIU,SKIP,False,0,14.508451309319192,0.0,0.0,14.508451309319192,TAI,False,True,,1551.3296,50.0,49409623.0,-590377.0,-1.180754,48.148148148148145,52,56,1,0,3.7,5.3,False,False,False,0,15000000.0,-3.9,0,65000000,50000000.0,False,False,False,False,False,0.0,0.0,NEUTRAL,TXTTTXTXTTTTTTTTTXTTX,False,-590377.0,49409623.0,52,56,48.1,49409623.0,200,"[ADAPT-THRESH] p=64.9% < θ=71.5% (+0.095) state=TOXIC → SKIP, [ADAPT-THRESH] p=64.9% < θ=69.4% (+0.095) state=TOXIC → SKIP, [ADAPT-BLOCK] [ADAPT-TOXIC] BAT_RAC roll=30% base=43% → BLOCK | [STATE=TOXIC] roll=30% base=43% ratio=0.70 toxStreak=282 | size×0.12 thresh+0.095",SIDEWAY,,0.5172,False,False,TTTTTTTTTXTTX,TXTTTXTXTTTTTTTTTXTTX,,,,,,,CHOPPY (RAC),NORMAL,"Motif 'TTX' (chu kỳ 3) đang lặp lại, đã thấy 6 phiên khớp",CONFIRMED,BET,XIU,0.6495,,0.9941,4,False,,,,,,,,,,,False,0,
2026-08-19,2026-08-19 08:34:57,08:34:57,3121711,TTTTTTTTXTTXX,2X,—,0,SKIP,[ADAPT-BLOCK] [ADAPT-TOXIC] BAT_RAC roll=30% base=43% → BLOCK | [STATE=TOXIC] roll=30% base=43% ratio=0.70 toxStreak=327 | size×0.12 thresh+0.095,0,5-1-6,12,TAI,SKIP,False,0,8.625778454380084,0.0,0.0,8.625778454380084,XIU,False,True,,1916.3938,50.0,49409623.0,-590377.0,-1.180754,48.148148148148145,52,56,1,0,3.7,5.3,False,False,False,0,15000000.0,-3.9,0,65000000,50000000.0,False,False,False,False,False,0.0,0.0,NEUTRAL,XTTTXTXTTTTTTTTTXTTXX,False,-590377.0,49409623.0,52,56,48.1,49409623.0,200,"[ADAPT-THRESH] p=64.9% < θ=69.4% (+0.095) state=TOXIC → SKIP, [ADAPT-BLOCK] [ADAPT-TOXIC] BAT_RAC roll=30% base=43% → BLOCK | [STATE=TOXIC] roll=30% base=43% ratio=0.70 toxStreak=282 | size×0.12 thresh+0.095, [ADAPT-BLOCK] [ADAPT-TOXIC] BAT_RAC roll=30% base=43% → BLOCK | [STATE=TOXIC] roll=30% base=43% ratio=0.70 toxStreak=327 | size×0.12 thresh+0.095",DOWN (XIU),,0.3972,False,False,TTTTTTTTXTTXX,XTTTXTXTTTTTTTTTXTTXX,,,,,,,CHOPPY (RAC),NORMAL,Nghiêng T 7/10 phiên gần nhất,CONFIRMED,BET,XIU,0.6495,,0.9941,4,False,,,,,,,,,,,False,0,
2026-08-19,2026-08-19 08:36:08,08:36:08,3121712,TTTTTTTXTTXXT,1T,—,0,SKIP,[ADAPT-BLOCK] [ADAPT-TOXIC] BAT_RAC roll=30% base=43% → BLOCK | [STATE=TOXIC] roll=30% base=43% ratio=0.70 toxStreak=372 | size×0.12 thresh+0.095,0,1-1-6,8,XIU,SKIP,False,0,27.433459072887374,0.0,0.0,27.433459072887374,TAI,False,True,,2215.5882,50.0,49409623.0,-590377.0,-1.180754,48.148148148148145,52,56,1,0,3.7,5.3,False,False,False,0,15000000.0,-3.9,0,65000000,50000000.0,False,False,False,False,False,0.0,0.0,NEUTRAL,TTTXTXTTTTTTTTTXTTXXT,False,-590377.0,49409623.0,52,56,48.1,49409623.0,200,"[ADAPT-BLOCK] [ADAPT-TOXIC] BAT_RAC roll=30% base=43% → BLOCK | [STATE=TOXIC] roll=30% base=43% ratio=0.70 toxStreak=282 | size×0.12 thresh+0.095, [ADAPT-BLOCK] [ADAPT-TOXIC] BAT_RAC roll=30% base=43% → BLOCK | [STATE=TOXIC] roll=30% base=43% ratio=0.70 toxStreak=327 | size×0.12 thresh+0.095, [ADAPT-BLOCK] [ADAPT-TOXIC] BAT_RAC roll=30% base=43% → BLOCK | [STATE=TOXIC] roll=30% base=43% ratio=0.70 toxStreak=372 | size×0.12 thresh+0.095",SIDEWAY,,0.514,False,False,TTTTTTTXTTXXT,TTTXTXTTTTTTTTTXTTXXT,,,,,,,CHOPPY (RAC),NORMAL,Nghiêng T 7/10 phiên gần nhất,CONFIRMED,BET,XIU,0.6495,,0.9941,4,False,,,,,,,,,,,False,0,
2026-08-19,2026-08-19 08:37:19,08:37:19,3121713,TTTTTTXTTXXTX,1X,—,0,SKIP,[ADAPT-THRESH] p=64.9% < θ=71.5% (+0.095) state=TOXIC → SKIP,0,1-4-6,11,TAI,SKIP,False,0,16.373978574278564,0.0,0.0,16.373978574278564,XIU,False,True,,1793.5459,50.0,49409623.0,-590377.0,-1.180754,48.148148148148145,52,56,1,0,3.7,5.3,False,False,False,0,15000000.0,-3.9,0,65000000,50000000.0,False,False,False,False,False,0.0,0.0,NEUTRAL,TTXTXTTTTTTTTTXTTXXTX,False,-590377.0,49409623.0,52,56,48.1,49409623.0,200,"[ADAPT-BLOCK] [ADAPT-TOXIC] BAT_RAC roll=30% base=43% → BLOCK | [STATE=TOXIC] roll=30% base=43% ratio=0.70 toxStreak=327 | size×0.12 thresh+0.095, [ADAPT-BLOCK] [ADAPT-TOXIC] BAT_RAC roll=30% base=43% → BLOCK | [STATE=TOXIC] roll=30% base=43% ratio=0.70 toxStreak=372 | size×0.12 thresh+0.095, [ADAPT-THRESH] p=64.9% < θ=71.5% (+0.095) state=TOXIC → SKIP",SIDEWAY,,0.6813,False,True,TTTTTTXTTXXTX,TTXTXTTTTTTTTTXTTXXTX,,,,,,,CHOPPY (RAC),NORMAL,"Motif 'TTXXTX' (chu kỳ 6) đang lặp lại, đã thấy 8 phiên khớp",FORMING,BET,XIU,0.6495,,0.9941,4,False,,,,,,,,,,,False,0,
2026-08-19,2026-08-19 08:38:30,08:38:30,3121714,TTTTTXTTXXTXT,1T,—,0,SKIP,[ADAPT-THRESH] p=64.9% < θ=71.5% (+0.095) state=TOXIC → SKIP,0,4-5-3,12,TAI,SKIP,False,0,3.3620269878840285,0.0,0.0,3.3620269878840285,XIU,False,True,,2223.8177,50.0,49409623.0,-590377.0,-1.180754,48.148148148148145,52,56,1,0,3.7,5.3,False,False,False,0,15000000.0,-3.9,0,65000000,50000000.0,False,False,False,False,False,0.0,0.0,NEUTRAL,TXTXTTTTTTTTTXTTXXTXT,False,-590377.0,49409623.0,52,56,48.1,49409623.0,200,"[ADAPT-BLOCK] [ADAPT-TOXIC] BAT_RAC roll=30% base=43% → BLOCK | [STATE=TOXIC] roll=30% base=43% ratio=0.70 toxStreak=372 | size×0.12 thresh+0.095, [ADAPT-THRESH] p=64.9% < θ=71.5% (+0.095) state=TOXIC → SKIP, [ADAPT-THRESH] p=64.9% < θ=71.5% (+0.095) state=TOXIC → SKIP",SIDEWAY,,0.4489,False,False,TTTTTXTTXXTXT,TXTXTTTTTTTTTXTTXXTXT,,,,,,,ALTERNATING (NHAY),NORMAL,"Motif 'TXXTXT' (chu kỳ 6) đang lặp lại, đã thấy 9 phiên khớp",FORMING,BET,XIU,0.6495,,0.9941,4,False,,,,,,,,,,,False,0,
2026-08-19,2026-08-19 08:39:41,08:39:41,3121715,TTTTXTTXXTXTT,2T,—,0,SKIP,[ADAPT-THRESH] p=64.9% < θ=71.2% (+0.095) state=TOXIC → SKIP,0,6-2-6,14,TAI,SKIP,False,0,13.75765598238946,0.0,0.0,13.75765598238946,XIU,False,True,,1781.3509,50.0,49409623.0,-590377.0,-1.180754,48.148148148148145,52,56,1,0,3.7,5.3,False,False,False,0,15000000.0,-3.9,0,65000000,50000000.0,False,False,False,False,False,0.0,0.0,NEUTRAL,XTXTTTTTTTTTXTTXXTXTT,False,-590377.0,49409623.0,52,56,48.1,49409623.0,200,"[ADAPT-THRESH] p=64.9% < θ=71.5% (+0.095) state=TOXIC → SKIP, [ADAPT-THRESH] p=64.9% < θ=71.5% (+0.095) state=TOXIC → SKIP, [ADAPT-THRESH] p=64.9% < θ=71.2% (+0.095) state=TOXIC → SKIP",UP (TAI),,0.5418,False,False,TTTTXTTXXTXTT,XTXTTTTTTTTTXTTXXTXTT,,,,,,,CHOPPY (RAC),NORMAL,"Motif 'TXTTXXTXTT' (chu kỳ 10) đang lặp lại, đã thấy 12 phiên khớp",FORMING,BET,XIU,0.6495,,0.9941,4,False,,,,,,,,,,,False,0,
2026-08-19,2026-08-19 08:40:52,08:40:52,3121716,TTTXTTXXTXTTT,3T,—,0,SKIP,[ADAPT-BLOCK] [ADAPT-TOXIC] BAT_RAC roll=30% base=43% → BLOCK | [STATE=TOXIC] roll=30% base=43% ratio=0.70 toxStreak=552 | size×0.12 thresh+0.095,0,6-3-6,15,TAI,SKIP,False,0,2.2760545220237973,0.0,0.0,2.2760545220237973,XIU,False,True,,1641.474,50.0,49409623.0,-590377.0,-1.180754,48.148148148148145,52,56,1,0,3.7,5.3,False,False,False,0,15000000.0,-3.9,0,65000000,50000000.0,False,False,False,False,False,0.0,0.0,NEUTRAL,TXTTTTTTTTTXTTXXTXTTT,False,-590377.0,49409623.0,52,56,48.1,49409623.0,200,"[ADAPT-THRESH] p=64.9% < θ=71.5% (+0.095) state=TOXIC → SKIP, [ADAPT-THRESH] p=64.9% < θ=71.2% (+0.095) state=TOXIC → SKIP, [ADAPT-BLOCK] [ADAPT-TOXIC] BAT_RAC roll=30% base=43% → BLOCK | [STATE=TOXIC] roll=30% base=43% ratio=0.70 toxStreak=552 | size×0.12 thresh+0.095",UP (TAI),,0.4112,False,False,TTTXTTXXTXTTT,TXTTTTTTTTTXTTXXTXTTT,,,,,,,CHOPPY (RAC),NORMAL,Bet T dang chay 3 ván liên tiếp,CONFIRMED,BET,XIU,0.6495,,0.9941,4,False,,,,,,,,,,,False,0,
2026-08-19,2026-08-19 08:42:03,08:42:03,3121717,TTXTTXXTXTTTT,4T,—,0,SKIP,[ADAPT-BLOCK] [ADAPT-TOXIC] BAT_RAC roll=30% base=43% → BLOCK | [STATE=TOXIC] roll=30% base=43% ratio=0.70 toxStreak=597 | size×0.12 thresh+0.095,0,4-4-1,9,XIU,SKIP,False,0,10.001442890748798,0.0,0.0,10.001442890748798,TAI,False,True,,1685.5192,50.0,49409623.0,-590377.0,-1.180754,48.148148148148145,52,56,1,0,3.7,5.3,False,False,False,0,15000000.0,-3.9,0,65000000,50000000.0,False,False,False,False,False,0.0,0.0,NEUTRAL,XTTTTTTTTTXTTXXTXTTTT,False,-590377.0,49409623.0,52,56,48.1,49409623.0,200,"[ADAPT-THRESH] p=64.9% < θ=71.2% (+0.095) state=TOXIC → SKIP, [ADAPT-BLOCK] [ADAPT-TOXIC] BAT_RAC roll=30% base=43% → BLOCK | [STATE=TOXIC] roll=30% base=43% ratio=0.70 toxStreak=552 | size×0.12 thresh+0.095, [ADAPT-BLOCK] [ADAPT-TOXIC] BAT_RAC roll=30% base=43% → BLOCK | [STATE=TOXIC] roll=30% base=43% ratio=0.70 toxStreak=597 | size×0.12 thresh+0.095",UP (TAI),,0.4527,False,False,TTXTTXXTXTTTT,XTTTTTTTTTXTTXXTXTTTT,,,,,,,CHOPPY (RAC),NORMAL,Bet T dang chay 4 ván liên tiếp,CONFIRMED,BET,XIU,0.6495,,0.9941,4,False,,,,,,,,,,,False,0,
2026-08-19,2026-08-19 08:43:14,08:43:14,3121718,TXTTXXTXTTTTX,1X,—,0,SKIP,[ADAPT-BLOCK] [ADAPT-TOXIC] BAT_RAC roll=30% base=43% → BLOCK | [STATE=TOXIC] roll=30% base=43% ratio=0.70 toxStreak=643 | size×0.12 thresh+0.095,0,4-4-4,12,TAI,SKIP,False,0,2.649600674693936,0.0,0.0,2.649600674693936,XIU,False,True,,1463.4855,50.0,49409623.0,-590377.0,-1.180754,48.148148148148145,52,56,1,0,3.7,5.3,False,False,False,0,15000000.0,-3.9,0,65000000,50000000.0,False,False,False,False,False,0.0,0.0,NEUTRAL,TTTTTTTTTXTTXXTXTTTTX,False,-590377.0,49409623.0,52,56,48.1,49409623.0,200,"[ADAPT-BLOCK] [ADAPT-TOXIC] BAT_RAC roll=30% base=43% → BLOCK | [STATE=TOXIC] roll=30% base=43% ratio=0.70 toxStreak=552 | size×0.12 thresh+0.095, [ADAPT-BLOCK] [ADAPT-TOXIC] BAT_RAC roll=30% base=43% → BLOCK | [STATE=TOXIC] roll=30% base=43% ratio=0.70 toxStreak=597 | size×0.12 thresh+0.095, [ADAPT-BLOCK] [ADAPT-TOXIC] BAT_RAC roll=30% base=43% → BLOCK | [STATE=TOXIC] roll=30% base=43% ratio=0.70 toxStreak=643 | size×0.12 thresh+0.095",SIDEWAY,,0.6657,True,False,TXTTXXTXTTTTX,TTTTTTTTTXTTXXTXTTTTX,,,,,,,CHOPPY (RAC),POOR,Nghiêng T 4/5 phiên gần nhất,CONFIRMED,BET,XIU,0.6495,,0.9941,4,False,,,,,,,,,,,False,0,
2026-08-19,2026-08-19 08:44:25,08:44:25,3121719,XTTXXTXTTTTXT,1T,—,0,SKIP,[ADAPT-BLOCK] [ADAPT-TOXIC] BAT_RAC roll=30% base=43% → BLOCK | [STATE=TOXIC] roll=30% base=43% ratio=0.70 toxStreak=689 | size×0.12 thresh+0.095,0,3-1-2,6,XIU,SKIP,False,0,10.322330870986377,0.0,0.0,10.322330870986377,TAI,False,True,,1562.6735,50.0,49409623.0,-590377.0,-1.180754,48.148148148148145,52,56,1,0,3.7,5.3,False,False,False,0,15000000.0,-3.9,0,65000000,50000000.0,False,False,False,False,False,0.0,0.0,NEUTRAL,TTTTTTTTXTTXXTXTTTTXT,False,-590377.0,49409623.0,52,56,48.1,49409623.0,200,"[ADAPT-BLOCK] [ADAPT-TOXIC] BAT_RAC roll=30% base=43% → BLOCK | [STATE=TOXIC] roll=30% base=43% ratio=0.70 toxStreak=597 | size×0.12 thresh+0.095, [ADAPT-BLOCK] [ADAPT-TOXIC] BAT_RAC roll=30% base=43% → BLOCK | [STATE=TOXIC] roll=30% base=43% ratio=0.70 toxStreak=643 | size×0.12 thresh+0.095, [ADAPT-BLOCK] [ADAPT-TOXIC] BAT_RAC roll=30% base=43% → BLOCK | [STATE=TOXIC] roll=30% base=43% ratio=0.70 toxStreak=689 | size×0.12 thresh+0.095",SIDEWAY,,0.6665,True,False,XTTXXTXTTTTXT,TTTTTTTTXTTXXTXTTTTXT,,,,,,,CHOPPY (RAC),POOR,Nghiêng T 4/5 phiên gần nhất,CONFIRMED,BET,XIU,0.6495,,0.9941,4,False,,,,,,,,,,,False,0,
2026-08-19,2026-08-19 08:45:36,08:45:36,3121720,TTXXTXTTTTXTX,1X,—,0,SKIP,[ADAPT-THRESH] p=64.9% < θ=71.5% (+0.095) state=TOXIC → SKIP,0,2-6-6,14,TAI,SKIP,False,0,7.195522197534075,0.0,0.0,7.195522197534075,TAI,False,True,,1806.8788,50.0,49409623.0,-590377.0,-1.180754,48.148148148148145,52,56,1,0,3.7,5.3,False,False,False,0,15000000.0,-3.9,0,65000000,50000000.0,False,False,False,False,False,0.0,0.0,NEUTRAL,TTTTTTTXTTXXTXTTTTXTX,False,-590377.0,49409623.0,52,56,48.1,49409623.0,200,"[ADAPT-BLOCK] [ADAPT-TOXIC] BAT_RAC roll=30% base=43% → BLOCK | [STATE=TOXIC] roll=30% base=43% ratio=0.70 toxStreak=643 | size×0.12 thresh+0.095, [ADAPT-BLOCK] [ADAPT-TOXIC] BAT_RAC roll=30% base=43% → BLOCK | [STATE=TOXIC] roll=30% base=43% ratio=0.70 toxStreak=689 | size×0.12 thresh+0.095, [ADAPT-THRESH] p=64.9% < θ=71.5% (+0.095) state=TOXIC → SKIP",SIDEWAY,,0.6819,True,False,TTXXTXTTTTXTX,TTTTTTTXTTXXTXTTTTXTX,,,,,,,ALTERNATING (NHAY),NORMAL,Nghiêng T 5/7 phiên gần nhất,CONFIRMED,BET,XIU,0.6495,,0.9941,4,False,,,,,,,,,,,False,0,
2026-08-19,2026-08-19 08:46:47,08:46:47,3121721,TXXTXTTTTXTXT,1T,—,0,SKIP,[ADAPT-THRESH] p=64.9% < θ=71.5% (+0.095) state=TOXIC → SKIP,0,1-5-4,10,XIU,SKIP,False,0,15.899831195977221,0.0,0.0,15.899831195977221,XIU,False,True,,1874.9263,50.0,49409623.0,-590377.0,-1.180754,48.148148148148145,52,56,1,0,3.7,5.3,False,False,False,0,15000000.0,-3.9,0,65000000,50000000.0,False,False,False,False,False,0.0,0.0,NEUTRAL,TTTTTTXTTXXTXTTTTXTXT,False,-590377.0,49409623.0,52,56,48.1,49409623.0,200,"[ADAPT-BLOCK] [ADAPT-TOXIC] BAT_RAC roll=30% base=43% → BLOCK | [STATE=TOXIC] roll=30% base=43% ratio=0.70 toxStreak=689 | size×0.12 thresh+0.095, [ADAPT-THRESH] p=64.9% < θ=71.5% (+0.095) state=TOXIC → SKIP, [ADAPT-THRESH] p=64.9% < θ=71.5% (+0.095) state=TOXIC → SKIP",SIDEWAY,,0.3001,True,False,TXXTXTTTTXTXT,TTTTTTXTTXXTXTTTTXTXT,,,,,,,ALTERNATING (NHAY),NORMAL,Nghiêng T 5/7 phiên gần nhất,CONFIRMED,BET,XIU,0.6495,,0.9941,4,False,,,,,,,,,,,False,0,
2026-08-19,2026-08-19 08:47:58,08:47:58,3121722,XXTXTTTTXTXTX,1X,—,0,SKIP,[ADAPT-THRESH] p=64.9% < θ=71.5% (+0.095) state=TOXIC → SKIP,0,6-1-4,11,TAI,SKIP,False,0,12.282656407655402,0.0,0.0,12.282656407655402,TAI,False,True,,1955.9748,50.0,49409623.0,-590377.0,-1.180754,48.148148148148145,52,56,1,0,3.7,5.3,False,False,False,0,15000000.0,-3.9,0,65000000,50000000.0,False,False,False,False,False,0.0,0.0,NEUTRAL,TTTTTXTTXXTXTTTTXTXTX,False,-590377.0,49409623.0,52,56,48.1,49409623.0,200,"[ADAPT-THRESH] p=64.9% < θ=71.5% (+0.095) state=TOXIC → SKIP, [ADAPT-THRESH] p=64.9% < θ=71.5% (+0.095) state=TOXIC → SKIP, [ADAPT-THRESH] p=64.9% < θ=71.5% (+0.095) state=TOXIC → SKIP",SIDEWAY,,0.6411,True,False,XXTXTTTTXTXTX,TTTTTXTTXXTXTTTTXTXTX,,,,,,,ALTERNATING (NHAY),POOR,"Motif 'TX' (chu kỳ 2) đang lặp lại, đã thấy 6 phiên khớp",CONFIRMED,BET,XIU,0.6495,,0.9941,4,False,,,,,,,,,,,False,0,
2026-08-19,2026-08-19 08:49:09,08:49:09,3121723,XTXTTTTXTXTXT,1T,—,0,SKIP,[ADAPT-THRESH] p=64.9% < θ=71.5% (+0.095) state=TOXIC → SKIP,0,2-2-4,8,XIU,SKIP,False,0,9.273132883624193,0.0,0.0,9.273132883624193,TAI,False,True,,2188.2001,50.0,49409623.0,-590377.0,-1.180754,48.148148148148145,52,56,1,0,3.7,5.3,False,False,False,0,15000000.0,-3.9,0,65000000,50000000.0,False,False,False,False,False,0.0,0.0,NEUTRAL,TTTTXTTXXTXTTTTXTXTXT,False,-590377.0,49409623.0,52,56,48.1,49409623.0,200,"[ADAPT-THRESH] p=64.9% < θ=71.5% (+0.095) state=TOXIC → SKIP, [ADAPT-THRESH] p=64.9% < θ=71.5% (+0.095) state=TOXIC → SKIP, [ADAPT-THRESH] p=64.9% < θ=71.5% (+0.095) state=TOXIC → SKIP",SIDEWAY,,0.6438,True,False,XTXTTTTXTXTXT,TTTTXTTXXTXTTTTXTXTXT,,,,,,,ALTERNATING (NHAY),NORMAL,"Motif 'XT' (chu kỳ 2) đang lặp lại, đã thấy 7 phiên khớp",CONFIRMED,BET,XIU,0.6495,,0.9941,4,False,,,,,,,,,,,False,0,
2026-08-19,2026-08-19 08:50:20,08:50:20,3121724,TXTTTTXTXTXTX,1X,—,0,SKIP,[ADAPT-THRESH] p=64.9% < θ=71.5% (+0.095) state=TOXIC → SKIP,0,1-1-3,5,XIU,SKIP,False,0,14.913671337056764,0.0,0.0,14.913671337056764,XIU,False,True,,2341.7601,50.0,49409623.0,-590377.0,-1.180754,48.148148148148145,52,56,1,0,3.7,5.3,False,False,False,0,15000000.0,-3.9,0,65000000,50000000.0,False,False,False,False,False,0.0,0.0,NEUTRAL,TTTXTTXXTXTTTTXTXTXTX,False,-590377.0,49409623.0,52,56,48.1,49409623.0,200,"[ADAPT-THRESH] p=64.9% < θ=71.5% (+0.095) state=TOXIC → SKIP, [ADAPT-THRESH] p=64.9% < θ=71.5% (+0.095) state=TOXIC → SKIP, [ADAPT-THRESH] p=64.9% < θ=71.5% (+0.095) state=TOXIC → SKIP",SIDEWAY,,0.8188,True,False,TXTTTTXTXTXTX,TTTXTTXXTXTTTTXTXTXTX,,,,,,,ALTERNATING (NHAY),NORMAL,"Motif 'TX' (chu kỳ 2) đang lặp lại, đã thấy 8 phiên khớp",CONFIRMED,BET,XIU,0.6495,,0.9941,4,False,,,,,,,,,,,False,0,
2026-08-19,2026-08-19 08:51:31,08:51:31,3121725,XTTTTXTXTXTXX,2X,—,0,SKIP,[ADAPT-THRESH] p=64.9% < θ=70.5% (+0.095) state=TOXIC → SKIP,0,4-1-1,6,XIU,SKIP,False,0,5.100520094222342,0.0,0.0,5.100520094222342,XIU,False,True,,1950.1349,50.0,49409623.0,-590377.0,-1.180754,48.148148148148145,52,56,1,0,3.7,5.3,False,False,False,0,15000000.0,-3.9,0,65000000,50000000.0,False,False,False,False,False,0.0,0.0,NEUTRAL,TTXTTXXTXTTTTXTXTXTXX,False,-590377.0,49409623.0,52,56,48.1,49409623.0,200,"[ADAPT-THRESH] p=64.9% < θ=71.5% (+0.095) state=TOXIC → SKIP, [ADAPT-THRESH] p=64.9% < θ=71.5% (+0.095) state=TOXIC → SKIP, [ADAPT-THRESH] p=64.9% < θ=70.5% (+0.095) state=TOXIC → SKIP",DOWN (XIU),,0.5902,False,False,XTTTTXTXTXTXX,TTXTTXXTXTTTTXTXTXTXX,,,,,,,ALTERNATING (NHAY),POOR,Mới 2 ván X liên tiếp — có thể đang hình thành bệt,FORMING,BET,XIU,0.6495,,0.9941,4,False,,,,,,,,,,,False,0,
2026-08-19,2026-08-19 08:52:42,08:52:42,3121726,TTTTXTXTXTXXX,3X,—,0,SKIP,[ADAPT-THRESH] p=64.9% < θ=70.5% (+0.095) state=TOXIC → SKIP,0,4-4-3,11,TAI,SKIP,False,0,15.61274268894,0.0,0.0,15.61274268894,XIU,False,True,,1660.9414,50.0,49409623.0,-590377.0,-1.180754,48.148148148148145,52,56,1,0,3.7,5.3,False,False,False,0,15000000.0,-3.9,0,65000000,50000000.0,False,False,False,False,False,0.0,0.0,NEUTRAL,TXTTXXTXTTTTXTXTXTXXX,False,-590377.0,49409623.0,52,56,48.1,49409623.0,200,"[ADAPT-THRESH] p=64.9% < θ=71.5% (+0.095) state=TOXIC → SKIP, [ADAPT-THRESH] p=64.9% < θ=70.5% (+0.095) state=TOXIC → SKIP, [ADAPT-THRESH] p=64.9% < θ=70.5% (+0.095) state=TOXIC → SKIP",SIDEWAY,,0.5522,False,False,TTTTXTXTXTXXX,TXTTXXTXTTTTXTXTXTXXX,,,,,,,ALTERNATING (NHAY),POOR,Bet X dang chay 3 ván liên tiếp,CONFIRMED,BET,XIU,0.6495,,0.9941,4,False,,,,,,,,,,,False,0,
2026-08-19,2026-08-19 08:53:53,08:53:53,3121727,TTTXTXTXTXXXT,1T,—,0,SKIP,[ADAPT-THRESH] p=64.9% < θ=73.5% (+0.095) state=TOXIC → SKIP,0,2-3-1,6,XIU,SKIP,False,0,14.180278615471952,0.0,0.0,14.180278615471952,XIU,False,True,,1467.6034,50.0,49409623.0,-590377.0,-1.180754,48.148148148148145,52,56,1,0,3.7,5.3,False,False,False,0,15000000.0,-3.9,0,65000000,50000000.0,False,False,False,False,False,0.0,0.0,NEUTRAL,XTTXXTXTTTTXTXTXTXXXT,False,-590377.0,49409623.0,52,56,48.1,49409623.0,200,"[ADAPT-THRESH] p=64.9% < θ=70.5% (+0.095) state=TOXIC → SKIP, [ADAPT-THRESH] p=64.9% < θ=70.5% (+0.095) state=TOXIC → SKIP, [ADAPT-THRESH] p=64.9% < θ=73.5% (+0.095) state=TOXIC → SKIP",UP (TAI),,0.6631,True,False,TTTXTXTXTXXXT,XTTXXTXTTTTXTXTXTXXXT,,,,,,,ALTERNATING (NHAY),POOR,"Motif 'XTXTXXXT' (chu kỳ 8) đang lặp lại, đã thấy 10 phiên khớp",FORMING,BET,XIU,0.6495,,0.9941,4,False,,,,,,,,,,,False,0,
2026-08-19,2026-08-19 08:55:04,08:55:04,3121728,TTXTXTXTXXXTX,1X,—,0,SKIP,[ADAPT-THRESH] p=64.9% < θ=73.5% (+0.095) state=TOXIC → SKIP,0,6-4-5,15,TAI,SKIP,False,0,7.998849503456965,0.0,0.0,7.998849503456965,XIU,False,True,,1653.3557,50.0,49409623.0,-590377.0,-1.180754,48.148148148148145,52,56,1,0,3.7,5.3,False,False,False,0,15000000.0,-3.9,0,65000000,50000000.0,False,False,False,False,False,0.0,0.0,NEUTRAL,TTXXTXTTTTXTXTXTXXXTX,False,-590377.0,49409623.0,52,56,48.1,49409623.0,200,"[ADAPT-THRESH] p=64.9% < θ=70.5% (+0.095) state=TOXIC → SKIP, [ADAPT-THRESH] p=64.9% < θ=73.5% (+0.095) state=TOXIC → SKIP, [ADAPT-THRESH] p=64.9% < θ=73.5% (+0.095) state=TOXIC → SKIP",SIDEWAY,,0.6102,True,False,TTXTXTXTXXXTX,TTXXTXTTTTXTXTXTXXXTX,,,,,,,ALTERNATING (NHAY),POOR,Nghiêng X 4/5 phiên gần nhất,CONFIRMED,BET,XIU,0.6495,,0.9941,4,False,,,,,,,,,,,False,0,
2026-08-19,2026-08-19 08:56:15,08:56:15,3121729,TXTXTXTXXXTXT,1T,—,0,SKIP,[ADAPT-THRESH] p=64.9% < θ=73.5% (+0.095) state=TOXIC → SKIP,0,6-2-2,10,XIU,SKIP,False,0,0.7561348430420305,0.0,0.0,0.7561348430420305,TAI,False,True,,3247.0009,50.0,49409623.0,-590377.0,-1.180754,48.148148148148145,52,56,1,0,3.7,5.3,False,False,False,0,15000000.0,-3.9,0,65000000,50000000.0,False,False,False,False,False,0.0,0.0,NEUTRAL,TXXTXTTTTXTXTXTXXXTXT,False,-590377.0,49409623.0,52,56,48.1,49409623.0,200,"[ADAPT-THRESH] p=64.9% < θ=73.5% (+0.095) state=TOXIC → SKIP, [ADAPT-THRESH] p=64.9% < θ=73.5% (+0.095) state=TOXIC → SKIP, [ADAPT-THRESH] p=64.9% < θ=73.5% (+0.095) state=TOXIC → SKIP",SIDEWAY,,0.2211,True,False,TXTXTXTXXXTXT,TXXTXTTTTXTXTXTXXXTXT,,,,,,,ALTERNATING (NHAY),POOR,"Motif 'XTXTXXXTXT' (chu kỳ 10) đang lặp lại, đã thấy 13 phiên khớp",FORMING,BET,XIU,0.6495,,0.9941,4,False,,,,,,,,,,,False,0,
2026-08-19,2026-08-19 08:57:26,08:57:26,3121730,XTXTXTXXXTXTX,1X,—,0,SKIP,[ADAPT-THRESH] p=64.9% < θ=73.5% (+0.095) state=TOXIC → SKIP,0,4-5-4,13,TAI,SKIP,False,0,14.982536139066257,0.0,0.0,14.982536139066257,TAI,False,True,,2111.7756,50.0,49409623.0,-590377.0,-1.180754,48.148148148148145,52,56,1,0,3.7,5.3,False,False,False,0,15000000.0,-3.9,0,65000000,50000000.0,False,False,False,False,False,0.0,0.0,NEUTRAL,XXTXTTTTXTXTXTXXXTXTX,False,-590377.0,49409623.0,52,56,48.1,49409623.0,200,"[ADAPT-THRESH] p=64.9% < θ=73.5% (+0.095) state=TOXIC → SKIP, [ADAPT-THRESH] p=64.9% < θ=73.5% (+0.095) state=TOXIC → SKIP, [ADAPT-THRESH] p=64.9% < θ=73.5% (+0.095) state=TOXIC → SKIP",SIDEWAY,,0.6475,True,False,XTXTXTXXXTXTX,XXTXTTTTXTXTXTXXXTXTX,,,,,,,ALTERNATING (NHAY),NORMAL,Nghiêng X 5/7 phiên gần nhất,CONFIRMED,BET,XIU,0.6495,,0.9941,4,False,,,,,,,,,,,False,0,
2026-08-19,2026-08-19 08:58:37,08:58:37,3121731,TXTXTXXXTXTXT,1T,—,0,SKIP,[ADAPT-THRESH] p=64.9% < θ=73.5% (+0.095) state=TOXIC → SKIP,0,4-1-3,8,XIU,SKIP,False,0,16.578341335693082,0.0,0.0,16.578341335693082,XIU,False,True,,2122.5808,50.0,49409623.0,-590377.0,-1.180754,48.148148148148145,52,56,1,0,3.7,5.3,False,False,False,0,15000000.0,-3.9,0,65000000,50000000.0,False,False,False,False,False,0.0,0.0,NEUTRAL,XTXTTTTXTXTXTXXXTXTXT,False,-590377.0,49409623.0,52,56,48.1,49409623.0,200,"[ADAPT-THRESH] p=64.9% < θ=73.5% (+0.095) state=TOXIC → SKIP, [ADAPT-THRESH] p=64.9% < θ=73.5% (+0.095) state=TOXIC → SKIP, [ADAPT-THRESH] p=64.9% < θ=73.5% (+0.095) state=TOXIC → SKIP",SIDEWAY,,0.5033,True,False,TXTXTXXXTXTXT,XTXTTTTXTXTXTXXXTXTXT,,,,,,,ALTERNATING (NHAY),POOR,"Motif 'XT' (chu kỳ 2) đang lặp lại, đã thấy 6 phiên khớp",CONFIRMED,BET,XIU,0.6495,,0.9941,4,False,,,,,,,,,,,False,0,
2026-08-19,2026-08-19 08:59:48,08:59:48,3121732,XTXTXXXTXTXTX,1X,—,0,SKIP,[ADAPT-THRESH] p=64.9% < θ=73.5% (+0.095) state=TOXIC → SKIP,0,2-1-6,9,XIU,SKIP,False,0,1.36501955089812,0.0,0.0,1.36501955089812,TAI,False,True,,2032.502,50.0,49409623.0,-590377.0,-1.180754,48.148148148148145,52,56,1,0,3.7,5.3,False,False,False,0,15000000.0,-3.9,0,65000000,50000000.0,False,False,False,False,False,0.0,0.0,NEUTRAL,TXTTTTXTXTXTXXXTXTXTX,False,-590377.0,49409623.0,52,56,48.1,49409623.0,200,"[ADAPT-THRESH] p=64.9% < θ=73.5% (+0.095) state=TOXIC → SKIP, [ADAPT-THRESH] p=64.9% < θ=73.5% (+0.095) state=TOXIC → SKIP, [ADAPT-THRESH] p=64.9% < θ=73.5% (+0.095) state=TOXIC → SKIP",SIDEWAY,,0.5097,True,False,XTXTXXXTXTXTX,TXTTTTXTXTXTXXXTXTXTX,,,,,,,ALTERNATING (NHAY),NORMAL,"Motif 'TX' (chu kỳ 2) đang lặp lại, đã thấy 7 phiên khớp",CONFIRMED,BET,XIU,0.6495,,0.9941,4,False,,,,,,,,,,,False,0,
2026-08-19,2026-08-19 09:00:59,09:00:59,3121733,TXTXXXTXTXTXX,2X,—,0,SKIP,[ADAPT-BLOCK] [ADAPT-TOXIC] BREAK roll=30% base=43% → BLOCK | [STATE=TOXIC] roll=30% base=43% ratio=0.70 toxStreak=1323 | size×0.15 thresh+0.095,0,6-4-2,12,TAI,SKIP,False,0,9.515697718244324,0.0,0.0,9.515697718244324,XIU,False,True,,1786.3435,50.0,49409623.0,-590377.0,-1.180754,48.148148148148145,52,56,1,0,3.7,5.3,False,False,False,0,15000000.0,-3.9,0,65000000,50000000.0,False,False,False,False,False,0.0,0.0,NEUTRAL,XTTTTXTXTXTXXXTXTXTXX,False,-590377.0,49409623.0,52,56,48.1,49409623.0,200,"[ADAPT-THRESH] p=64.9% < θ=73.5% (+0.095) state=TOXIC → SKIP, [ADAPT-THRESH] p=64.9% < θ=73.5% (+0.095) state=TOXIC → SKIP, [ADAPT-BLOCK] [ADAPT-TOXIC] BREAK roll=30% base=43% → BLOCK | [STATE=TOXIC] roll=30% base=43% ratio=0.70 toxStreak=1323 | size×0.15 thresh+0.095",SIDEWAY,,0.687,True,False,TXTXXXTXTXTXX,XTTTTXTXTXTXXXTXTXTXX,,,,,,,ALTERNATING (NHAY),NORMAL,"Motif 'XTXTXTXX' (chu kỳ 8) đang lặp lại, đã thấy 16 phiên khớp",CONFIRMED,BET,XIU,0.6495,,0.9941,4,False,,,,,,,,,,,False,0,
2026-08-19,2026-08-19 09:02:10,09:02:10,3121734,XTXXXTXTXTXXT,1T,—,0,SKIP,[ADAPT-THRESH] p=64.9% < θ=73.5% (+0.095) state=TOXIC → SKIP,0,3-5-4,12,TAI,SKIP,False,0,4.132942621368912,0.0,0.0,4.132942621368912,XIU,False,True,,1872.0389,50.0,49409623.0,-590377.0,-1.180754,48.148148148148145,52,56,1,0,3.7,5.3,False,False,False,0,15000000.0,-3.9,0,65000000,50000000.0,False,False,False,False,False,0.0,0.0,NEUTRAL,TTTTXTXTXTXXXTXTXTXXT,False,-590377.0,49409623.0,52,56,48.1,49409623.0,200,"[ADAPT-THRESH] p=64.9% < θ=73.5% (+0.095) state=TOXIC → SKIP, [ADAPT-BLOCK] [ADAPT-TOXIC] BREAK roll=30% base=43% → BLOCK | [STATE=TOXIC] roll=30% base=43% ratio=0.70 toxStreak=1323 | size×0.15 thresh+0.095, [ADAPT-THRESH] p=64.9% < θ=73.5% (+0.095) state=TOXIC → SKIP",UP (TAI),,0.4483,False,False,XTXXXTXTXTXXT,TTTTXTXTXTXXXTXTXTXXT,,,,,,,ALTERNATING (NHAY),NORMAL,Khớp đúng mẫu tăng giảm 1-2-1 ở 3 đoạn gần nhất,CONFIRMED,BET,XIU,0.6495,,0.9941,4,False,,,,,,,,,,,False,0,
2026-08-19,2026-08-19 09:03:21,09:03:21,3121735,TXXXTXTXTXXTT,2T,—,0,SKIP,[ADAPT-THRESH] p=64.9% < θ=72.5% (+0.095) state=TOXIC → SKIP,0,2-2-3,7,XIU,SKIP,False,0,6.425454516655103,0.0,0.0,6.425454516655103,XIU,False,True,,2015.8219,50.0,49409623.0,-590377.0,-1.180754,48.148148148148145,52,56,1,0,3.7,5.3,False,False,False,0,15000000.0,-3.9,0,65000000,50000000.0,False,False,False,False,False,0.0,0.0,NEUTRAL,TTTXTXTXTXXXTXTXTXXTT,False,-590377.0,49409623.0,52,56,48.1,49409623.0,200,"[ADAPT-BLOCK] [ADAPT-TOXIC] BREAK roll=30% base=43% → BLOCK | [STATE=TOXIC] roll=30% base=43% ratio=0.70 toxStreak=1323 | size×0.15 thresh+0.095, [ADAPT-THRESH] p=64.9% < θ=73.5% (+0.095) state=TOXIC → SKIP, [ADAPT-THRESH] p=64.9% < θ=72.5% (+0.095) state=TOXIC → SKIP",SIDEWAY,,0.457,False,False,TXXXTXTXTXXTT,TTTXTXTXTXXXTXTXTXXTT,,,,,,,ALTERNATING (NHAY),POOR,Mới 2 ván T liên tiếp — có thể đang hình thành bệt,FORMING,BET,XIU,0.6495,,0.9941,4,False,,,,,,,,,,,False,0,
2026-08-19,2026-08-19 09:04:32,09:04:32,3121736,XXXTXTXTXXTTX,1X,—,0,SKIP,[ADAPT-THRESH] p=64.9% < θ=73.5% (+0.095) state=TOXIC → SKIP,0,3-3-1,7,XIU,SKIP,False,0,12.940781151675557,0.0,0.0,12.940781151675557,XIU,False,True,,2119.6885,50.0,49409623.0,-590377.0,-1.180754,48.148148148148145,52,56,1,0,3.7,5.3,False,False,False,0,15000000.0,-3.9,0,65000000,50000000.0,False,False,False,False,False,0.0,0.0,NEUTRAL,TTXTXTXTXXXTXTXTXXTTX,False,-590377.0,49409623.0,52,56,48.1,49409623.0,200,"[ADAPT-THRESH] p=64.9% < θ=73.5% (+0.095) state=TOXIC → SKIP, [ADAPT-THRESH] p=64.9% < θ=72.5% (+0.095) state=TOXIC → SKIP, [ADAPT-THRESH] p=64.9% < θ=73.5% (+0.095) state=TOXIC → SKIP",DOWN (XIU),,0.6453,False,False,XXXTXTXTXXTTX,TTXTXTXTXXXTXTXTXXTTX,,,,,,,ALTERNATING (NHAY),NORMAL,"Motif 'TXTXXTTX' (chu kỳ 8) đang lặp lại, đã thấy 10 phiên khớp",FORMING,BET,XIU,0.6495,,0.9941,4,False,,,,,,,,,,,False,0,
2026-08-19,2026-08-19 09:05:43,09:05:43,3121737,XXTXTXTXXTTXX,2X,—,0,SKIP,[ADAPT-THRESH] p=64.9% < θ=73.4% (+0.095) state=TOXIC → SKIP,0,2-5-3,10,XIU,SKIP,False,0,41.831803290249994,0.0,0.0,41.831803290249994,TAI,False,True,,2820.42,50.0,49409623.0,-590377.0,-1.180754,48.148148148148145,52,56,1,0,3.7,5.3,False,False,False,0,15000000.0,-3.9,0,65000000,50000000.0,False,False,False,False,False,0.0,0.0,NEUTRAL,TXTXTXTXXXTXTXTXXTTXX,False,-590377.0,49409623.0,52,56,48.1,49409623.0,200,"[ADAPT-THRESH] p=64.9% < θ=72.5% (+0.095) state=TOXIC → SKIP, [ADAPT-THRESH] p=64.9% < θ=73.5% (+0.095) state=TOXIC → SKIP, [ADAPT-THRESH] p=64.9% < θ=73.4% (+0.095) state=TOXIC → SKIP",SIDEWAY,,0.39,True,False,XXTXTXTXXTTXX,TXTXTXTXXXTXTXTXXTTXX,,,,,,,CHOPPY (RAC),POOR,"Motif 'TTXX' (chu kỳ 4) đang lặp lại, đã thấy 7 phiên khớp",FORMING,BET,XIU,0.6495,,0.9941,4,False,,,,,,,,,,,False,0,
2026-08-19,2026-08-19 09:06:54,09:06:54,3121738,XTXTXTXXTTXXX,3X,—,0,SKIP,[ADAPT-BLOCK] [ADAPT-TOXIC] BAT_RAC roll=30% base=43% → BLOCK | [STATE=TOXIC] roll=30% base=43% ratio=0.70 toxStreak=1551 | size×0.15 thresh+0.095,0,6-1-4,11,TAI,SKIP,False,0,36.395098993703925,0.0,0.0,36.395098993703925,TAI,False,True,,2654.4663,50.0,49409623.0,-590377.0,-1.180754,48.148148148148145,52,56,1,0,3.7,5.3,False,False,False,0,15000000.0,-3.9,0,65000000,50000000.0,False,False,False,False,False,0.0,0.0,NEUTRAL,XTXTXTXXXTXTXTXXTTXXX,False,-590377.0,49409623.0,52,56,48.1,49409623.0,200,"[ADAPT-THRESH] p=64.9% < θ=73.5% (+0.095) state=TOXIC → SKIP, [ADAPT-THRESH] p=64.9% < θ=73.4% (+0.095) state=TOXIC → SKIP, [ADAPT-BLOCK] [ADAPT-TOXIC] BAT_RAC roll=30% base=43% → BLOCK | [STATE=TOXIC] roll=30% base=43% ratio=0.70 toxStreak=1551 | size×0.15 thresh+0.095",UP (TAI),,0.4461,False,False,XTXTXTXXTTXXX,XTXTXTXXXTXTXTXXTTXXX,,,,,,,CHOPPY (RAC),POOR,Bet X dang chay 3 ván liên tiếp,CONFIRMED,BET,XIU,0.6495,,0.9941,4,False,,,,,,,,,,,False,0,
2026-08-19,2026-08-19 09:08:05,09:08:05,3121739,TXTXTXXTTXXXT,1T,—,0,SKIP,[ADAPT-THRESH] p=64.9% < θ=73.5% (+0.095) state=TOXIC → SKIP,0,3-3-1,7,XIU,SKIP,False,0,13.636305397195919,0.0,0.0,13.636305397195919,TAI,False,True,,2031.1229,50.0,49409623.0,-590377.0,-1.180754,48.148148148148145,52,56,1,0,3.7,5.3,False,False,False,0,15000000.0,-3.9,0,65000000,50000000.0,False,False,False,False,False,0.0,0.0,NEUTRAL,TXTXTXXXTXTXTXXTTXXXT,False,-590377.0,49409623.0,52,56,48.1,49409623.0,200,"[ADAPT-THRESH] p=64.9% < θ=73.4% (+0.095) state=TOXIC → SKIP, [ADAPT-BLOCK] [ADAPT-TOXIC] BAT_RAC roll=30% base=43% → BLOCK | [STATE=TOXIC] roll=30% base=43% ratio=0.70 toxStreak=1551 | size×0.15 thresh+0.095, [ADAPT-THRESH] p=64.9% < θ=73.5% (+0.095) state=TOXIC → SKIP",UP (TAI),,0.459,True,False,TXTXTXXTTXXXT,TXTXTXXXTXTXTXXTTXXXT,,,,,,,CHOPPY (RAC),POOR,"Motif 'XTXXTTXXXT' (chu kỳ 10) đang lặp lại, đã thấy 12 phiên khớp",FORMING,BET,XIU,0.6495,,0.9941,4,False,,,,,,,,,,,False,0,
2026-08-19,2026-08-19 09:09:16,09:09:16,3121740,XTXTXXTTXXXTX,1X,—,0,SKIP,[ADAPT-BLOCK] [ADAPT-TOXIC] BAT_RAC roll=30% base=43% → BLOCK | [STATE=TOXIC] roll=30% base=43% ratio=0.70 toxStreak=1642 | size×0.15 thresh+0.095,0,5-3-1,9,XIU,SKIP,False,0,22.640444909542516,0.0,0.0,22.640444909542516,XIU,False,True,,2463.7346,50.0,49409623.0,-590377.0,-1.180754,48.148148148148145,52,56,1,0,3.7,5.3,False,False,False,0,15000000.0,-3.9,0,65000000,50000000.0,False,False,False,False,False,0.0,0.0,NEUTRAL,XTXTXXXTXTXTXXTTXXXTX,False,-590377.0,49409623.0,52,56,48.1,49409623.0,200,"[ADAPT-BLOCK] [ADAPT-TOXIC] BAT_RAC roll=30% base=43% → BLOCK | [STATE=TOXIC] roll=30% base=43% ratio=0.70 toxStreak=1551 | size×0.15 thresh+0.095, [ADAPT-THRESH] p=64.9% < θ=73.5% (+0.095) state=TOXIC → SKIP, [ADAPT-BLOCK] [ADAPT-TOXIC] BAT_RAC roll=30% base=43% → BLOCK | [STATE=TOXIC] roll=30% base=43% ratio=0.70 toxStreak=1642 | size×0.15 thresh+0.095",SIDEWAY,,0.3725,False,False,XTXTXXTTXXXTX,XTXTXXXTXTXTXXTTXXXTX,,,,,,,CHOPPY (RAC),POOR,Nghiêng X 4/5 phiên gần nhất,CONFIRMED,BET,XIU,0.6495,,0.9941,4,False,,,,,,,,,,,False,0,
2026-08-19,2026-08-19 09:10:27,09:10:27,3121741,TXTXXTTXXXTXX,2X,—,0,SKIP,[ADAPT-BLOCK] [ADAPT-TOXIC] BAT_RAC roll=30% base=43% → BLOCK | [STATE=TOXIC] roll=30% base=43% ratio=0.70 toxStreak=1687 | size×0.15 thresh+0.095,0,1-4-1,6,XIU,SKIP,False,0,14.804374913632262,0.0,0.0,14.804374913632262,TAI,False,True,,2319.3774,50.0,49409623.0,-590377.0,-1.180754,48.148148148148145,52,56,1,0,3.7,5.3,False,False,False,0,15000000.0,-3.9,0,65000000,50000000.0,False,False,False,False,False,0.0,0.0,NEUTRAL,TXTXXXTXTXTXXTTXXXTXX,False,-590377.0,49409623.0,52,56,48.1,49409623.0,200,"[ADAPT-THRESH] p=64.9% < θ=73.5% (+0.095) state=TOXIC → SKIP, [ADAPT-BLOCK] [ADAPT-TOXIC] BAT_RAC roll=30% base=43% → BLOCK | [STATE=TOXIC] roll=30% base=43% ratio=0.70 toxStreak=1642 | size×0.15 thresh+0.095, [ADAPT-BLOCK] [ADAPT-TOXIC] BAT_RAC roll=30% base=43% → BLOCK | [STATE=TOXIC] roll=30% base=43% ratio=0.70 toxStreak=1687 | size×0.15 thresh+0.095",SIDEWAY,,0.3687,True,False,TXTXXTTXXXTXX,TXTXXXTXTXTXXTTXXXTXX,,,,,,,CHOPPY (RAC),POOR,Nghiêng X 4/5 phiên gần nhất,CONFIRMED,BET,XIU,0.6495,,0.9941,4,False,,,,,,,,,,,False,0,
2026-08-19,2026-08-19 09:11:38,09:11:38,3121742,XTXXTTXXXTXXX,3X,—,0,SKIP,[ADAPT-BLOCK] [ADAPT-TOXIC] BREAK roll=30% base=43% → BLOCK | [STATE=TOXIC] roll=30% base=43% ratio=0.70 toxStreak=1732 | size×0.15 thresh+0.095,0,2-3-1,6,XIU,SKIP,False,0,3.659421954427143,0.0,0.0,3.659421954427143,TAI,False,True,,1995.8344,50.0,49409623.0,-590377.0,-1.180754,48.148148148148145,52,56,1,0,3.7,5.3,False,False,False,0,15000000.0,-3.9,0,65000000,50000000.0,False,False,False,False,False,0.0,0.0,NEUTRAL,XTXXXTXTXTXXTTXXXTXXX,False,-590377.0,49409623.0,52,56,48.1,49409623.0,200,"[ADAPT-BLOCK] [ADAPT-TOXIC] BAT_RAC roll=30% base=43% → BLOCK | [STATE=TOXIC] roll=30% base=43% ratio=0.70 toxStreak=1642 | size×0.15 thresh+0.095, [ADAPT-BLOCK] [ADAPT-TOXIC] BAT_RAC roll=30% base=43% → BLOCK | [STATE=TOXIC] roll=30% base=43% ratio=0.70 toxStreak=1687 | size×0.15 thresh+0.095, [ADAPT-BLOCK] [ADAPT-TOXIC] BREAK roll=30% base=43% → BLOCK | [STATE=TOXIC] roll=30% base=43% ratio=0.70 toxStreak=1732 | size×0.15 thresh+0.095",SIDEWAY,,0.6824,True,False,XTXXTTXXXTXXX,XTXXXTXTXTXXTTXXXTXXX,,,,,,,CHOPPY (RAC),NORMAL,"Motif 'TXXX' (chu kỳ 4) đang lặp lại, đã thấy 8 phiên khớp",CONFIRMED,BET,XIU,0.6495,,0.9941,4,False,,,,,,,,,,,False,0,
2026-08-19,2026-08-19 09:12:49,09:12:49,3121743,TXXTTXXXTXXXX,4X,—,0,SKIP,[ADAPT-BLOCK] [ADAPT-TOXIC] BAT_RAC roll=30% base=43% → BLOCK | [STATE=TOXIC] roll=30% base=43% ratio=0.70 toxStreak=1777 | size×0.15 thresh+0.095,0,4-2-5,11,TAI,SKIP,False,0,3.023155809996286,0.0,0.0,3.023155809996286,XIU,False,True,,1889.4508,50.0,49409623.0,-590377.0,-1.180754,48.148148148148145,52,56,1,0,3.7,5.3,False,False,False,0,15000000.0,-3.9,0,65000000,50000000.0,False,False,False,False,False,0.0,0.0,NEUTRAL,TXXXTXTXTXXTTXXXTXXXX,False,-590377.0,49409623.0,52,56,48.1,49409623.0,200,"[ADAPT-BLOCK] [ADAPT-TOXIC] BAT_RAC roll=30% base=43% → BLOCK | [STATE=TOXIC] roll=30% base=43% ratio=0.70 toxStreak=1687 | size×0.15 thresh+0.095, [ADAPT-BLOCK] [ADAPT-TOXIC] BREAK roll=30% base=43% → BLOCK | [STATE=TOXIC] roll=30% base=43% ratio=0.70 toxStreak=1732 | size×0.15 thresh+0.095, [ADAPT-BLOCK] [ADAPT-TOXIC] BAT_RAC roll=30% base=43% → BLOCK | [STATE=TOXIC] roll=30% base=43% ratio=0.70 toxStreak=1777 | size×0.15 thresh+0.095",SIDEWAY,,0.625,False,False,TXXTTXXXTXXXX,TXXXTXTXTXXTTXXXTXXXX,,,,,,,CHOPPY (RAC),NORMAL,Bet X dang chay 4 ván liên tiếp,CONFIRMED,BET,XIU,0.6495,,0.9941,4,False,,,,,,,,,,,False,0,
2026-08-19,2026-08-19 09:14:00,09:14:00,3121744,XXTTXXXTXXXXT,1T,—,0,SKIP,[ADAPT-BLOCK] [ADAPT-TOXIC] BAT_RAC roll=30% base=43% → BLOCK | [STATE=TOXIC] roll=30% base=43% ratio=0.70 toxStreak=1822 | size×0.15 thresh+0.095,0,3-1-5,9,XIU,SKIP,False,0,12.88625745471274,0.0,0.0,12.88625745471274,XIU,False,True,,1796.5632,50.0,49409623.0,-590377.0,-1.180754,48.148148148148145,52,56,1,0,3.7,5.3,False,False,False,0,15000000.0,-3.9,0,65000000,50000000.0,False,False,False,False,False,0.0,0.0,NEUTRAL,XXXTXTXTXXTTXXXTXXXXT,False,-590377.0,49409623.0,52,56,48.1,49409623.0,200,"[ADAPT-BLOCK] [ADAPT-TOXIC] BREAK roll=30% base=43% → BLOCK | [STATE=TOXIC] roll=30% base=43% ratio=0.70 toxStreak=1732 | size×0.15 thresh+0.095, [ADAPT-BLOCK] [ADAPT-TOXIC] BAT_RAC roll=30% base=43% → BLOCK | [STATE=TOXIC] roll=30% base=43% ratio=0.70 toxStreak=1777 | size×0.15 thresh+0.095, [ADAPT-BLOCK] [ADAPT-TOXIC] BAT_RAC roll=30% base=43% → BLOCK | [STATE=TOXIC] roll=30% base=43% ratio=0.70 toxStreak=1822 | size×0.15 thresh+0.095",UP (TAI),,0.3462,True,False,XXTTXXXTXXXXT,XXXTXTXTXXTTXXXTXXXXT,,,,,,,CHOPPY (RAC),NORMAL,Nghiêng X 4/5 phiên gần nhất,CONFIRMED,BET,XIU,0.6495,,0.9941,4,False,,,,,,,,,,,False,0,
2026-08-19,2026-08-19 09:15:11,09:15:11,3121745,XTTXXXTXXXXTX,1X,—,0,SKIP,[ADAPT-BLOCK] [ADAPT-TOXIC] BAT_RAC roll=30% base=43% → BLOCK | [STATE=TOXIC] roll=30% base=43% ratio=0.70 toxStreak=1867 | size×0.15 thresh+0.095,0,6-4-3,13,TAI,SKIP,False,0,18.94154054089074,0.0,0.0,18.94154054089074,XIU,False,True,,1959.2728,50.0,49409623.0,-590377.0,-1.180754,48.148148148148145,52,56,1,0,3.7,5.3,False,False,False,0,15000000.0,-3.9,0,65000000,50000000.0,False,False,False,False,False,0.0,0.0,NEUTRAL,XXTXTXTXXTTXXXTXXXXTX,False,-590377.0,49409623.0,52,56,48.1,49409623.0,200,"[ADAPT-BLOCK] [ADAPT-TOXIC] BAT_RAC roll=30% base=43% → BLOCK | [STATE=TOXIC] roll=30% base=43% ratio=0.70 toxStreak=1777 | size×0.15 thresh+0.095, [ADAPT-BLOCK] [ADAPT-TOXIC] BAT_RAC roll=30% base=43% → BLOCK | [STATE=TOXIC] roll=30% base=43% ratio=0.70 toxStreak=1822 | size×0.15 thresh+0.095, [ADAPT-BLOCK] [ADAPT-TOXIC] BAT_RAC roll=30% base=43% → BLOCK | [STATE=TOXIC] roll=30% base=43% ratio=0.70 toxStreak=1867 | size×0.15 thresh+0.095",SIDEWAY,,0.3078,True,False,XTTXXXTXXXXTX,XXTXTXTXXTTXXXTXXXXTX,,,,,,,CHOPPY (RAC),NORMAL,"Motif 'XXXTX' (chu kỳ 5) đang lặp lại, đã thấy 10 phiên khớp",CONFIRMED,BET,XIU,0.6495,,0.9941,4,False,,,,,,,,,,,False,0,
2026-08-19,2026-08-19 09:16:22,09:16:22,3121746,TTXXXTXXXXTXT,1T,—,0,SKIP,[ADAPT-BLOCK] [ADAPT-TOXIC] BAT_RAC roll=30% base=43% → BLOCK | [STATE=TOXIC] roll=30% base=43% ratio=0.70 toxStreak=1912 | size×0.15 thresh+0.095,0,2-6-1,9,XIU,SKIP,False,0,21.600003128262564,0.0,0.0,21.600003128262564,XIU,False,True,,2005.9697,50.0,49409623.0,-590377.0,-1.180754,48.148148148148145,52,56,1,0,3.7,5.3,False,False,False,0,15000000.0,-3.9,0,65000000,50000000.0,False,False,False,False,False,0.0,0.0,NEUTRAL,XTXTXTXXTTXXXTXXXXTXT,False,-590377.0,49409623.0,52,56,48.1,49409623.0,200,"[ADAPT-BLOCK] [ADAPT-TOXIC] BAT_RAC roll=30% base=43% → BLOCK | [STATE=TOXIC] roll=30% base=43% ratio=0.70 toxStreak=1822 | size×0.15 thresh+0.095, [ADAPT-BLOCK] [ADAPT-TOXIC] BAT_RAC roll=30% base=43% → BLOCK | [STATE=TOXIC] roll=30% base=43% ratio=0.70 toxStreak=1867 | size×0.15 thresh+0.095, [ADAPT-BLOCK] [ADAPT-TOXIC] BAT_RAC roll=30% base=43% → BLOCK | [STATE=TOXIC] roll=30% base=43% ratio=0.70 toxStreak=1912 | size×0.15 thresh+0.095",SIDEWAY,,0.3385,False,False,TTXXXTXXXXTXT,XTXTXTXXTTXXXTXXXXTXT,,,,,,,CHOPPY (RAC),POOR,Nghiêng X 5/7 phiên gần nhất,CONFIRMED,BET,XIU,0.6495,,0.9941,4,False,,,,,,,,,,,False,0,
2026-08-19,2026-08-19 09:17:33,09:17:33,3121747,TXXXTXXXXTXTX,1X,—,0,SKIP,[ADAPT-THRESH] p=64.9% < θ=73.5% (+0.095) state=TOXIC → SKIP,0,2-2-4,8,XIU,SKIP,False,0,14.374723556647428,0.0,0.0,14.374723556647428,TAI,False,True,,2219.017,50.0,49409623.0,-590377.0,-1.180754,48.148148148148145,52,56,1,0,3.7,5.3,False,False,False,0,15000000.0,-3.9,0,65000000,50000000.0,False,False,False,False,False,0.0,0.0,NEUTRAL,TXTXTXXTTXXXTXXXXTXTX,False,-590377.0,49409623.0,52,56,48.1,49409623.0,200,"[ADAPT-BLOCK] [ADAPT-TOXIC] BAT_RAC roll=30% base=43% → BLOCK | [STATE=TOXIC] roll=30% base=43% ratio=0.70 toxStreak=1867 | size×0.15 thresh+0.095, [ADAPT-BLOCK] [ADAPT-TOXIC] BAT_RAC roll=30% base=43% → BLOCK | [STATE=TOXIC] roll=30% base=43% ratio=0.70 toxStreak=1912 | size×0.15 thresh+0.095, [ADAPT-THRESH] p=64.9% < θ=73.5% (+0.095) state=TOXIC → SKIP",SIDEWAY,,0.7594,True,False,TXXXTXXXXTXTX,TXTXTXXTTXXXTXXXXTXTX,,,,,,,ALTERNATING (NHAY),NORMAL,Nghiêng X 5/7 phiên gần nhất,CONFIRMED,BET,XIU,0.6495,,0.9941,4,False,,,,,,,,,,,False,0,
2026-08-19,2026-08-19 09:18:44,09:18:44,3121748,XXXTXXXXTXTXX,2X,—,0,SKIP,[ADAPT-THRESH] p=64.9% < θ=71.9% (+0.095) state=TOXIC → SKIP,0,4-4-1,9,XIU,SKIP,False,0,2.183221395196208,0.0,0.0,2.183221395196208,XIU,False,True,,1956.0052,50.0,49409623.0,-590377.0,-1.180754,48.148148148148145,52,56,1,0,3.7,5.3,False,False,False,0,15000000.0,-3.9,0,65000000,50000000.0,False,False,False,False,False,0.0,0.0,NEUTRAL,XTXTXXTTXXXTXXXXTXTXX,False,-590377.0,49409623.0,52,56,48.1,49409623.0,200,"[ADAPT-BLOCK] [ADAPT-TOXIC] BAT_RAC roll=30% base=43% → BLOCK | [STATE=TOXIC] roll=30% base=43% ratio=0.70 toxStreak=1912 | size×0.15 thresh+0.095, [ADAPT-THRESH] p=64.9% < θ=73.5% (+0.095) state=TOXIC → SKIP, [ADAPT-THRESH] p=64.9% < θ=71.9% (+0.095) state=TOXIC → SKIP",DOWN (XIU),,0.6369,True,False,XXXTXXXXTXTXX,XTXTXXTTXXXTXXXXTXTXX,,,,,,,ALTERNATING (NHAY),NORMAL,Nghiêng X 5/7 phiên gần nhất,CONFIRMED,BET,XIU,0.6495,,0.9941,4,False,,,,,,,,,,,False,0,
2026-08-19,2026-08-19 09:19:55,09:19:55,3121749,XXTXXXXTXTXXX,3X,—,0,SKIP,[ADAPT-BLOCK] [ADAPT-TOXIC] BAT_RAC roll=30% base=43% → BLOCK | [STATE=TOXIC] roll=30% base=43% ratio=0.70 toxStreak=2049 | size×0.15 thresh+0.095,0,3-6-3,12,TAI,SKIP,False,0,4.51543887809835,0.0,0.0,4.51543887809835,XIU,False,True,,1903.3784,50.0,49409623.0,-590377.0,-1.180754,48.148148148148145,52,56,1,0,3.7,5.3,False,False,False,0,15000000.0,-3.9,0,65000000,50000000.0,False,False,False,False,False,0.0,0.0,NEUTRAL,TXTXXTTXXXTXXXXTXTXXX,False,-590377.0,49409623.0,52,56,48.1,49409623.0,200,"[ADAPT-THRESH] p=64.9% < θ=73.5% (+0.095) state=TOXIC → SKIP, [ADAPT-THRESH] p=64.9% < θ=71.9% (+0.095) state=TOXIC → SKIP, [ADAPT-BLOCK] [ADAPT-TOXIC] BAT_RAC roll=30% base=43% → BLOCK | [STATE=TOXIC] roll=30% base=43% ratio=0.70 toxStreak=2049 | size×0.15 thresh+0.095",SIDEWAY,,0.38,True,False,XXTXXXXTXTXXX,TXTXXTTXXXTXXXXTXTXXX,,,,,,,CHOPPY (RAC),NORMAL,Bet X dang chay 3 ván liên tiếp,CONFIRMED,BET,XIU,0.6495,,0.9941,4,False,,,,,,,,,,,False,0,
2026-08-19,2026-08-19 09:21:06,09:21:06,3121750,XTXXXXTXTXXXT,1T,—,0,SKIP,[ADAPT-BLOCK] [ADAPT-TOXIC] BAT_RAC roll=30% base=43% → BLOCK | [STATE=TOXIC] roll=30% base=43% ratio=0.70 toxStreak=2094 | size×0.15 thresh+0.095,0,4-1-3,8,XIU,SKIP,False,0,1.209574638091033,0.0,0.0,1.209574638091033,XIU,False,True,,1993.2284,50.0,49409623.0,-590377.0,-1.180754,48.148148148148145,52,56,1,0,3.7,5.3,False,False,False,0,15000000.0,-3.9,0,65000000,50000000.0,False,False,False,False,False,0.0,0.0,NEUTRAL,XTXXTTXXXTXXXXTXTXXXT,False,-590377.0,49409623.0,52,56,48.1,49409623.0,200,"[ADAPT-THRESH] p=64.9% < θ=71.9% (+0.095) state=TOXIC → SKIP, [ADAPT-BLOCK] [ADAPT-TOXIC] BAT_RAC roll=30% base=43% → BLOCK | [STATE=TOXIC] roll=30% base=43% ratio=0.70 toxStreak=2049 | size×0.15 thresh+0.095, [ADAPT-BLOCK] [ADAPT-TOXIC] BAT_RAC roll=30% base=43% → BLOCK | [STATE=TOXIC] roll=30% base=43% ratio=0.70 toxStreak=2094 | size×0.15 thresh+0.095",UP (TAI),,0.4911,True,False,XTXXXXTXTXXXT,XTXXTTXXXTXXXXTXTXXXT,,,,,,,CHOPPY (RAC),NORMAL,Nghiêng X 7/10 phiên gần nhất,CONFIRMED,BET,XIU,0.6495,,0.9941,4,False,,,,,,,,,,,False,0,
2026-08-19,2026-08-19 09:22:17,09:22:17,3121751,TXXXXTXTXXXTX,1X,—,0,SKIP,[ADAPT-BLOCK] [ADAPT-TOXIC] BAT_RAC roll=30% base=43% → BLOCK | [STATE=TOXIC] roll=30% base=43% ratio=0.70 toxStreak=2139 | size×0.15 thresh+0.095,0,3-5-2,10,XIU,SKIP,False,0,7.637696052170852,0.0,0.0,7.637696052170852,XIU,False,True,,1928.8404,50.0,49409623.0,-590377.0,-1.180754,48.148148148148145,52,56,1,0,3.7,5.3,False,False,False,0,15000000.0,-3.9,0,65000000,50000000.0,False,False,False,False,False,0.0,0.0,NEUTRAL,TXXTTXXXTXXXXTXTXXXTX,False,-590377.0,49409623.0,52,56,48.1,49409623.0,200,"[ADAPT-BLOCK] [ADAPT-TOXIC] BAT_RAC roll=30% base=43% → BLOCK | [STATE=TOXIC] roll=30% base=43% ratio=0.70 toxStreak=2049 | size×0.15 thresh+0.095, [ADAPT-BLOCK] [ADAPT-TOXIC] BAT_RAC roll=30% base=43% → BLOCK | [STATE=TOXIC] roll=30% base=43% ratio=0.70 toxStreak=2094 | size×0.15 thresh+0.095, [ADAPT-BLOCK] [ADAPT-TOXIC] BAT_RAC roll=30% base=43% → BLOCK | [STATE=TOXIC] roll=30% base=43% ratio=0.70 toxStreak=2139 | size×0.15 thresh+0.095",SIDEWAY,,0.4252,True,False,TXXXXTXTXXXTX,TXXTTXXXTXXXXTXTXXXTX,,,,,,,CHOPPY (RAC),NORMAL,Nghiêng X 4/5 phiên gần nhất,CONFIRMED,BET,XIU,0.6495,,0.9941,4,False,,,,,,,,,,,False,0,
2026-08-19,2026-08-19 09:23:28,09:23:28,3121752,XXXXTXTXXXTXX,2X,—,0,SKIP,[ADAPT-BLOCK] [ADAPT-TOXIC] BREAK roll=30% base=43% → BLOCK | [STATE=TOXIC] roll=30% base=43% ratio=0.70 toxStreak=2184 | size×0.15 thresh+0.095,0,6-6-4,16,TAI,SKIP,False,0,3.3722874029041416,0.0,0.0,3.3722874029041416,XIU,False,True,,1991.4529,50.0,49409623.0,-590377.0,-1.180754,48.148148148148145,52,56,1,0,3.7,5.3,False,False,False,0,15000000.0,-3.9,0,65000000,50000000.0,False,False,False,False,False,0.0,0.0,NEUTRAL,XXTTXXXTXXXXTXTXXXTXX,False,-590377.0,49409623.0,52,56,48.1,49409623.0,200,"[ADAPT-BLOCK] [ADAPT-TOXIC] BAT_RAC roll=30% base=43% → BLOCK | [STATE=TOXIC] roll=30% base=43% ratio=0.70 toxStreak=2094 | size×0.15 thresh+0.095, [ADAPT-BLOCK] [ADAPT-TOXIC] BAT_RAC roll=30% base=43% → BLOCK | [STATE=TOXIC] roll=30% base=43% ratio=0.70 toxStreak=2139 | size×0.15 thresh+0.095, [ADAPT-BLOCK] [ADAPT-TOXIC] BREAK roll=30% base=43% → BLOCK | [STATE=TOXIC] roll=30% base=43% ratio=0.70 toxStreak=2184 | size×0.15 thresh+0.095",SIDEWAY,,0.4434,True,False,XXXXTXTXXXTXX,XXTTXXXTXXXXTXTXXXTXX,,,,,,,CHOPPY (RAC),NORMAL,"Motif 'XTXX' (chu kỳ 4) đang lặp lại, đã thấy 8 phiên khớp",CONFIRMED,BET,XIU,0.6495,,0.9941,4,False,,,,,,,,,,,False,0,
2026-08-19,2026-08-19 09:24:39,09:24:39,3121753,XXXTXTXXXTXXT,1T,—,0,SKIP,[ADAPT-THRESH] p=64.9% < θ=73.5% (+0.095) state=TOXIC → SKIP,0,1-2-1,4,XIU,SKIP,False,0,4.125804918589413,0.0,0.0,4.125804918589413,XIU,False,True,,1994.7635,50.0,49409623.0,-590377.0,-1.180754,48.148148148148145,52,56,1,0,3.7,5.3,False,False,False,0,15000000.0,-3.9,0,65000000,50000000.0,False,False,False,False,False,0.0,0.0,NEUTRAL,XTTXXXTXXXXTXTXXXTXXT,False,-590377.0,49409623.0,52,56,48.1,49409623.0,200,"[ADAPT-BLOCK] [ADAPT-TOXIC] BAT_RAC roll=30% base=43% → BLOCK | [STATE=TOXIC] roll=30% base=43% ratio=0.70 toxStreak=2139 | size×0.15 thresh+0.095, [ADAPT-BLOCK] [ADAPT-TOXIC] BREAK roll=30% base=43% → BLOCK | [STATE=TOXIC] roll=30% base=43% ratio=0.70 toxStreak=2184 | size×0.15 thresh+0.095, [ADAPT-THRESH] p=64.9% < θ=73.5% (+0.095) state=TOXIC → SKIP",UP (TAI),,0.6701,False,False,XXXTXTXXXTXXT,XTTXXXTXXXXTXTXXXTXXT,,,,,,,ALTERNATING (NHAY),NORMAL,"Motif 'XXT' (chu kỳ 3) đang lặp lại, đã thấy 6 phiên khớp",CONFIRMED,BET,XIU,0.6495,,0.9941,4,False,,,,,,,,,,,False,0,
2026-08-19,2026-08-19 09:25:50,09:25:50,3121754,XXTXTXXXTXXTX,1X,—,0,SKIP,[ADAPT-THRESH] p=64.9% < θ=73.5% (+0.095) state=TOXIC → SKIP,0,5-1-3,9,XIU,SKIP,False,0,15.367682489586493,0.0,0.0,15.367682489586493,XIU,False,True,,2010.7153,50.0,49409623.0,-590377.0,-1.180754,48.148148148148145,52,56,1,0,3.7,5.3,False,False,False,0,15000000.0,-3.9,0,65000000,50000000.0,False,False,False,False,False,0.0,0.0,NEUTRAL,TTXXXTXXXXTXTXXXTXXTX,False,-590377.0,49409623.0,52,56,48.1,49409623.0,200,"[ADAPT-BLOCK] [ADAPT-TOXIC] BREAK roll=30% base=43% → BLOCK | [STATE=TOXIC] roll=30% base=43% ratio=0.70 toxStreak=2184 | size×0.15 thresh+0.095, [ADAPT-THRESH] p=64.9% < θ=73.5% (+0.095) state=TOXIC → SKIP, [ADAPT-THRESH] p=64.9% < θ=73.5% (+0.095) state=TOXIC → SKIP",SIDEWAY,,0.4842,True,False,XXTXTXXXTXXTX,TTXXXTXXXXTXTXXXTXXTX,,,,,,,ALTERNATING (NHAY),NORMAL,"Motif 'XTX' (chu kỳ 3) đang lặp lại, đã thấy 7 phiên khớp",CONFIRMED,BET,XIU,0.6495,,0.9941,4,False,,,,,,,,,,,False,0,
2026-08-19,2026-08-19 09:27:01,09:27:01,3121755,XTXTXXXTXXTXX,2X,—,0,SKIP,[ADAPT-BLOCK] [ADAPT-TOXIC] BREAK roll=30% base=43% → BLOCK | [STATE=TOXIC] roll=30% base=43% ratio=0.70 toxStreak=2319 | size×0.15 thresh+0.095,0,6-3-6,15,TAI,SKIP,False,0,9.216917617676408,0.0,0.0,9.216917617676408,TAI,False,True,,1799.6574,50.0,49409623.0,-590377.0,-1.180754,48.148148148148145,52,56,1,0,3.7,5.3,False,False,False,0,15000000.0,-3.9,0,65000000,50000000.0,False,False,False,False,False,0.0,0.0,NEUTRAL,TXXXTXXXXTXTXXXTXXTXX,False,-590377.0,49409623.0,52,56,48.1,49409623.0,200,"[ADAPT-THRESH] p=64.9% < θ=73.5% (+0.095) state=TOXIC → SKIP, [ADAPT-THRESH] p=64.9% < θ=73.5% (+0.095) state=TOXIC → SKIP, [ADAPT-BLOCK] [ADAPT-TOXIC] BREAK roll=30% base=43% → BLOCK | [STATE=TOXIC] roll=30% base=43% ratio=0.70 toxStreak=2319 | size×0.15 thresh+0.095",SIDEWAY,,0.5366,True,False,XTXTXXXTXXTXX,TXXXTXXXXTXTXXXTXXTXX,,,,,,,CHOPPY (RAC),NORMAL,"Motif 'TXX' (chu kỳ 3) đang lặp lại, đã thấy 8 phiên khớp",CONFIRMED,BET,XIU,0.6495,,0.9941,4,False,,,,,,,,,,,False,0,
2026-08-19,2026-08-19 09:28:12,09:28:12,3121756,TXTXXXTXXTXXT,1T,—,0,SKIP,[ADAPT-BLOCK] [ADAPT-TOXIC] BAT_RAC roll=30% base=43% → BLOCK | [STATE=TOXIC] roll=30% base=43% ratio=0.70 toxStreak=2364 | size×0.15 thresh+0.095,0,3-6-3,12,TAI,SKIP,False,0,9.111906852050303,0.0,0.0,9.111906852050303,XIU,False,True,,2185.4824,50.0,49409623.0,-590377.0,-1.180754,48.148148148148145,52,56,1,0,3.7,5.3,False,False,False,0,15000000.0,-3.9,0,65000000,50000000.0,False,False,False,False,False,0.0,0.0,NEUTRAL,XXXTXXXXTXTXXXTXXTXXT,False,-590377.0,49409623.0,52,56,48.1,49409623.0,200,"[ADAPT-THRESH] p=64.9% < θ=73.5% (+0.095) state=TOXIC → SKIP, [ADAPT-BLOCK] [ADAPT-TOXIC] BREAK roll=30% base=43% → BLOCK | [STATE=TOXIC] roll=30% base=43% ratio=0.70 toxStreak=2319 | size×0.15 thresh+0.095, [ADAPT-BLOCK] [ADAPT-TOXIC] BAT_RAC roll=30% base=43% → BLOCK | [STATE=TOXIC] roll=30% base=43% ratio=0.70 toxStreak=2364 | size×0.15 thresh+0.095",UP (TAI),,0.4479,True,False,TXTXXXTXXTXXT,XXXTXXXXTXTXXXTXXTXXT,,,,,,,CHOPPY (RAC),POOR,"Motif 'XXT' (chu kỳ 3) đang lặp lại, đã thấy 9 phiên khớp",CONFIRMED,BET,XIU,0.6495,,0.9941,4,False,,,,,,,,,,,False,0,
2026-08-19,2026-08-19 09:29:23,09:29:23,3121757,XTXXXTXXTXXTT,2T,—,0,SKIP,[ADAPT-THRESH] p=64.9% < θ=71.4% (+0.095) state=TOXIC → SKIP,0,3-3-6,12,TAI,SKIP,False,0,12.439910176418692,0.0,0.0,12.439910176418692,XIU,False,True,,2138.5266,50.0,49409623.0,-590377.0,-1.180754,48.148148148148145,52,56,1,0,3.7,5.3,False,False,False,0,15000000.0,-3.9,0,65000000,50000000.0,False,False,False,False,False,0.0,0.0,NEUTRAL,XXTXXXXTXTXXXTXXTXXTT,False,-590377.0,49409623.0,52,56,48.1,49409623.0,200,"[ADAPT-BLOCK] [ADAPT-TOXIC] BREAK roll=30% base=43% → BLOCK | [STATE=TOXIC] roll=30% base=43% ratio=0.70 toxStreak=2319 | size×0.15 thresh+0.095, [ADAPT-BLOCK] [ADAPT-TOXIC] BAT_RAC roll=30% base=43% → BLOCK | [STATE=TOXIC] roll=30% base=43% ratio=0.70 toxStreak=2364 | size×0.15 thresh+0.095, [ADAPT-THRESH] p=64.9% < θ=71.4% (+0.095) state=TOXIC → SKIP",SIDEWAY,,0.5221,False,False,XTXXXTXXTXXTT,XXTXXXXTXTXXXTXXTXXTT,,,,,,,CHOPPY (RAC),POOR,Mới 2 ván T liên tiếp — có thể đang hình thành bệt,FORMING,BET,XIU,0.6495,,0.9941,4,False,,,,,,,,,,,False,0,
2026-08-19,2026-08-19 09:30:34,09:30:34,3121758,TXXXTXXTXXTTT,3T,—,0,SKIP,[ADAPT-BLOCK] [ADAPT-TOXIC] BAT_RAC roll=30% base=43% → BLOCK | [STATE=TOXIC] roll=30% base=43% ratio=0.70 toxStreak=2455 | size×0.15 thresh+0.095,0,1-2-1,4,XIU,SKIP,False,0,1.089792838282612,0.0,0.0,1.089792838282612,XIU,False,True,,1931.981,50.0,49409623.0,-590377.0,-1.180754,48.148148148148145,52,56,1,0,3.7,5.3,False,False,False,0,15000000.0,-3.9,0,65000000,50000000.0,False,False,False,False,False,0.0,0.0,NEUTRAL,XTXXXXTXTXXXTXXTXXTTT,False,-590377.0,49409623.0,52,56,48.1,49409623.0,200,"[ADAPT-BLOCK] [ADAPT-TOXIC] BAT_RAC roll=30% base=43% → BLOCK | [STATE=TOXIC] roll=30% base=43% ratio=0.70 toxStreak=2364 | size×0.15 thresh+0.095, [ADAPT-THRESH] p=64.9% < θ=71.4% (+0.095) state=TOXIC → SKIP, [ADAPT-BLOCK] [ADAPT-TOXIC] BAT_RAC roll=30% base=43% → BLOCK | [STATE=TOXIC] roll=30% base=43% ratio=0.70 toxStreak=2455 | size×0.15 thresh+0.095",SIDEWAY,,0.5224,False,False,TXXXTXXTXXTTT,XTXXXXTXTXXXTXXTXXTTT,,,,,,,CHOPPY (RAC),POOR,Bet T dang chay 3 ván liên tiếp,CONFIRMED,BET,XIU,0.6495,,0.9941,4,False,,,,,,,,,,,False,0,
2026-08-19,2026-08-19 09:31:45,09:31:45,3121759,XXXTXXTXXTTTX,1X,—,0,SKIP,[ADAPT-THRESH] p=64.9% < θ=71.5% (+0.095) state=TOXIC → SKIP,0,1-1-2,4,XIU,SKIP,False,0,18.02991080779413,0.0,0.0,18.02991080779413,XIU,False,True,,2129.7643,50.0,49409623.0,-590377.0,-1.180754,48.148148148148145,52,56,1,0,3.7,5.3,False,False,False,0,15000000.0,-3.9,0,65000000,50000000.0,False,False,False,False,False,0.0,0.0,NEUTRAL,TXXXXTXTXXXTXXTXXTTTX,False,-590377.0,49409623.0,52,56,48.1,49409623.0,200,"[ADAPT-THRESH] p=64.9% < θ=71.4% (+0.095) state=TOXIC → SKIP, [ADAPT-BLOCK] [ADAPT-TOXIC] BAT_RAC roll=30% base=43% → BLOCK | [STATE=TOXIC] roll=30% base=43% ratio=0.70 toxStreak=2455 | size×0.15 thresh+0.095, [ADAPT-THRESH] p=64.9% < θ=71.5% (+0.095) state=TOXIC → SKIP",DOWN (XIU),,0.2848,True,False,XXXTXXTXXTTTX,TXXXXTXTXXXTXXTXXTTTX,,,,,,,CHOPPY (RAC),POOR,"Motif 'XTXXTTTX' (chu kỳ 8) đang lặp lại, đã thấy 10 phiên khớp",FORMING,BET,XIU,0.6495,,0.9941,4,False,,,,,,,,,,,False,0,
2026-08-19,2026-08-19 09:32:56,09:32:56,3121760,XXTXXTXXTTTXX,2X,—,0,SKIP,[ADAPT-THRESH] p=64.9% < θ=71.4% (+0.095) state=TOXIC → SKIP,0,2-3-6,11,TAI,SKIP,False,0,13.900966215889026,0.0,0.0,13.900966215889026,XIU,False,True,,2082.5147,50.0,49409623.0,-590377.0,-1.180754,48.148148148148145,52,56,1,0,3.7,5.3,False,False,False,0,15000000.0,-3.9,0,65000000,50000000.0,False,False,False,False,False,0.0,0.0,NEUTRAL,XXXXTXTXXXTXXTXXTTTXX,False,-590377.0,49409623.0,52,56,48.1,49409623.0,200,"[ADAPT-BLOCK] [ADAPT-TOXIC] BAT_RAC roll=30% base=43% → BLOCK | [STATE=TOXIC] roll=30% base=43% ratio=0.70 toxStreak=2455 | size×0.15 thresh+0.095, [ADAPT-THRESH] p=64.9% < θ=71.5% (+0.095) state=TOXIC → SKIP, [ADAPT-THRESH] p=64.9% < θ=71.4% (+0.095) state=TOXIC → SKIP",SIDEWAY,,0.3234,True,False,XXTXXTXXTTTXX,XXXXTXTXXXTXXTXXTTTXX,,,,,,,CHOPPY (RAC),POOR,"Motif 'TXXTTTXX' (chu kỳ 8) đang lặp lại, đã thấy 11 phiên khớp",FORMING,BET,XIU,0.6495,,0.9941,4,False,,,,,,,,,,,False,0,
2026-08-19,2026-08-19 09:34:07,09:34:07,3121761,XTXXTXXTTTXXT,1T,—,0,SKIP,[ADAPT-BLOCK] [ADAPT-TOXIC] BAT_RAC roll=30% base=43% → BLOCK | [STATE=TOXIC] roll=30% base=43% ratio=0.70 toxStreak=2590 | size×0.15 thresh+0.095,0,2-1-6,9,XIU,SKIP,False,0,5.335701499258757,0.0,0.0,5.335701499258757,XIU,False,True,,1830.4168,50.0,49409623.0,-590377.0,-1.180754,48.148148148148145,52,56,1,0,3.7,5.3,False,False,False,0,15000000.0,-3.9,0,65000000,50000000.0,False,False,False,False,False,0.0,0.0,NEUTRAL,XXXTXTXXXTXXTXXTTTXXT,False,-590377.0,49409623.0,52,56,48.1,49409623.0,200,"[ADAPT-THRESH] p=64.9% < θ=71.5% (+0.095) state=TOXIC → SKIP, [ADAPT-THRESH] p=64.9% < θ=71.4% (+0.095) state=TOXIC → SKIP, [ADAPT-BLOCK] [ADAPT-TOXIC] BAT_RAC roll=30% base=43% → BLOCK | [STATE=TOXIC] roll=30% base=43% ratio=0.70 toxStreak=2590 | size×0.15 thresh+0.095",UP (TAI),,0.5618,True,False,XTXXTXXTTTXXT,XXXTXTXXXTXXTXXTTTXXT,,,,,,,CHOPPY (RAC),POOR,Khớp đúng mẫu tăng giảm 3-2-1 ở 3 đoạn gần nhất,CONFIRMED,BET,XIU,0.6495,,0.9941,4,False,,,,,,,,,,,False,0,
2026-08-19,2026-08-19 09:35:18,09:35:18,3121762,TXXTXXTTTXXTX,1X,—,0,SKIP,[ADAPT-THRESH] p=64.9% < θ=73.5% (+0.095) state=TOXIC → SKIP,0,3-6-6,15,TAI,SKIP,False,0,3.5492131004364795,0.0,0.0,3.5492131004364795,XIU,False,True,,1806.5166,50.0,49409623.0,-590377.0,-1.180754,48.148148148148145,52,56,1,0,3.7,5.3,False,False,False,0,15000000.0,-3.9,0,65000000,50000000.0,False,False,False,False,False,0.0,0.0,NEUTRAL,XXTXTXXXTXXTXXTTTXXTX,False,-590377.0,49409623.0,52,56,48.1,49409623.0,200,"[ADAPT-THRESH] p=64.9% < θ=71.4% (+0.095) state=TOXIC → SKIP, [ADAPT-BLOCK] [ADAPT-TOXIC] BAT_RAC roll=30% base=43% → BLOCK | [STATE=TOXIC] roll=30% base=43% ratio=0.70 toxStreak=2590 | size×0.15 thresh+0.095, [ADAPT-THRESH] p=64.9% < θ=73.5% (+0.095) state=TOXIC → SKIP",SIDEWAY,,0.3987,False,False,TXXTXXTTTXXTX,XXTXTXXXTXXTXXTTTXXTX,,,,,,,CHOPPY (RAC),POOR,"Motif 'XTTTXXTX' (chu kỳ 8) đang lặp lại, đã thấy 13 phiên khớp",FORMING,BET,XIU,0.6495,,0.9941,4,False,,,,,,,,,,,False,0,
2026-08-19,2026-08-19 09:36:29,09:36:29,3121763,XXTXXTTTXXTXT,1T,—,0,SKIP,[ADAPT-THRESH] p=64.9% < θ=73.5% (+0.095) state=TOXIC → SKIP,0,5-1-4,10,XIU,SKIP,False,0,4.286635913694712,0.0,0.0,4.286635913694712,XIU,False,True,,1995.9432,50.0,49409623.0,-590377.0,-1.180754,48.148148148148145,52,56,1,0,3.7,5.3,False,False,False,0,15000000.0,-3.9,0,65000000,50000000.0,False,False,False,False,False,0.0,0.0,NEUTRAL,XTXTXXXTXXTXXTTTXXTXT,False,-590377.0,49409623.0,52,56,48.1,49409623.0,200,"[ADAPT-BLOCK] [ADAPT-TOXIC] BAT_RAC roll=30% base=43% → BLOCK | [STATE=TOXIC] roll=30% base=43% ratio=0.70 toxStreak=2590 | size×0.15 thresh+0.095, [ADAPT-THRESH] p=64.9% < θ=73.5% (+0.095) state=TOXIC → SKIP, [ADAPT-THRESH] p=64.9% < θ=73.5% (+0.095) state=TOXIC → SKIP",SIDEWAY,,0.5425,False,False,XXTXXTTTXXTXT,XTXTXXXTXXTXXTTTXXTXT,,,,,,,ALTERNATING (NHAY),POOR,"Motif 'XXTTTXXTXT' (chu kỳ 10) đang lặp lại, đã thấy 12 phiên khớp",FORMING,BET,XIU,0.6495,,0.9941,4,False,,,,,,,,,,,False,0,
2026-08-19,2026-08-19 09:37:40,09:37:40,3121764,XTXXTTTXXTXTX,1X,—,0,SKIP,[ADAPT-THRESH] p=64.9% < θ=73.5% (+0.095) state=TOXIC → SKIP,0,5-2-6,13,TAI,SKIP,False,0,8.399454792877343,0.0,0.0,8.399454792877343,TAI,False,True,,2218.5572,50.0,49409623.0,-590377.0,-1.180754,48.148148148148145,52,56,1,0,3.7,5.3,False,False,False,0,15000000.0,-3.9,0,65000000,50000000.0,False,False,False,False,False,0.0,0.0,NEUTRAL,TXTXXXTXXTXXTTTXXTXTX,False,-590377.0,49409623.0,52,56,48.1,49409623.0,200,"[ADAPT-THRESH] p=64.9% < θ=73.5% (+0.095) state=TOXIC → SKIP, [ADAPT-THRESH] p=64.9% < θ=73.5% (+0.095) state=TOXIC → SKIP, [ADAPT-THRESH] p=64.9% < θ=73.5% (+0.095) state=TOXIC → SKIP",SIDEWAY,,0.5092,True,False,XTXXTTTXXTXTX,TXTXXXTXXTXXTTTXXTXTX,,,,,,,ALTERNATING (NHAY),POOR,"Motif 'XTTTXXTXTX' (chu kỳ 10) đang lặp lại, đã thấy 13 phiên khớp",FORMING,BET,XIU,0.6495,,0.9941,4,False,,,,,,,,,,,False,0,
2026-08-19,2026-08-19 09:38:51,09:38:51,3121765,TXXTTTXXTXTXT,1T,—,0,SKIP,[ADAPT-THRESH] p=64.9% < θ=73.5% (+0.095) state=TOXIC → SKIP,0,1-1-3,5,XIU,SKIP,False,0,20.332888932027604,0.0,0.0,20.332888932027604,XIU,False,True,,2692.8221,50.0,49409623.0,-590377.0,-1.180754,48.148148148148145,52,56,1,0,3.7,5.3,False,False,False,0,15000000.0,-3.9,0,65000000,50000000.0,False,False,False,False,False,0.0,0.0,NEUTRAL,XTXXXTXXTXXTTTXXTXTXT,False,-590377.0,49409623.0,52,56,48.1,49409623.0,200,"[ADAPT-THRESH] p=64.9% < θ=73.5% (+0.095) state=TOXIC → SKIP, [ADAPT-THRESH] p=64.9% < θ=73.5% (+0.095) state=TOXIC → SKIP, [ADAPT-THRESH] p=64.9% < θ=73.5% (+0.095) state=TOXIC → SKIP",SIDEWAY,,0.408,True,False,TXXTTTXXTXTXT,XTXXXTXXTXXTTTXXTXTXT,,,,,,,ALTERNATING (NHAY),POOR,"Motif 'XT' (chu kỳ 2) đang lặp lại, đã thấy 6 phiên khớp",CONFIRMED,BET,XIU,0.6495,,0.9941,4,False,,,,,,,,,,,False,0,
2026-08-19,2026-08-19 09:40:02,09:40:02,3121766,XXTTTXXTXTXTX,1X,—,0,SKIP,[ADAPT-THRESH] p=64.9% < θ=73.5% (+0.095) state=TOXIC → SKIP,0,1-1-5,7,XIU,SKIP,False,0,0.6333187649462223,0.0,0.0,0.6333187649462223,TAI,False,True,,2280.7398,50.0,49409623.0,-590377.0,-1.180754,48.148148148148145,52,56,1,0,3.7,5.3,False,False,False,0,15000000.0,-3.9,0,65000000,50000000.0,False,False,False,False,False,0.0,0.0,NEUTRAL,TXXXTXXTXXTTTXXTXTXTX,False,-590377.0,49409623.0,52,56,48.1,49409623.0,200,"[ADAPT-THRESH] p=64.9% < θ=73.5% (+0.095) state=TOXIC → SKIP, [ADAPT-THRESH] p=64.9% < θ=73.5% (+0.095) state=TOXIC → SKIP, [ADAPT-THRESH] p=64.9% < θ=73.5% (+0.095) state=TOXIC → SKIP",SIDEWAY,,0.402,True,False,XXTTTXXTXTXTX,TXXXTXXTXXTTTXXTXTXTX,,,,,,,ALTERNATING (NHAY),POOR,"Motif 'TX' (chu kỳ 2) đang lặp lại, đã thấy 7 phiên khớp",CONFIRMED,BET,XIU,0.6495,,0.9941,4,False,,,,,,,,,,,False,0,
2026-08-19,2026-08-19 09:41:13,09:41:13,3121767,XTTTXXTXTXTXX,2X,—,0,SKIP,[ADAPT-THRESH] p=64.9% < θ=72.5% (+0.095) state=TOXIC → SKIP,0,5-4-1,10,XIU,SKIP,False,0,5.031226148148001,0.0,0.0,5.031226148148001,XIU,False,True,,2088.4188,50.0,49409623.0,-590377.0,-1.180754,48.148148148148145,52,56,1,0,3.7,5.3,False,False,False,0,15000000.0,-3.9,0,65000000,50000000.0,False,False,False,False,False,0.0,0.0,NEUTRAL,XXXTXXTXXTTTXXTXTXTXX,False,-590377.0,49409623.0,52,56,48.1,49409623.0,200,"[ADAPT-THRESH] p=64.9% < θ=73.5% (+0.095) state=TOXIC → SKIP, [ADAPT-THRESH] p=64.9% < θ=73.5% (+0.095) state=TOXIC → SKIP, [ADAPT-THRESH] p=64.9% < θ=72.5% (+0.095) state=TOXIC → SKIP",SIDEWAY,,0.3959,True,False,XTTTXXTXTXTXX,XXXTXXTXXTTTXXTXTXTXX,,,,,,,ALTERNATING (NHAY),POOR,"Motif 'TXTXTXX' (chu kỳ 7) đang lặp lại, đã thấy 10 phiên khớp",FORMING,BET,XIU,0.6495,,0.9941,4,False,,,,,,,,,,,False,0,
2026-08-19,2026-08-19 09:42:24,09:42:24,3121768,TTTXXTXTXTXXX,3X,—,0,SKIP,[ADAPT-THRESH] p=64.9% < θ=72.5% (+0.095) state=TOXIC → SKIP,0,2-3-4,9,XIU,SKIP,False,0,2.0954724445750235,0.0,0.0,2.0954724445750235,TAI,False,True,,2120.2616,50.0,49409623.0,-590377.0,-1.180754,48.148148148148145,52,56,1,0,3.7,5.3,False,False,False,0,15000000.0,-3.9,0,65000000,50000000.0,False,False,False,False,False,0.0,0.0,NEUTRAL,XXTXXTXXTTTXXTXTXTXXX,False,-590377.0,49409623.0,52,56,48.1,49409623.0,200,"[ADAPT-THRESH] p=64.9% < θ=73.5% (+0.095) state=TOXIC → SKIP, [ADAPT-THRESH] p=64.9% < θ=72.5% (+0.095) state=TOXIC → SKIP, [ADAPT-THRESH] p=64.9% < θ=72.5% (+0.095) state=TOXIC → SKIP",UP (TAI),,0.6783,False,False,TTTXXTXTXTXXX,XXTXXTXXTTTXXTXTXTXXX,,,,,,,ALTERNATING (NHAY),POOR,Bet X dang chay 3 ván liên tiếp,CONFIRMED,BET,XIU,0.6495,,0.9941,4,False,,,,,,,,,,,False,0,
2026-08-19,2026-08-19 09:43:35,09:43:35,3121769,TTXXTXTXTXXXX,4X,—,0,SKIP,[ADAPT-BLOCK] [ADAPT-TOXIC] BAT_RAC roll=30% base=43% → BLOCK | [STATE=TOXIC] roll=30% base=43% ratio=0.70 toxStreak=2953 | size×0.15 thresh+0.095,0,2-3-6,11,TAI,SKIP,False,0,2.543735804681666,0.0,0.0,2.543735804681666,XIU,False,True,,2046.8795,50.0,49409623.0,-590377.0,-1.180754,48.148148148148145,52,56,1,0,3.7,5.3,False,False,False,0,15000000.0,-3.9,0,65000000,50000000.0,False,False,False,False,False,0.0,0.0,NEUTRAL,XTXXTXXTTTXXTXTXTXXXX,False,-590377.0,49409623.0,52,56,48.1,49409623.0,200,"[ADAPT-THRESH] p=64.9% < θ=72.5% (+0.095) state=TOXIC → SKIP, [ADAPT-THRESH] p=64.9% < θ=72.5% (+0.095) state=TOXIC → SKIP, [ADAPT-BLOCK] [ADAPT-TOXIC] BAT_RAC roll=30% base=43% → BLOCK | [STATE=TOXIC] roll=30% base=43% ratio=0.70 toxStreak=2953 | size×0.15 thresh+0.095",SIDEWAY,,0.5787,False,False,TTXXTXTXTXXXX,XTXXTXXTTTXXTXTXTXXXX,,,,,,,CHOPPY (RAC),POOR,Bet X dang chay 4 ván liên tiếp,CONFIRMED,BET,XIU,0.6495,,0.9941,4,False,,,,,,,,,,,False,0,
2026-08-19,2026-08-19 09:44:46,09:44:46,3121770,TXXTXTXTXXXXT,1T,—,0,SKIP,[ADAPT-BLOCK] [ADAPT-TOXIC] BAT_RAC roll=30% base=43% → BLOCK | [STATE=TOXIC] roll=30% base=43% ratio=0.70 toxStreak=2998 | size×0.15 thresh+0.095,0,2-6-6,14,TAI,SKIP,False,0,6.998073936546569,0.0,0.0,6.998073936546569,XIU,False,True,,2006.6494,50.0,49409623.0,-590377.0,-1.180754,48.148148148148145,52,56,1,0,3.7,5.3,False,False,False,0,15000000.0,-3.9,0,65000000,50000000.0,False,False,False,False,False,0.0,0.0,NEUTRAL,TXXTXXTTTXXTXTXTXXXXT,False,-590377.0,49409623.0,52,56,48.1,49409623.0,200,"[ADAPT-THRESH] p=64.9% < θ=72.5% (+0.095) state=TOXIC → SKIP, [ADAPT-BLOCK] [ADAPT-TOXIC] BAT_RAC roll=30% base=43% → BLOCK | [STATE=TOXIC] roll=30% base=43% ratio=0.70 toxStreak=2953 | size×0.15 thresh+0.095, [ADAPT-BLOCK] [ADAPT-TOXIC] BAT_RAC roll=30% base=43% → BLOCK | [STATE=TOXIC] roll=30% base=43% ratio=0.70 toxStreak=2998 | size×0.15 thresh+0.095",SIDEWAY,,0.5655,True,False,TXXTXTXTXXXXT,TXXTXXTTTXXTXTXTXXXXT,,,,,,,CHOPPY (RAC),POOR,Nghiêng X 4/5 phiên gần nhất,CONFIRMED,BET,XIU,0.6495,,0.9941,4,False,,,,,,,,,,,False,0,
2026-08-19,2026-08-19 09:45:57,09:45:57,3121771,XXTXTXTXXXXTT,2T,—,0,SKIP,[ADAPT-THRESH] p=64.9% < θ=71.4% (+0.095) state=TOXIC → SKIP,0,2-2-5,9,XIU,SKIP,False,0,0.6598256310407923,0.0,0.0,0.6598256310407923,XIU,False,True,,2000.1484,50.0,49409623.0,-590377.0,-1.180754,48.148148148148145,52,56,1,0,3.7,5.3,False,False,False,0,15000000.0,-3.9,0,65000000,50000000.0,False,False,False,False,False,0.0,0.0,NEUTRAL,XXTXXTTTXXTXTXTXXXXTT,False,-590377.0,49409623.0,52,56,48.1,49409623.0,200,"[ADAPT-BLOCK] [ADAPT-TOXIC] BAT_RAC roll=30% base=43% → BLOCK | [STATE=TOXIC] roll=30% base=43% ratio=0.70 toxStreak=2953 | size×0.15 thresh+0.095, [ADAPT-BLOCK] [ADAPT-TOXIC] BAT_RAC roll=30% base=43% → BLOCK | [STATE=TOXIC] roll=30% base=43% ratio=0.70 toxStreak=2998 | size×0.15 thresh+0.095, [ADAPT-THRESH] p=64.9% < θ=71.4% (+0.095) state=TOXIC → SKIP",UP (TAI),,0.3764,False,False,XXTXTXTXXXXTT,XXTXXTTTXXTXTXTXXXXTT,,,,,,,CHOPPY (RAC),POOR,Mới 2 ván T liên tiếp — có thể đang hình thành bệt,FORMING,BET,XIU,0.6495,,0.9941,4,False,,,,,,,,,,,False,0,
2026-08-19,2026-08-19 09:47:08,09:47:08,3121772,XTXTXTXXXXTTX,1X,—,0,SKIP,[ADAPT-BLOCK] [ADAPT-TOXIC] BAT_RAC roll=30% base=43% → BLOCK | [STATE=TOXIC] roll=30% base=43% ratio=0.70 toxStreak=3089 | size×0.15 thresh+0.095,0,2-1-5,8,XIU,SKIP,False,0,10.135182318891662,0.0,0.0,10.135182318891662,XIU,False,True,,1960.177,50.0,49409623.0,-590377.0,-1.180754,48.148148148148145,52,56,1,0,3.7,5.3,False,False,False,0,15000000.0,-3.9,0,65000000,50000000.0,False,False,False,False,False,0.0,0.0,NEUTRAL,XTXXTTTXXTXTXTXXXXTTX,False,-590377.0,49409623.0,52,56,48.1,49409623.0,200,"[ADAPT-BLOCK] [ADAPT-TOXIC] BAT_RAC roll=30% base=43% → BLOCK | [STATE=TOXIC] roll=30% base=43% ratio=0.70 toxStreak=2998 | size×0.15 thresh+0.095, [ADAPT-THRESH] p=64.9% < θ=71.4% (+0.095) state=TOXIC → SKIP, [ADAPT-BLOCK] [ADAPT-TOXIC] BAT_RAC roll=30% base=43% → BLOCK | [STATE=TOXIC] roll=30% base=43% ratio=0.70 toxStreak=3089 | size×0.15 thresh+0.095",SIDEWAY,,0.3945,False,False,XTXTXTXXXXTTX,XTXXTTTXXTXTXTXXXXTTX,,,,,,,CHOPPY (RAC),POOR,Nghiêng X 5/7 phiên gần nhất,CONFIRMED,BET,XIU,0.6495,,0.9941,4,False,,,,,,,,,,,False,0,
2026-08-19,2026-08-19 09:48:19,09:48:19,3121773,TXTXTXXXXTTXX,2X,—,0,SKIP,[ADAPT-BLOCK] [ADAPT-TOXIC] BAT_RAC roll=30% base=43% → BLOCK | [STATE=TOXIC] roll=30% base=43% ratio=0.70 toxStreak=3135 | size×0.15 thresh+0.095,0,6-5-4,15,TAI,SKIP,False,0,8.428446171064861,0.0,0.0,8.428446171064861,XIU,False,True,,1796.7318,50.0,49409623.0,-590377.0,-1.180754,48.148148148148145,52,56,1,0,3.7,5.3,False,False,False,0,15000000.0,-3.9,0,65000000,50000000.0,False,False,False,False,False,0.0,0.0,NEUTRAL,TXXTTTXXTXTXTXXXXTTXX,False,-590377.0,49409623.0,52,56,48.1,49409623.0,200,"[ADAPT-THRESH] p=64.9% < θ=71.4% (+0.095) state=TOXIC → SKIP, [ADAPT-BLOCK] [ADAPT-TOXIC] BAT_RAC roll=30% base=43% → BLOCK | [STATE=TOXIC] roll=30% base=43% ratio=0.70 toxStreak=3089 | size×0.15 thresh+0.095, [ADAPT-BLOCK] [ADAPT-TOXIC] BAT_RAC roll=30% base=43% → BLOCK | [STATE=TOXIC] roll=30% base=43% ratio=0.70 toxStreak=3135 | size×0.15 thresh+0.095",DOWN (XIU),,0.3029,True,False,TXTXTXXXXTTXX,TXXTTTXXTXTXTXXXXTTXX,,,,,,,CHOPPY (RAC),POOR,Nghiêng X 5/7 phiên gần nhất,CONFIRMED,BET,XIU,0.6495,,0.9941,4,False,,,,,,,,,,,False,0,
2026-08-19,2026-08-19 09:49:30,09:49:30,3121774,XTXTXXXXTTXXT,1T,—,0,SKIP,[ADAPT-THRESH] p=64.9% < θ=73.5% (+0.095) state=TOXIC → SKIP,0,3-1-2,6,XIU,SKIP,False,0,14.329474078025406,0.0,0.0,14.329474078025406,TAI,False,True,,2104.2454,50.0,49409623.0,-590377.0,-1.180754,48.148148148148145,52,56,1,0,3.7,5.3,False,False,False,0,15000000.0,-3.9,0,65000000,50000000.0,False,False,False,False,False,0.0,0.0,NEUTRAL,XXTTTXXTXTXTXXXXTTXXT,False,-590377.0,49409623.0,52,56,48.1,49409623.0,200,"[ADAPT-BLOCK] [ADAPT-TOXIC] BAT_RAC roll=30% base=43% → BLOCK | [STATE=TOXIC] roll=30% base=43% ratio=0.70 toxStreak=3089 | size×0.15 thresh+0.095, [ADAPT-BLOCK] [ADAPT-TOXIC] BAT_RAC roll=30% base=43% → BLOCK | [STATE=TOXIC] roll=30% base=43% ratio=0.70 toxStreak=3135 | size×0.15 thresh+0.095, [ADAPT-THRESH] p=64.9% < θ=73.5% (+0.095) state=TOXIC → SKIP",SIDEWAY,,0.2693,False,False,XTXTXXXXTTXXT,XXTTTXXTXTXTXXXXTTXXT,,,,,,,CHOPPY (RAC),POOR,"Motif 'XXXXTTXXT' (chu kỳ 9) đang lặp lại, đã thấy 11 phiên khớp",FORMING,BET,XIU,0.6495,,0.9941,4,False,,,,,,,,,,,False,0,
2026-08-19,2026-08-19 09:50:41,09:50:41,3121775,TXTXXXXTTXXTX,1X,—,0,SKIP,[ADAPT-BLOCK] [ADAPT-TOXIC] BAT_RAC roll=30% base=43% → BLOCK | [STATE=TOXIC] roll=30% base=43% ratio=0.70 toxStreak=3226 | size×0.15 thresh+0.095,0,4-2-5,11,TAI,SKIP,False,0,3.468630886468973,0.0,0.0,3.468630886468973,XIU,False,True,,1864.3442,50.0,49409623.0,-590377.0,-1.180754,48.148148148148145,52,56,1,0,3.7,5.3,False,False,False,0,15000000.0,-3.9,0,65000000,50000000.0,False,False,False,False,False,0.0,0.0,NEUTRAL,XTTTXXTXTXTXXXXTTXXTX,False,-590377.0,49409623.0,52,56,48.1,49409623.0,200,"[ADAPT-BLOCK] [ADAPT-TOXIC] BAT_RAC roll=30% base=43% → BLOCK | [STATE=TOXIC] roll=30% base=43% ratio=0.70 toxStreak=3135 | size×0.15 thresh+0.095, [ADAPT-THRESH] p=64.9% < θ=73.5% (+0.095) state=TOXIC → SKIP, [ADAPT-BLOCK] [ADAPT-TOXIC] BAT_RAC roll=30% base=43% → BLOCK | [STATE=TOXIC] roll=30% base=43% ratio=0.70 toxStreak=3226 | size×0.15 thresh+0.095",SIDEWAY,,0.4244,False,False,TXTXXXXTTXXTX,XTTTXXTXTXTXXXXTTXXTX,,,,,,,CHOPPY (RAC),POOR,Nghiêng X 7/10 phiên gần nhất,CONFIRMED,BET,XIU,0.6495,,0.9941,4,False,,,,,,,,,,,False,0,
2026-08-19,2026-08-19 09:51:52,09:51:52,3121776,XTXXXXTTXXTXT,1T,—,0,SKIP,[ADAPT-THRESH] p=64.9% < θ=73.5% (+0.095) state=TOXIC → SKIP,0,6-4-3,13,TAI,SKIP,False,0,18.574072871399665,0.0,0.0,18.574072871399665,XIU,False,True,,2168.7468,50.0,49409623.0,-590377.0,-1.180754,48.148148148148145,52,56,1,0,3.7,5.3,False,False,False,0,15000000.0,-3.9,0,65000000,50000000.0,False,False,False,False,False,0.0,0.0,NEUTRAL,TTTXXTXTXTXXXXTTXXTXT,False,-590377.0,49409623.0,52,56,48.1,49409623.0,200,"[ADAPT-THRESH] p=64.9% < θ=73.5% (+0.095) state=TOXIC → SKIP, [ADAPT-BLOCK] [ADAPT-TOXIC] BAT_RAC roll=30% base=43% → BLOCK | [STATE=TOXIC] roll=30% base=43% ratio=0.70 toxStreak=3226 | size×0.15 thresh+0.095, [ADAPT-THRESH] p=64.9% < θ=73.5% (+0.095) state=TOXIC → SKIP",SIDEWAY,,0.586,False,False,XTXXXXTTXXTXT,TTTXXTXTXTXXXXTTXXTXT,,,,,,,ALTERNATING (NHAY),NORMAL,"Motif 'TXXTXT' (chu kỳ 6) đang lặp lại, đã thấy 8 phiên khớp",FORMING,BET,XIU,0.6495,,0.9941,4,False,,,,,,,,,,,False,0,
2026-08-19,2026-08-19 09:53:03,09:53:03,3121777,TXXXXTTXXTXTT,2T,—,0,SKIP,[ADAPT-THRESH] p=64.9% < θ=73.5% (+0.095) state=TOXIC → SKIP,0,6-3-6,15,TAI,SKIP,False,0,17.935398270632597,0.0,0.0,17.935398270632597,XIU,False,True,,2081.1164,50.0,49409623.0,-590377.0,-1.180754,48.148148148148145,52,56,1,0,3.7,5.3,False,False,False,0,15000000.0,-3.9,0,65000000,50000000.0,False,False,False,False,False,0.0,0.0,NEUTRAL,TTXXTXTXTXXXXTTXXTXTT,False,-590377.0,49409623.0,52,56,48.1,49409623.0,200,"[ADAPT-BLOCK] [ADAPT-TOXIC] BAT_RAC roll=30% base=43% → BLOCK | [STATE=TOXIC] roll=30% base=43% ratio=0.70 toxStreak=3226 | size×0.15 thresh+0.095, [ADAPT-THRESH] p=64.9% < θ=73.5% (+0.095) state=TOXIC → SKIP, [ADAPT-THRESH] p=64.9% < θ=73.5% (+0.095) state=TOXIC → SKIP",UP (TAI),,0.6432,False,False,TXXXXTTXXTXTT,TTXXTXTXTXXXXTTXXTXTT,,,,,,,CHOPPY (RAC),POOR,"Motif 'XXTXTT' (chu kỳ 6) đang lặp lại, đã thấy 9 phiên khớp",FORMING,BET,XIU,0.6495,,0.9941,4,False,,,,,,,,,,,False,0,
2026-08-19,2026-08-19 09:54:14,09:54:14,3121778,XXXXTTXXTXTTT,3T,—,0,SKIP,[ADAPT-BLOCK] [ADAPT-TOXIC] BAT_RAC roll=30% base=43% → BLOCK | [STATE=TOXIC] roll=30% base=43% ratio=0.70 toxStreak=3362 | size×0.15 thresh+0.095,0,1-6-1,8,XIU,SKIP,False,0,1.9203715574431397,0.0,0.0,1.9203715574431397,TAI,False,True,,1931.2227,50.0,49409623.0,-590377.0,-1.180754,48.148148148148145,52,56,1,0,3.7,5.3,False,False,False,0,15000000.0,-3.9,0,65000000,50000000.0,False,False,False,False,False,0.0,0.0,NEUTRAL,TXXTXTXTXXXXTTXXTXTTT,False,-590377.0,49409623.0,52,56,48.1,49409623.0,200,"[ADAPT-THRESH] p=64.9% < θ=73.5% (+0.095) state=TOXIC → SKIP, [ADAPT-THRESH] p=64.9% < θ=73.5% (+0.095) state=TOXIC → SKIP, [ADAPT-BLOCK] [ADAPT-TOXIC] BAT_RAC roll=30% base=43% → BLOCK | [STATE=TOXIC] roll=30% base=43% ratio=0.70 toxStreak=3362 | size×0.15 thresh+0.095",UP (TAI),,0.1153,False,False,XXXXTTXXTXTTT,TXXTXTXTXXXXTTXXTXTTT,,,,,,,CHOPPY (RAC),POOR,Bet T dang chay 3 ván liên tiếp,CONFIRMED,BET,XIU,0.6495,,0.9941,4,False,,,,,,,,,,,False,0,
2026-08-19,2026-08-19 09:55:25,09:55:25,3121779,XXXTTXXTXTTTX,1X,—,0,SKIP,[ADAPT-THRESH] p=64.9% < θ=73.5% (+0.095) state=TOXIC → SKIP,0,4-2-4,10,XIU,SKIP,False,0,8.317622897603485,0.0,0.0,8.317622897603485,TAI,False,True,,1859.6816,50.0,49409623.0,-590377.0,-1.180754,48.148148148148145,52,56,1,0,3.7,5.3,False,False,False,0,15000000.0,-3.9,0,65000000,50000000.0,False,False,False,False,False,0.0,0.0,NEUTRAL,XXTXTXTXXXXTTXXTXTTTX,False,-590377.0,49409623.0,52,56,48.1,49409623.0,200,"[ADAPT-THRESH] p=64.9% < θ=73.5% (+0.095) state=TOXIC → SKIP, [ADAPT-BLOCK] [ADAPT-TOXIC] BAT_RAC roll=30% base=43% → BLOCK | [STATE=TOXIC] roll=30% base=43% ratio=0.70 toxStreak=3362 | size×0.15 thresh+0.095, [ADAPT-THRESH] p=64.9% < θ=73.5% (+0.095) state=TOXIC → SKIP",SIDEWAY,,0.5408,True,False,XXXTTXXTXTTTX,XXTXTXTXXXXTTXXTXTTTX,,,,,,,CHOPPY (RAC),POOR,"Motif 'XTXTTTX' (chu kỳ 7) đang lặp lại, đã thấy 10 phiên khớp",FORMING,BET,XIU,0.6495,,0.9941,4,False,,,,,,,,,,,False,0,
2026-08-19,2026-08-19 09:56:36,09:56:36,3121780,XXTTXXTXTTTXX,2X,—,0,SKIP,[ADAPT-THRESH] p=64.9% < θ=70.5% (+0.095) state=TOXIC → SKIP,0,1-5-6,12,TAI,SKIP,False,0,5.9005119312583965,0.0,0.0,5.9005119312583965,TAI,False,True,,1844.5461,50.0,49409623.0,-590377.0,-1.180754,48.148148148148145,52,56,1,0,3.7,5.3,False,False,False,0,15000000.0,-3.9,0,65000000,50000000.0,False,False,False,False,False,0.0,0.0,NEUTRAL,XTXTXTXXXXTTXXTXTTTXX,False,-590377.0,49409623.0,52,56,48.1,49409623.0,200,"[ADAPT-BLOCK] [ADAPT-TOXIC] BAT_RAC roll=30% base=43% → BLOCK | [STATE=TOXIC] roll=30% base=43% ratio=0.70 toxStreak=3362 | size×0.15 thresh+0.095, [ADAPT-THRESH] p=64.9% < θ=73.5% (+0.095) state=TOXIC → SKIP, [ADAPT-THRESH] p=64.9% < θ=70.5% (+0.095) state=TOXIC → SKIP",SIDEWAY,,0.716,False,False,XXTTXXTXTTTXX,XTXTXTXXXXTTXXTXTTTXX,,,,,,,CHOPPY (RAC),POOR,"Motif 'TXTTTXX' (chu kỳ 7) đang lặp lại, đã thấy 11 phiên khớp",FORMING,BET,XIU,0.6495,,0.9941,4,False,,,,,,,,,,,False,0,
2026-08-19,2026-08-19 09:57:47,09:57:47,3121781,XTTXXTXTTTXXT,1T,—,0,SKIP,[ADAPT-BLOCK] [ADAPT-TOXIC] BAT_RAC roll=30% base=43% → BLOCK | [STATE=TOXIC] roll=30% base=43% ratio=0.70 toxStreak=3499 | size×0.15 thresh+0.095,0,5-1-6,12,TAI,SKIP,False,0,1.1478278589458817,0.0,0.0,1.1478278589458817,XIU,False,True,,1733.4484,50.0,49409623.0,-590377.0,-1.180754,48.148148148148145,52,56,1,0,3.7,5.3,False,False,False,0,15000000.0,-3.9,0,65000000,50000000.0,False,False,False,False,False,0.0,0.0,NEUTRAL,TXTXTXXXXTTXXTXTTTXXT,False,-590377.0,49409623.0,52,56,48.1,49409623.0,200,"[ADAPT-THRESH] p=64.9% < θ=73.5% (+0.095) state=TOXIC → SKIP, [ADAPT-THRESH] p=64.9% < θ=70.5% (+0.095) state=TOXIC → SKIP, [ADAPT-BLOCK] [ADAPT-TOXIC] BAT_RAC roll=30% base=43% → BLOCK | [STATE=TOXIC] roll=30% base=43% ratio=0.70 toxStreak=3499 | size×0.15 thresh+0.095",UP (TAI),,0.0932,False,False,XTTXXTXTTTXXT,TXTXTXXXXTTXXTXTTTXXT,,,,,,,CHOPPY (RAC),POOR,Khớp đúng mẫu tăng giảm 3-2-1 ở 3 đoạn gần nhất,CONFIRMED,BET,XIU,0.6495,,0.9941,4,False,,,,,,,,,,,False,0,
2026-08-19,2026-08-19 09:58:58,09:58:58,3121782,TTXXTXTTTXXTT,2T,—,0,SKIP,[ADAPT-BLOCK] [ADAPT-TOXIC] BAT_RAC roll=30% base=43% → BLOCK | [STATE=TOXIC] roll=30% base=43% ratio=0.70 toxStreak=3545 | size×0.15 thresh+0.095,0,3-3-1,7,XIU,SKIP,False,0,4.908578347368453,0.0,0.0,4.908578347368453,XIU,False,True,,1745.6519,50.0,49409623.0,-590377.0,-1.180754,48.148148148148145,52,56,1,0,3.7,5.3,False,False,False,0,15000000.0,-3.9,0,65000000,50000000.0,False,False,False,False,False,0.0,0.0,NEUTRAL,XTXTXXXXTTXXTXTTTXXTT,False,-590377.0,49409623.0,52,56,48.1,49409623.0,200,"[ADAPT-THRESH] p=64.9% < θ=70.5% (+0.095) state=TOXIC → SKIP, [ADAPT-BLOCK] [ADAPT-TOXIC] BAT_RAC roll=30% base=43% → BLOCK | [STATE=TOXIC] roll=30% base=43% ratio=0.70 toxStreak=3499 | size×0.15 thresh+0.095, [ADAPT-BLOCK] [ADAPT-TOXIC] BAT_RAC roll=30% base=43% → BLOCK | [STATE=TOXIC] roll=30% base=43% ratio=0.70 toxStreak=3545 | size×0.15 thresh+0.095",SIDEWAY,,0.2083,True,False,TTXXTXTTTXXTT,XTXTXXXXTTXXTXTTTXXTT,,,,,,,CHOPPY (RAC),POOR,Nghiêng T 5/7 phiên gần nhất,CONFIRMED,BET,XIU,0.6495,,0.9941,4,False,,,,,,,,,,,False,0,
2026-08-19,2026-08-19 10:00:09,10:00:09,3121783,TXXTXTTTXXTTX,1X,—,0,SKIP,[ADAPT-THRESH] p=64.9% < θ=73.5% (+0.095) state=TOXIC → SKIP,0,6-4-4,14,TAI,SKIP,False,0,14.465209479461908,0.0,0.0,14.465209479461908,XIU,False,True,,2225.2586,50.0,49409623.0,-590377.0,-1.180754,48.148148148148145,52,56,1,0,3.7,5.3,False,False,False,0,15000000.0,-3.9,0,65000000,50000000.0,False,False,False,False,False,0.0,0.0,NEUTRAL,TXTXXXXTTXXTXTTTXXTTX,False,-590377.0,49409623.0,52,56,48.1,49409623.0,200,"[ADAPT-BLOCK] [ADAPT-TOXIC] BAT_RAC roll=30% base=43% → BLOCK | [STATE=TOXIC] roll=30% base=43% ratio=0.70 toxStreak=3499 | size×0.15 thresh+0.095, [ADAPT-BLOCK] [ADAPT-TOXIC] BAT_RAC roll=30% base=43% → BLOCK | [STATE=TOXIC] roll=30% base=43% ratio=0.70 toxStreak=3545 | size×0.15 thresh+0.095, [ADAPT-THRESH] p=64.9% < θ=73.5% (+0.095) state=TOXIC → SKIP",DOWN (XIU),,0.7734,False,False,TXXTXTTTXXTTX,TXTXXXXTTXXTXTTTXXTTX,,,,,,,CHOPPY (RAC),POOR,"Motif 'TTTXXTTX' (chu kỳ 8) đang lặp lại, đã thấy 10 phiên khớp",FORMING,BET,XIU,0.6495,,0.9941,4,False,,,,,,,,,,,False,0,
2026-08-19,2026-08-19 10:01:20,10:01:20,3121784,XXTXTTTXXTTXT,1T,—,0,SKIP,[ADAPT-THRESH] p=64.9% < θ=73.5% (+0.095) state=TOXIC → SKIP,0,6-3-3,12,TAI,SKIP,False,0,4.512285526995844,0.0,0.0,4.512285526995844,XIU,False,True,,1893.4393,50.0,49409623.0,-590377.0,-1.180754,48.148148148148145,52,56,1,0,3.7,5.3,False,False,False,0,15000000.0,-3.9,0,65000000,50000000.0,False,False,False,False,False,0.0,0.0,NEUTRAL,XTXXXXTTXXTXTTTXXTTXT,False,-590377.0,49409623.0,52,56,48.1,49409623.0,200,"[ADAPT-BLOCK] [ADAPT-TOXIC] BAT_RAC roll=30% base=43% → BLOCK | [STATE=TOXIC] roll=30% base=43% ratio=0.70 toxStreak=3545 | size×0.15 thresh+0.095, [ADAPT-THRESH] p=64.9% < θ=73.5% (+0.095) state=TOXIC → SKIP, [ADAPT-THRESH] p=64.9% < θ=73.5% (+0.095) state=TOXIC → SKIP",SIDEWAY,,0.8226,False,False,XXTXTTTXXTTXT,XTXXXXTTXXTXTTTXXTTXT,,,,,,,CHOPPY (RAC),POOR,"Motif 'XTTTXXTTXT' (chu kỳ 10) đang lặp lại, đã thấy 12 phiên khớp",FORMING,BET,XIU,0.6495,,0.9941,4,False,,,,,,,,,,,False,0,
2026-08-19,2026-08-19 10:02:31,10:02:31,3121785,XTXTTTXXTTXTT,2T,—,0,SKIP,[ADAPT-BLOCK] [ADAPT-TOXIC] BREAK roll=30% base=43% → BLOCK | [STATE=TOXIC] roll=30% base=43% ratio=0.70 toxStreak=3683 | size×0.15 thresh+0.095,0,5-2-3,10,XIU,SKIP,False,0,3.7511453474298446,0.0,0.0,3.7511453474298446,XIU,False,True,,2371.4824,50.0,49409623.0,-590377.0,-1.180754,48.148148148148145,52,56,1,0,3.7,5.3,False,False,False,0,15000000.0,-3.9,0,65000000,50000000.0,False,False,False,False,False,0.0,0.0,NEUTRAL,TXXXXTTXXTXTTTXXTTXTT,False,-590377.0,49409623.0,52,56,48.1,49409623.0,200,"[ADAPT-THRESH] p=64.9% < θ=73.5% (+0.095) state=TOXIC → SKIP, [ADAPT-THRESH] p=64.9% < θ=73.5% (+0.095) state=TOXIC → SKIP, [ADAPT-BLOCK] [ADAPT-TOXIC] BREAK roll=30% base=43% → BLOCK | [STATE=TOXIC] roll=30% base=43% ratio=0.70 toxStreak=3683 | size×0.15 thresh+0.095",SIDEWAY,,0.8207,True,False,XTXTTTXXTTXTT,TXXXXTTXXTXTTTXXTTXTT,,,,,,,CHOPPY (RAC),POOR,"Motif 'XTT' (chu kỳ 3) đang lặp lại, đã thấy 6 phiên khớp",CONFIRMED,BET,XIU,0.6495,,0.9941,4,False,,,,,,,,,,,False,0,
2026-08-19,2026-08-19 10:03:42,10:03:42,3121786,TXTTTXXTTXTTX,1X,—,0,SKIP,[ADAPT-BLOCK] [ADAPT-TOXIC] BAT_RAC roll=30% base=43% → BLOCK | [STATE=TOXIC] roll=30% base=43% ratio=0.70 toxStreak=3729 | size×0.15 thresh+0.095,0,6-3-1,10,XIU,SKIP,False,0,2.7780380644185985,0.0,0.0,2.7780380644185985,TAI,False,True,,2099.2988,50.0,49409623.0,-590377.0,-1.180754,48.148148148148145,52,56,1,0,3.7,5.3,False,False,False,0,15000000.0,-3.9,0,65000000,50000000.0,False,False,False,False,False,0.0,0.0,NEUTRAL,XXXXTTXXTXTTTXXTTXTTX,False,-590377.0,49409623.0,52,56,48.1,49409623.0,200,"[ADAPT-THRESH] p=64.9% < θ=73.5% (+0.095) state=TOXIC → SKIP, [ADAPT-BLOCK] [ADAPT-TOXIC] BREAK roll=30% base=43% → BLOCK | [STATE=TOXIC] roll=30% base=43% ratio=0.70 toxStreak=3683 | size×0.15 thresh+0.095, [ADAPT-BLOCK] [ADAPT-TOXIC] BAT_RAC roll=30% base=43% → BLOCK | [STATE=TOXIC] roll=30% base=43% ratio=0.70 toxStreak=3729 | size×0.15 thresh+0.095",DOWN (XIU),,0.7037,True,False,TXTTTXXTTXTTX,XXXXTTXXTXTTTXXTTXTTX,,,,,,,CHOPPY (RAC),POOR,"Motif 'TTX' (chu kỳ 3) đang lặp lại, đã thấy 7 phiên khớp",CONFIRMED,BET,XIU,0.6495,,0.9941,4,False,,,,,,,,,,,False,0,
2026-08-19,2026-08-19 10:04:53,10:04:53,3121787,XTTTXXTTXTTXX,2X,—,0,SKIP,[ADAPT-THRESH] p=64.9% < θ=70.5% (+0.095) state=TOXIC → SKIP,0,6-2-1,9,XIU,SKIP,False,0,1.8679686161120708,0.0,0.0,1.8679686161120708,XIU,False,True,,2197.2843,50.0,49409623.0,-590377.0,-1.180754,48.148148148148145,52,56,1,0,3.7,5.3,False,False,False,0,15000000.0,-3.9,0,65000000,50000000.0,False,False,False,False,False,0.0,0.0,NEUTRAL,XXXTTXXTXTTTXXTTXTTXX,False,-590377.0,49409623.0,52,56,48.1,49409623.0,200,"[ADAPT-BLOCK] [ADAPT-TOXIC] BREAK roll=30% base=43% → BLOCK | [STATE=TOXIC] roll=30% base=43% ratio=0.70 toxStreak=3683 | size×0.15 thresh+0.095, [ADAPT-BLOCK] [ADAPT-TOXIC] BAT_RAC roll=30% base=43% → BLOCK | [STATE=TOXIC] roll=30% base=43% ratio=0.70 toxStreak=3729 | size×0.15 thresh+0.095, [ADAPT-THRESH] p=64.9% < θ=70.5% (+0.095) state=TOXIC → SKIP",SIDEWAY,,0.669,True,False,XTTTXXTTXTTXX,XXXTTXXTXTTTXXTTXTTXX,,,,,,,CHOPPY (RAC),POOR,"Motif 'TTXTTXX' (chu kỳ 7) đang lặp lại, đã thấy 11 phiên khớp",FORMING,BET,XIU,0.6495,,0.9941,4,False,,,,,,,,,,,False,0,
2026-08-19,2026-08-19 10:06:04,10:06:04,3121788,TTTXXTTXTTXXX,3X,—,0,SKIP,[ADAPT-BLOCK] [ADAPT-TOXIC] BAT_RAC roll=30% base=43% → BLOCK | [STATE=TOXIC] roll=30% base=43% ratio=0.70 toxStreak=3820 | size×0.15 thresh+0.095,0,3-3-3,9,XIU,SKIP,False,0,17.279745873835537,0.0,0.0,17.279745873835537,TAI,False,True,,2090.0038,50.0,49409623.0,-590377.0,-1.180754,48.148148148148145,52,56,1,0,3.7,5.3,False,False,False,0,15000000.0,-3.9,0,65000000,50000000.0,False,False,False,False,False,0.0,0.0,NEUTRAL,XXTTXXTXTTTXXTTXTTXXX,False,-590377.0,49409623.0,52,56,48.1,49409623.0,200,"[ADAPT-BLOCK] [ADAPT-TOXIC] BAT_RAC roll=30% base=43% → BLOCK | [STATE=TOXIC] roll=30% base=43% ratio=0.70 toxStreak=3729 | size×0.15 thresh+0.095, [ADAPT-THRESH] p=64.9% < θ=70.5% (+0.095) state=TOXIC → SKIP, [ADAPT-BLOCK] [ADAPT-TOXIC] BAT_RAC roll=30% base=43% → BLOCK | [STATE=TOXIC] roll=30% base=43% ratio=0.70 toxStreak=3820 | size×0.15 thresh+0.095",DOWN (XIU),,0.3549,False,False,TTTXXTTXTTXXX,XXTTXXTXTTTXXTTXTTXXX,,,,,,,CHOPPY (RAC),POOR,Bet X dang chay 3 ván liên tiếp,CONFIRMED,BET,XIU,0.6495,,0.9941,4,False,,,,,,,,,,,False,0,
2026-08-19,2026-08-19 10:07:15,10:07:15,3121789,TTXXTTXTTXXXX,4X,—,0,SKIP,[ADAPT-THRESH] p=64.9% < θ=66.5% (+0.095) state=TOXIC → SKIP,0,6-2-1,9,XIU,SKIP,False,0,4.535664608136048,0.0,0.0,4.535664608136048,TAI,False,True,,1986.2561,50.0,49409623.0,-590377.0,-1.180754,48.148148148148145,52,56,1,0,3.7,5.3,False,False,False,0,15000000.0,-3.9,0,65000000,50000000.0,False,False,False,False,False,0.0,0.0,NEUTRAL,XTTXXTXTTTXXTTXTTXXXX,False,-590377.0,49409623.0,52,56,48.1,49409623.0,200,"[ADAPT-THRESH] p=64.9% < θ=70.5% (+0.095) state=TOXIC → SKIP, [ADAPT-BLOCK] [ADAPT-TOXIC] BAT_RAC roll=30% base=43% → BLOCK | [STATE=TOXIC] roll=30% base=43% ratio=0.70 toxStreak=3820 | size×0.15 thresh+0.095, [ADAPT-THRESH] p=64.9% < θ=66.5% (+0.095) state=TOXIC → SKIP",SIDEWAY,,0.6113,False,False,TTXXTTXTTXXXX,XTTXXTXTTTXXTTXTTXXXX,,,,,,,CLUSTERING (BET),NORMAL,Bet X dang chay 4 ván liên tiếp,CONFIRMED,BET,XIU,0.6495,,0.9941,4,False,,,,,,,,,,,False,0,
2026-08-19,2026-08-19 10:08:26,10:08:26,3121790,TXXTTXTTXXXXX,5X,—,0,SKIP,[ADAPT-THRESH] p=64.9% < θ=68.5% (+0.095) state=TOXIC → SKIP,0,6-4-2,12,TAI,SKIP,False,0,7.285495733684131,0.0,0.0,7.285495733684131,TAI,False,True,,2088.7056,50.0,49409623.0,-590377.0,-1.180754,48.148148148148145,52,56,1,0,3.7,5.3,False,False,False,0,15000000.0,-3.9,0,65000000,50000000.0,False,False,False,False,False,0.0,0.0,NEUTRAL,TTXXTXTTTXXTTXTTXXXXX,False,-590377.0,49409623.0,52,56,48.1,49409623.0,200,"[ADAPT-BLOCK] [ADAPT-TOXIC] BAT_RAC roll=30% base=43% → BLOCK | [STATE=TOXIC] roll=30% base=43% ratio=0.70 toxStreak=3820 | size×0.15 thresh+0.095, [ADAPT-THRESH] p=64.9% < θ=66.5% (+0.095) state=TOXIC → SKIP, [ADAPT-THRESH] p=64.9% < θ=68.5% (+0.095) state=TOXIC → SKIP",SIDEWAY,,0.4025,True,False,TXXTTXTTXXXXX,TTXXTXTTTXXTTXTTXXXXX,,,,,,,CLUSTERING (BET),NORMAL,Bet X dang chay 5 ván liên tiếp,CONFIRMED,BET,XIU,0.6495,,0.9941,4,False,,,,,,,,,,,False,0,
2026-08-19,2026-08-19 10:09:37,10:09:37,3121791,XXTTXTTXXXXXT,1T,—,0,SKIP,[ADAPT-THRESH] p=64.9% < θ=71.4% (+0.095) state=TOXIC → SKIP,0,4-6-3,13,TAI,SKIP,False,0,19.592752970420328,0.0,0.0,19.592752970420328,TAI,False,True,,2211.1189,50.0,49409623.0,-590377.0,-1.180754,48.148148148148145,52,56,1,0,3.7,5.3,False,False,False,0,15000000.0,-3.9,0,65000000,50000000.0,False,False,False,False,False,0.0,0.0,NEUTRAL,TXXTXTTTXXTTXTTXXXXXT,False,-590377.0,49409623.0,52,56,48.1,49409623.0,200,"[ADAPT-THRESH] p=64.9% < θ=66.5% (+0.095) state=TOXIC → SKIP, [ADAPT-THRESH] p=64.9% < θ=68.5% (+0.095) state=TOXIC → SKIP, [ADAPT-THRESH] p=64.9% < θ=71.4% (+0.095) state=TOXIC → SKIP",UP (TAI),,0.6206,True,False,XXTTXTTXXXXXT,TXXTXTTTXXTTXTTXXXXXT,,,,,,,CLUSTERING (BET),POOR,Nghiêng X 4/5 phiên gần nhất,CONFIRMED,BET,XIU,0.6495,,0.9941,4,False,,,,,,,,,,,False,0,
2026-08-19,2026-08-19 10:10:48,10:10:48,3121792,XTTXTTXXXXXTT,2T,—,0,SKIP,[ADAPT-THRESH] p=64.9% < θ=69.5% (+0.095) state=TOXIC → SKIP,0,3-6-3,12,TAI,SKIP,False,0,13.905174866122591,0.0,0.0,13.905174866122591,TAI,False,True,,2169.4362,50.0,49409623.0,-590377.0,-1.180754,48.148148148148145,52,56,1,0,3.7,5.3,False,False,False,0,15000000.0,-3.9,0,65000000,50000000.0,False,False,False,False,False,0.0,0.0,NEUTRAL,XXTXTTTXXTTXTTXXXXXTT,False,-590377.0,49409623.0,52,56,48.1,49409623.0,200,"[ADAPT-THRESH] p=64.9% < θ=68.5% (+0.095) state=TOXIC → SKIP, [ADAPT-THRESH] p=64.9% < θ=71.4% (+0.095) state=TOXIC → SKIP, [ADAPT-THRESH] p=64.9% < θ=69.5% (+0.095) state=TOXIC → SKIP",UP (TAI),,0.628,True,False,XTTXTTXXXXXTT,XXTXTTTXXTTXTTXXXXXTT,,,,,,,CLUSTERING (BET),POOR,Nghiêng X 5/7 phiên gần nhất,CONFIRMED,BET,XIU,0.6495,,0.9941,4,False,,,,,,,,,,,False,0,
2026-08-19,2026-08-19 10:11:59,10:11:59,3121793,TTXTTXXXXXTTT,3T,—,0,SKIP,[ADAPT-THRESH] p=64.9% < θ=69.5% (+0.095) state=TOXIC → SKIP,0,1-4-2,7,XIU,SKIP,False,0,1.7947518568235625,0.0,0.0,1.7947518568235625,XIU,False,True,,2222.9959,50.0,49409623.0,-590377.0,-1.180754,48.148148148148145,52,56,1,0,3.7,5.3,False,False,False,0,15000000.0,-3.9,0,65000000,50000000.0,False,False,False,False,False,0.0,0.0,NEUTRAL,XTXTTTXXTTXTTXXXXXTTT,False,-590377.0,49409623.0,52,56,48.1,49409623.0,200,"[ADAPT-THRESH] p=64.9% < θ=71.4% (+0.095) state=TOXIC → SKIP, [ADAPT-THRESH] p=64.9% < θ=69.5% (+0.095) state=TOXIC → SKIP, [ADAPT-THRESH] p=64.9% < θ=69.5% (+0.095) state=TOXIC → SKIP",SIDEWAY,,0.5737,False,False,TTXTTXXXXXTTT,XTXTTTXXTTXTTXXXXXTTT,,,,,,,CLUSTERING (BET),POOR,Bet T dang chay 3 ván liên tiếp,CONFIRMED,BET,XIU,0.6495,,0.9941,4,False,,,,,,,,,,,False,0,
2026-08-19,2026-08-19 10:13:10,10:13:10,3121794,TXTTXXXXXTTTX,1X,—,0,SKIP,[ADAPT-THRESH] p=64.9% < θ=70.5% (+0.095) state=TOXIC → SKIP,0,5-4-4,13,TAI,SKIP,False,0,9.669421090438483,0.0,0.0,9.669421090438483,XIU,False,True,,2272.7205,50.0,49409623.0,-590377.0,-1.180754,48.148148148148145,52,56,1,0,3.7,5.3,False,False,False,0,15000000.0,-3.9,0,65000000,50000000.0,False,False,False,False,False,0.0,0.0,NEUTRAL,TXTTTXXTTXTTXXXXXTTTX,False,-590377.0,49409623.0,52,56,48.1,49409623.0,200,"[ADAPT-THRESH] p=64.9% < θ=69.5% (+0.095) state=TOXIC → SKIP, [ADAPT-THRESH] p=64.9% < θ=69.5% (+0.095) state=TOXIC → SKIP, [ADAPT-THRESH] p=64.9% < θ=70.5% (+0.095) state=TOXIC → SKIP",DOWN (XIU),,0.486,True,False,TXTTXXXXXTTTX,TXTTTXXTTXTTXXXXXTTTX,,,,,,,CLUSTERING (BET),POOR,"Motif 'XXXXTTTX' (chu kỳ 8) đang lặp lại, đã thấy 11 phiên khớp",FORMING,BET,XIU,0.6495,,0.9941,4,False,,,,,,,,,,,False,0,
2026-08-19,2026-08-19 10:14:21,10:14:21,3121795,XTTXXXXXTTTXT,1T,—,0,SKIP,[ADAPT-BLOCK] [ADAPT-TOXIC] BAT_RAC roll=30% base=43% → BLOCK | [STATE=TOXIC] roll=30% base=43% ratio=0.70 toxStreak=4138 | size×0.15 thresh+0.095,0,1-1-4,6,XIU,SKIP,False,0,6.484610336301527,0.0,0.0,6.484610336301527,TAI,False,True,,1942.2418,50.0,49409623.0,-590377.0,-1.180754,48.148148148148145,52,56,1,0,3.7,5.3,False,False,False,0,15000000.0,-3.9,0,65000000,50000000.0,False,False,False,False,False,0.0,0.0,NEUTRAL,XTTTXXTTXTTXXXXXTTTXT,False,-590377.0,49409623.0,52,56,48.1,49409623.0,200,"[ADAPT-THRESH] p=64.9% < θ=69.5% (+0.095) state=TOXIC → SKIP, [ADAPT-THRESH] p=64.9% < θ=70.5% (+0.095) state=TOXIC → SKIP, [ADAPT-BLOCK] [ADAPT-TOXIC] BAT_RAC roll=30% base=43% → BLOCK | [STATE=TOXIC] roll=30% base=43% ratio=0.70 toxStreak=4138 | size×0.15 thresh+0.095",SIDEWAY,,0.5258,False,False,XTTXXXXXTTTXT,XTTTXXTTXTTXXXXXTTTXT,,,,,,,CHOPPY (RAC),POOR,Nghiêng T 4/5 phiên gần nhất,CONFIRMED,BET,XIU,0.6495,,0.9941,4,False,,,,,,,,,,,False,0,
2026-08-19,2026-08-19 10:15:32,10:15:32,3121796,TTXXXXXTTTXTX,1X,—,0,SKIP,[ADAPT-THRESH] p=64.9% < θ=70.5% (+0.095) state=TOXIC → SKIP,0,1-1-4,6,XIU,SKIP,False,0,5.391327814135684,0.0,0.0,5.391327814135684,XIU,False,True,,3531.7089,50.0,49409623.0,-590377.0,-1.180754,48.148148148148145,52,56,1,0,3.7,5.3,False,False,False,0,15000000.0,-3.9,0,65000000,50000000.0,False,False,False,False,False,0.0,0.0,NEUTRAL,TTTXXTTXTTXXXXXTTTXTX,False,-590377.0,49409623.0,52,56,48.1,49409623.0,200,"[ADAPT-THRESH] p=64.9% < θ=70.5% (+0.095) state=TOXIC → SKIP, [ADAPT-BLOCK] [ADAPT-TOXIC] BAT_RAC roll=30% base=43% → BLOCK | [STATE=TOXIC] roll=30% base=43% ratio=0.70 toxStreak=4138 | size×0.15 thresh+0.095, [ADAPT-THRESH] p=64.9% < θ=70.5% (+0.095) state=TOXIC → SKIP",SIDEWAY,,0.5422,False,False,TTXXXXXTTTXTX,TTTXXTTXTTXXXXXTTTXTX,,,,,,,CHOPPY (RAC),POOR,"Motif 'XXXXTTTXTX' (chu kỳ 10) đang lặp lại, đã thấy 12 phiên khớp",FORMING,BET,XIU,0.6495,,0.9941,4,False,,,,,,,,,,,False,0,
2026-08-19,2026-08-19 10:16:43,10:16:43,3121797,TXXXXXTTTXTXX,2X,—,0,SKIP,[ADAPT-THRESH] p=64.9% < θ=70.4% (+0.095) state=TOXIC → SKIP,0,6-5-2,13,TAI,SKIP,False,0,4.220787696452996,0.0,0.0,4.220787696452996,XIU,False,True,,2083.5412,50.0,49409623.0,-590377.0,-1.180754,48.148148148148145,52,56,1,0,3.7,5.3,False,False,False,0,15000000.0,-3.9,0,65000000,50000000.0,False,False,False,False,False,0.0,0.0,NEUTRAL,TTXXTTXTTXXXXXTTTXTXX,False,-590377.0,49409623.0,52,56,48.1,49409623.0,200,"[ADAPT-BLOCK] [ADAPT-TOXIC] BAT_RAC roll=30% base=43% → BLOCK | [STATE=TOXIC] roll=30% base=43% ratio=0.70 toxStreak=4138 | size×0.15 thresh+0.095, [ADAPT-THRESH] p=64.9% < θ=70.5% (+0.095) state=TOXIC → SKIP, [ADAPT-THRESH] p=64.9% < θ=70.4% (+0.095) state=TOXIC → SKIP",SIDEWAY,,0.4117,False,False,TXXXXXTTTXTXX,TTXXTTXTTXXXXXTTTXTXX,,,,,,,CHOPPY (RAC),POOR,"Motif 'XXXTTTXTXX' (chu kỳ 10) đang lặp lại, đã thấy 13 phiên khớp",FORMING,BET,XIU,0.6495,,0.9941,4,False,,,,,,,,,,,False,0,
2026-08-19,2026-08-19 10:17:54,10:17:54,3121798,XXXXXTTTXTXXT,1T,—,0,SKIP,[ADAPT-THRESH] p=64.9% < θ=70.5% (+0.095) state=TOXIC → SKIP,0,2-2-3,7,XIU,SKIP,False,0,1.1356969162677402,0.0,0.0,1.1356969162677402,TAI,False,True,,2055.2205,50.0,49409623.0,-590377.0,-1.180754,48.148148148148145,52,56,1,0,3.7,5.3,False,False,False,0,15000000.0,-3.9,0,65000000,50000000.0,False,False,False,False,False,0.0,0.0,NEUTRAL,TXXTTXTTXXXXXTTTXTXXT,False,-590377.0,49409623.0,52,56,48.1,49409623.0,200,"[ADAPT-THRESH] p=64.9% < θ=70.5% (+0.095) state=TOXIC → SKIP, [ADAPT-THRESH] p=64.9% < θ=70.4% (+0.095) state=TOXIC → SKIP, [ADAPT-THRESH] p=64.9% < θ=70.5% (+0.095) state=TOXIC → SKIP",UP (TAI),,0.414,False,False,XXXXXTTTXTXXT,TXXTTXTTXXXXXTTTXTXXT,,,,,,,ALTERNATING (NHAY),NORMAL,Khớp đúng mẫu tăng giảm 1-2-1 ở 3 đoạn gần nhất,CONFIRMED,BET,XIU,0.6495,,0.9941,4,False,,,,,,,,,,,False,0,
2026-08-19,2026-08-19 10:19:05,10:19:05,3121799,XXXXTTTXTXXTX,1X,—,0,SKIP,[ADAPT-THRESH] p=64.9% < θ=70.5% (+0.095) state=TOXIC → SKIP,0,4-3-6,13,TAI,SKIP,False,0,9.111427670138921,0.0,0.0,9.111427670138921,XIU,False,True,,2153.7075,50.0,49409623.0,-590377.0,-1.180754,48.148148148148145,52,56,1,0,3.7,5.3,False,False,False,0,15000000.0,-3.9,0,65000000,50000000.0,False,False,False,False,False,0.0,0.0,NEUTRAL,XXTTXTTXXXXXTTTXTXXTX,False,-590377.0,49409623.0,52,56,48.1,49409623.0,200,"[ADAPT-THRESH] p=64.9% < θ=70.4% (+0.095) state=TOXIC → SKIP, [ADAPT-THRESH] p=64.9% < θ=70.5% (+0.095) state=TOXIC → SKIP, [ADAPT-THRESH] p=64.9% < θ=70.5% (+0.095) state=TOXIC → SKIP",SIDEWAY,,0.5395,True,False,XXXXTTTXTXXTX,XXTTXTTXXXXXTTTXTXXTX,,,,,,,ALTERNATING (NHAY),NORMAL,"Motif 'XTX' (chu kỳ 3) đang lặp lại, đã thấy 6 phiên khớp",CONFIRMED,BET,XIU,0.6495,,0.9941,4,False,,,,,,,,,,,False,0,
2026-08-19,2026-08-19 10:20:16,10:20:16,3121800,XXXTTTXTXXTXT,1T,—,0,SKIP,[ADAPT-THRESH] p=64.9% < θ=70.5% (+0.095) state=TOXIC → SKIP,0,5-4-1,10,XIU,SKIP,False,0,16.463378208115024,0.0,0.0,16.463378208115024,XIU,False,True,,2347.9256,50.0,49409623.0,-590377.0,-1.180754,48.148148148148145,52,56,1,0,3.7,5.3,False,False,False,0,15000000.0,-3.9,0,65000000,50000000.0,False,False,False,False,False,0.0,0.0,NEUTRAL,XTTXTTXXXXXTTTXTXXTXT,False,-590377.0,49409623.0,52,56,48.1,49409623.0,200,"[ADAPT-THRESH] p=64.9% < θ=70.5% (+0.095) state=TOXIC → SKIP, [ADAPT-THRESH] p=64.9% < θ=70.5% (+0.095) state=TOXIC → SKIP, [ADAPT-THRESH] p=64.9% < θ=70.5% (+0.095) state=TOXIC → SKIP",SIDEWAY,,0.4462,True,False,XXXTTTXTXXTXT,XTTXTTXXXXXTTTXTXXTXT,,,,,,,ALTERNATING (NHAY),POOR,"Motif 'TTXTXXTXT' (chu kỳ 9) đang lặp lại, đã thấy 11 phiên khớp",FORMING,BET,XIU,0.6495,,0.9941,4,False,,,,,,,,,,,False,0,
2026-08-19,2026-08-19 10:21:27,10:21:27,3121801,XXTTTXTXXTXTX,1X,—,0,SKIP,[ADAPT-THRESH] p=64.9% < θ=70.5% (+0.095) state=TOXIC → SKIP,0,2-4-4,10,XIU,SKIP,False,0,20.897033406371328,0.0,0.0,20.897033406371328,TAI,False,True,,2390.8647,50.0,49409623.0,-590377.0,-1.180754,48.148148148148145,52,56,1,0,3.7,5.3,False,False,False,0,15000000.0,-3.9,0,65000000,50000000.0,False,False,False,False,False,0.0,0.0,NEUTRAL,TTXTTXXXXXTTTXTXXTXTX,False,-590377.0,49409623.0,52,56,48.1,49409623.0,200,"[ADAPT-THRESH] p=64.9% < θ=70.5% (+0.095) state=TOXIC → SKIP, [ADAPT-THRESH] p=64.9% < θ=70.5% (+0.095) state=TOXIC → SKIP, [ADAPT-THRESH] p=64.9% < θ=70.5% (+0.095) state=TOXIC → SKIP",SIDEWAY,,0.4205,True,False,XXTTTXTXXTXTX,TTXTTXXXXXTTTXTXXTXTX,,,,,,,ALTERNATING (NHAY),POOR,"Motif 'XTXTX' (chu kỳ 5) đang lặp lại, đã thấy 9 phiên khớp",FORMING,BET,XIU,0.6495,,0.9941,4,False,,,,,,,,,,,False,0,
2026-08-19,2026-08-19 10:22:38,10:22:38,3121802,XTTTXTXXTXTXX,2X,—,0,SKIP,[ADAPT-BLOCK] [ADAPT-TOXIC] BREAK roll=30% base=43% → BLOCK | [STATE=TOXIC] roll=30% base=43% ratio=0.70 toxStreak=4455 | size×0.15 thresh+0.095,0,2-5-3,10,XIU,SKIP,False,0,1.6240601143054776,0.0,0.0,1.6240601143054776,XIU,False,True,,2364.6282,50.0,49409623.0,-590377.0,-1.180754,48.148148148148145,52,56,1,0,3.7,5.3,False,False,False,0,15000000.0,-3.9,0,65000000,50000000.0,False,False,False,False,False,0.0,0.0,NEUTRAL,TXTTXXXXXTTTXTXXTXTXX,False,-590377.0,49409623.0,52,56,48.1,49409623.0,200,"[ADAPT-THRESH] p=64.9% < θ=70.5% (+0.095) state=TOXIC → SKIP, [ADAPT-THRESH] p=64.9% < θ=70.5% (+0.095) state=TOXIC → SKIP, [ADAPT-BLOCK] [ADAPT-TOXIC] BREAK roll=30% base=43% → BLOCK | [STATE=TOXIC] roll=30% base=43% ratio=0.70 toxStreak=4455 | size×0.15 thresh+0.095",SIDEWAY,,0.3781,True,False,XTTTXTXXTXTXX,TXTTXXXXXTTTXTXXTXTXX,,,,,,,ALTERNATING (NHAY),POOR,"Motif 'TXTXX' (chu kỳ 5) đang lặp lại, đã thấy 10 phiên khớp",CONFIRMED,BET,XIU,0.6495,,0.9941,4,False,,,,,,,,,,,False,0,
2026-08-19,2026-08-19 10:23:50,10:23:50,3121803,TTTXTXXTXTXXX,3X,—,0,SKIP,[ADAPT-BLOCK] [ADAPT-TOXIC] BAT_RAC roll=30% base=43% → BLOCK | [STATE=TOXIC] roll=30% base=43% ratio=0.70 toxStreak=4500 | size×0.15 thresh+0.095,0,1-1-2,4,XIU,SKIP,False,0,2.5571086308588806,0.0,0.0,2.5571086308588806,TAI,False,True,,2121.9064,50.0,49409623.0,-590377.0,-1.180754,48.148148148148145,52,56,1,0,3.7,5.3,False,False,False,0,15000000.0,-3.9,0,65000000,50000000.0,False,False,False,False,False,0.0,0.0,NEUTRAL,XTTXXXXXTTTXTXXTXTXXX,False,-590377.0,49409623.0,52,56,48.1,49409623.0,200,"[ADAPT-THRESH] p=64.9% < θ=70.5% (+0.095) state=TOXIC → SKIP, [ADAPT-BLOCK] [ADAPT-TOXIC] BREAK roll=30% base=43% → BLOCK | [STATE=TOXIC] roll=30% base=43% ratio=0.70 toxStreak=4455 | size×0.15 thresh+0.095, [ADAPT-BLOCK] [ADAPT-TOXIC] BAT_RAC roll=30% base=43% → BLOCK | [STATE=TOXIC] roll=30% base=43% ratio=0.70 toxStreak=4500 | size×0.15 thresh+0.095",SIDEWAY,,0.3934,False,False,TTTXTXXTXTXXX,XTTXXXXXTTTXTXXTXTXXX,,,,,,,CHOPPY (RAC),POOR,Bet X dang chay 3 ván liên tiếp,CONFIRMED,BET,XIU,0.6495,,0.9941,4,False,,,,,,,,,,,False,0,
2026-08-19,2026-08-19 10:25:01,10:25:01,3121804,TTXTXXTXTXXXX,4X,—,0,SKIP,[ADAPT-BLOCK] [ADAPT-TOXIC] BAT_RAC roll=30% base=43% → BLOCK | [STATE=TOXIC] roll=30% base=43% ratio=0.70 toxStreak=4545 | size×0.15 thresh+0.095,0,1-5-1,7,XIU,SKIP,False,0,2.889360556085345,0.0,0.0,2.889360556085345,XIU,False,True,,2139.1472,50.0,49409623.0,-590377.0,-1.180754,48.148148148148145,52,56,1,0,3.7,5.3,False,False,False,0,15000000.0,-3.9,0,65000000,50000000.0,False,False,False,False,False,0.0,0.0,NEUTRAL,TTXXXXXTTTXTXXTXTXXXX,False,-590377.0,49409623.0,52,56,48.1,49409623.0,200,"[ADAPT-BLOCK] [ADAPT-TOXIC] BREAK roll=30% base=43% → BLOCK | [STATE=TOXIC] roll=30% base=43% ratio=0.70 toxStreak=4455 | size×0.15 thresh+0.095, [ADAPT-BLOCK] [ADAPT-TOXIC] BAT_RAC roll=30% base=43% → BLOCK | [STATE=TOXIC] roll=30% base=43% ratio=0.70 toxStreak=4500 | size×0.15 thresh+0.095, [ADAPT-BLOCK] [ADAPT-TOXIC] BAT_RAC roll=30% base=43% → BLOCK | [STATE=TOXIC] roll=30% base=43% ratio=0.70 toxStreak=4545 | size×0.15 thresh+0.095",DOWN (XIU),,0.6689,False,False,TTXTXXTXTXXXX,TTXXXXXTTTXTXXTXTXXXX,,,,,,,CHOPPY (RAC),POOR,Bet X dang chay 4 ván liên tiếp,CONFIRMED,BET,XIU,0.6495,,0.9941,4,False,,,,,,,,,,,False,0,
2026-08-19,2026-08-19 10:26:11,10:26:11,3121805,TXTXXTXTXXXXX,5X,—,0,SKIP,[ADAPT-THRESH] p=64.9% < θ=68.5% (+0.095) state=TOXIC → SKIP,0,1-1-6,8,XIU,SKIP,False,0,2.264586871971023,0.0,0.0,2.264586871971023,TAI,False,True,,2086.8548,50.0,49409623.0,-590377.0,-1.180754,48.148148148148145,52,56,1,0,3.7,5.3,False,False,False,0,15000000.0,-3.9,0,65000000,50000000.0,False,False,False,False,False,0.0,0.0,NEUTRAL,TXXXXXTTTXTXXTXTXXXXX,False,-590377.0,49409623.0,52,56,48.1,49409623.0,200,"[ADAPT-BLOCK] [ADAPT-TOXIC] BAT_RAC roll=30% base=43% → BLOCK | [STATE=TOXIC] roll=30% base=43% ratio=0.70 toxStreak=4500 | size×0.15 thresh+0.095, [ADAPT-BLOCK] [ADAPT-TOXIC] BAT_RAC roll=30% base=43% → BLOCK | [STATE=TOXIC] roll=30% base=43% ratio=0.70 toxStreak=4545 | size×0.15 thresh+0.095, [ADAPT-THRESH] p=64.9% < θ=68.5% (+0.095) state=TOXIC → SKIP",SIDEWAY,,0.6804,True,False,TXTXXTXTXXXXX,TXXXXXTTTXTXXTXTXXXXX,,,,,,,CLUSTERING (BET),NORMAL,Bet X dang chay 5 ván liên tiếp,CONFIRMED,BET,XIU,0.6495,,0.9941,4,False,,,,,,,,,,,False,0,
2026-08-19,2026-08-19 10:27:22,10:27:22,3121806,XTXXTXTXXXXXX,6X,TAI,12209,SNIPER_LOW,"[FADE-BỆT] sc=6X ≥6 → đảo bám cầu, đánh T [ADAPT-SIZE×0.15 →LOW]",65,2-6-5,13,TAI,WIN,True,11965,75.74953154143826,0.0,0.0,75.74953154143826,XIU,False,True,,196.9998,50.0,49421587.0,-578413.0,-1.1568260000000001,48.62385321100918,53,56,2,0,3.7,5.3,False,False,False,0,15000000.0,-3.9,0,65000000,50000000.0,False,False,False,False,False,0.0,0.0,NEUTRAL,XXXXXTTTXTXXTXTXXXXXX,False,-578413.0,49421587.0,53,56,48.6,49421587.0,200,,UP (TAI),,0.7107,True,False,XTXXTXTXXXXXX,XXXXXTTTXTXXTXTXXXXXX,,,,,,,CLUSTERING (BET),NORMAL,Bet X dang chay 6 ván liên tiếp,CONFIRMED,BET,XIU,0.6495,,0.9941,4,False,,,,,,,,FOLLOW,TAI,"[ADAPTIVE-HOLD] p̂=57.3% n_eff=25.5 (chưa đủ bằng chứng để đảo, |flip_score|<0.9) → size 100%.",False,0,
2026-08-19,2026-08-19 10:28:34,10:28:34,3121807,TXXTXTXXXXXXT,1T,—,0,SKIP,[ADAPT-THRESH] p=64.9% < θ=68.3% (+0.066) state=DEGRADED → SKIP,0,3-6-4,13,TAI,SKIP,False,0,4.549863180025405,0.0,0.0,4.549863180025405,TAI,False,True,,1979.4884,50.0,49421587.0,-578413.0,-1.1568260000000001,48.62385321100918,53,56,2,0,3.7,5.3,False,False,False,0,15000000.0,-3.9,0,65000000,50000000.0,False,False,False,False,False,0.0,0.0,NEUTRAL,XXXXTTTXTXXTXTXXXXXXT,False,-578413.0,49421587.0,53,56,48.6,49421587.0,200,[ADAPT-THRESH] p=64.9% < θ=68.3% (+0.066) state=DEGRADED → SKIP,UP (TAI),,0.3951,True,False,TXXTXTXXXXXXT,XXXXTTTXTXXTXTXXXXXXT,,,,,,,CLUSTERING (BET),NORMAL,Nghiêng X 4/5 phiên gần nhất,CONFIRMED,BET,XIU,0.6495,,0.9941,4,False,,,,,,,,,,,False,0,
2026-08-19,2026-08-19 10:29:44,10:29:44,3121808,XXTXTXXXXXXTT,2T,—,0,SKIP,[ADAPT-THRESH] p=64.9% < θ=66.3% (+0.066) state=DEGRADED → SKIP,0,1-2-1,4,XIU,SKIP,False,0,3.699309553419245,0.0,0.0,3.699309553419245,TAI,False,True,,2190.2604,50.0,49421587.0,-578413.0,-1.1568260000000001,48.62385321100918,53,56,2,0,3.7,5.3,False,False,False,0,15000000.0,-3.9,0,65000000,50000000.0,False,False,False,False,False,0.0,0.0,NEUTRAL,XXXTTTXTXXTXTXXXXXXTT,False,-578413.0,49421587.0,53,56,48.6,49421587.0,200,"[ADAPT-THRESH] p=64.9% < θ=68.3% (+0.066) state=DEGRADED → SKIP, [ADAPT-THRESH] p=64.9% < θ=66.3% (+0.066) state=DEGRADED → SKIP",SIDEWAY,,0.2873,False,False,XXTXTXXXXXXTT,XXXTTTXTXXTXTXXXXXXTT,,,,,,,CLUSTERING (BET),NORMAL,Nghiêng X 5/7 phiên gần nhất,CONFIRMED,BET,XIU,0.6495,,0.9941,4,False,,,,,,,,,,,False,0,
2026-08-19,2026-08-19 10:30:56,10:30:56,3121809,XTXTXXXXXXTTX,1X,TAI,36877,SNIPER_LOW,[BẮT RÁC] online fadeWR=0.54 followWR=0.42 nF=102 nFo=0 sc=1 | đu NGHIENG_7. Lật → T [ADAPT-SIZE×0.45 →LOW],64,2-5-6,13,TAI,WIN,True,36139,84.90617902483513,0.0,0.0,84.90617902483513,XIU,False,True,,62.2956,50.0,49457726.0,-542274.0,-1.0845479999999998,49.09090909090909,54,56,3,0,3.7,5.3,False,False,False,0,15000000.0,-3.6,0,65000000,50000000.0,False,False,False,False,False,0.0,0.0,NEUTRAL,XXTTTXTXXTXTXXXXXXTTX,False,-542274.0,49457726.0,54,56,49.1,49457726.0,200,,DOWN (XIU),,0.584,False,False,XTXTXXXXXXTTX,XXTTTXTXXTXTXXXXXXTTX,,,,,,,CHOPPY (RAC),NORMAL,Nghiêng X 5/7 phiên gần nhất,CONFIRMED,BET,XIU,0.6495,,0.9941,4,False,,,,,,,,FOLLOW,TAI,"[ADAPTIVE-HOLD] p̂=55.5% n_eff=36.7 (chưa đủ bằng chứng để đảo, |flip_score|<0.9) → size 100%.",False,0,
2026-08-19,2026-08-19 10:32:07,10:32:07,3121810,TXTXXXXXXTTXT,1T,TAI,53509,SNIPER_MID,[BẮT RÁC] online fadeWR=0.57 followWR=0.42 nF=103 nFo=0 sc=1 | đu NGHIENG_10. Lật → T,64,5-6-3,14,TAI,WIN,True,52439,64.58791861453506,0.0,0.0,64.58791861453506,TAI,False,True,,124.3049,50.0,49510164.0,-489836.0,-0.979672,49.549549549549546,55,56,4,0,3.7,5.3,False,False,False,0,15000000.0,-3.3,0,65000000,50000000.0,False,False,False,False,False,0.0,0.0,NEUTRAL,XTTTXTXXTXTXXXXXXTTXT,False,-489836.0,49510164.0,55,56,49.5,49510164.0,200,,SIDEWAY,,0.535,False,False,TXTXXXXXXTTXT,XTTTXTXXTXTXXXXXXTTXT,,,,,,,CHOPPY (RAC),POOR,Nghiêng X 7/10 phiên gần nhất,CONFIRMED,BET,XIU,0.6495,,0.9941,4,False,,,,,,,,REDUCE_SIZE,TAI,"[ADAPTIVE-HOLD] p̂=39.8% n_eff=28.2 (chưa đủ bằng chứng để đảo, |flip_score|<0.9) → size 74%.",False,0,
2026-08-19,2026-08-19 10:33:18,10:33:18,3121811,XTXXXXXXTTXTT,2T,XIU,51336,SNIPER_MID,"[BẺ→BÁM] micro=NEUTRAL lag1=+0.04 → không phá PERIOD, bám X",64,1-4-2,7,XIU,WIN,True,50309,40.998716949413506,0.0,0.0,40.998716949413506,XIU,False,True,,102.7099,50.0,49560473.0,-439527.0,-0.879054,50.0,56,56,5,0,3.7,5.3,False,False,False,0,15000000.0,-2.9,0,65000000,50000000.0,False,False,False,False,False,0.0,0.0,NEUTRAL,TTTXTXXTXTXXXXXXTTXTT,False,-439527.0,49560473.0,56,56,50.0,49560473.0,200,,UP (TAI),,0.6687,True,False,XTXXXXXXTTXTT,TTTXTXXTXTXXXXXXTTXTT,,,,,,,CHOPPY (RAC),POOR,"Motif 'XTT' (chu kỳ 3) đang lặp lại, đã thấy 6 phiên khớp",CONFIRMED,BET,XIU,0.6495,,0.9941,4,False,,,,,,,,REDUCE_SIZE,XIU,"[ADAPTIVE-HOLD] p̂=33.1% n_eff=22.3 (chưa đủ bằng chứng để đảo, |flip_score|<0.9) → size 56%.",False,0,
2026-08-19,2026-08-19 10:34:28,10:34:28,3121812,TXXXXXXTTXTTX,1X,XIU,89632,SNIPER_MID,[BẮT RÁC] online fadeWR=0.57 followWR=0.42 nF=104 nFo=0 sc=1 | đu PERIOD. Lật → X,64,5-1-6,12,TAI,LOSS,False,-89632,79.18905506201568,0.0,0.0,79.18905506201568,TAI,False,True,,115.7635,50.0,49470841.0,-529159.0,-1.0583179999999999,49.557522123893804,56,57,0,1,3.6,5.3,False,False,False,0,15000000.0,-3.5,0,65000000,50000000.0,False,False,False,False,False,0.0,0.0,NEUTRAL,TTXTXXTXTXXXXXXTTXTTX,False,-529159.0,49470841.0,56,57,49.6,49470841.0,200,,SIDEWAY,,0.659,True,False,TXXXXXXTTXTTX,TTXTXXTXTXXXXXXTTXTTX,,,,,,,CHOPPY (RAC),POOR,"Motif 'TTX' (chu kỳ 3) đang lặp lại, đã thấy 7 phiên khớp",CONFIRMED,BET,XIU,0.6495,,0.9941,4,False,,,,,,,,FOLLOW,XIU,"[ADAPTIVE-HOLD] p̂=59.1% n_eff=38.8 (chưa đủ bằng chứng để đảo, |flip_score|<0.9) → size 100%.",False,0,
2026-08-19,2026-08-19 10:35:40,10:35:40,3121813,XXXXXXTTXTTXT,1T,XIU,27720,SNIPER_LOW,[BET] p=64.9% ≥ θ=61.0%. Hướng X. [DRIFT -1 bậc],65,5-6-2,13,TAI,LOSS,False,-27720,70.63215957216866,0.0,0.0,70.63215957216866,TAI,False,True,,134.0483,50.0,49443121.0,-556879.0,-1.113758,49.122807017543856,56,58,0,2,3.6,5.3,False,False,False,0,15000000.0,-3.7,0,65000000,50000000.0,False,False,False,False,False,0.0,0.0,NEUTRAL,TXTXXTXTXXXXXXTTXTTXT,False,-556879.0,49443121.0,56,58,49.1,49443121.0,200,,SIDEWAY,,0.5431,True,True,XXXXXXTTXTTXT,TXTXXTXTXXXXXXTTXTTXT,,,,,,,ALTERNATING (NHAY),NORMAL,"Motif 'TXT' (chu kỳ 3) đang lặp lại, đã thấy 8 phiên khớp",CONFIRMED,BET,XIU,0.6495,,0.9941,4,False,,,,,,,,REDUCE_SIZE,XIU,"[ADAPTIVE-HOLD] p̂=30.8% n_eff=21.2 (chưa đủ bằng chứng để đảo, |flip_score|<0.9) → size 50%.",False,0,
2026-08-19,2026-08-19 10:36:51,10:36:51,3121814,XXXXXTTXTTXTT,2T,XIU,49207,SNIPER_LOW,"[BẺ→BÁM] micro=NEUTRAL lag1=-0.09 → không phá PERIOD, bám X [DRIFT -1 bậc]",64,6-2-4,12,TAI,LOSS,False,-49207,81.86051667304251,0.0,0.0,81.86051667304251,XIU,False,True,,136.6929,50.0,49393914.0,-606086.0,-1.212172,48.69565217391305,56,59,0,3,3.7,5.3,False,False,False,0,15000000.0,-4.0,0,65000000,50000000.0,False,False,False,False,False,0.0,0.0,NEUTRAL,XTXXTXTXXXXXXTTXTTXTT,False,-606086.0,49393914.0,56,59,48.7,49393914.0,200,,UP (TAI),,0.6726,True,True,XXXXXTTXTTXTT,XTXXTXTXXXXXXTTXTTXTT,,,,,,,CHOPPY (RAC),POOR,"Motif 'XTT' (chu kỳ 3) đang lặp lại, đã thấy 9 phiên khớp",CONFIRMED,BET,XIU,0.6495,,0.9941,4,False,,,,,,,,FOLLOW,XIU,"[ADAPTIVE-HOLD] p̂=60.0% n_eff=25.0 (chưa đủ bằng chứng để đảo, |flip_score|<0.9) → size 100%.",False,0,
2026-08-19,2026-08-19 10:38:02,10:38:02,3121815,XXXXTTXTTXTTT,3T,XIU,62973,SNIPER_MID,[BẮT RÁC] online fadeWR=0.56 followWR=0.42 nF=105 nFo=0 sc=3 | đu BET. Lật → X,64,2-2-3,7,XIU,WIN,True,61714,3.7230519275755434,0.0,0.0,3.7230519275755434,XIU,False,True,,53.1813,50.0,49455627.0,-544373.0,-1.088746,49.137931034482754,57,59,1,0,3.7,5.3,False,False,False,0,15000000.0,-3.6,0,65000000,50000000.0,False,False,False,False,False,0.0,0.0,NEUTRAL,TXXTXTXXXXXXTTXTTXTTT,False,-544373.0,49455627.0,57,59,49.1,49455627.0,200,,SIDEWAY,,0.0738,False,False,XXXXTTXTTXTTT,TXXTXTXXXXXXTTXTTXTTT,,,,,,,CHOPPY (RAC),POOR,Bet T dang chay 3 ván liên tiếp,CONFIRMED,BET,XIU,0.6495,,0.9941,4,False,,,,,,,,REDUCE_SIZE,XIU,"[ADAPTIVE-HOLD] p̂=47.8% n_eff=28.5 (chưa đủ bằng chứng để đảo, |flip_score|<0.9) → size 94%.",False,0,
2026-08-19,2026-08-19 10:39:13,10:39:13,3121816,XXXTTXTTXTTTX,1X,XIU,116152,SNIPER_MID,[BẮT RÁC] online fadeWR=0.57 followWR=0.42 nF=106 nFo=0 sc=1 | đu NGHIENG_7. Lật → X,64,1-6-2,9,XIU,WIN,True,113829,72.78073230657242,0.0,0.0,72.78073230657242,TAI,False,True,,146.1517,50.0,49569455.0,-430545.0,-0.8610899999999999,49.572649572649574,58,59,2,0,3.7,5.3,False,False,False,0,15000000.0,-2.9,0,65000000,50000000.0,False,False,False,False,False,0.0,0.0,NEUTRAL,XXTXTXXXXXXTTXTTXTTTX,False,-430545.0,49569455.0,58,59,49.6,49569455.0,200,,DOWN (XIU),,0.6157,True,False,XXXTTXTTXTTTX,XXTXTXXXXXXTTXTTXTTTX,,,,,,,CHOPPY (RAC),POOR,Nghiêng T 5/7 phiên gần nhất,CONFIRMED,BET,XIU,0.6495,,0.9941,4,False,,,,,,,,FOLLOW,XIU,"[ADAPTIVE-HOLD] p̂=55.6% n_eff=41.0 (chưa đủ bằng chứng để đảo, |flip_score|<0.9) → size 100%.",False,0,
2026-08-19,2026-08-19 10:40:24,10:40:24,3121817,XXTTXTTXTTTXX,2X,XIU,111817,SNIPER_MID,[BET] p=64.9% ≥ θ=61.0%. Hướng X.,65,2-3-1,6,XIU,WIN,True,109581,73.64609190870145,0.0,0.0,73.64609190870145,XIU,False,True,,72.9627,50.0,49679035.0,-320965.0,-0.64193,50.0,59,59,3,0,3.7,5.3,False,False,False,0,15000000.0,-2.1,0,65000000,50000000.0,False,False,False,False,False,0.0,0.0,NEUTRAL,XTXTXXXXXXTTXTTXTTTXX,False,-320965.0,49679035.0,59,59,50.0,49679035.0,200,,SIDEWAY,,0.5986,False,False,XXTTXTTXTTTXX,XTXTXXXXXXTTXTTXTTTXX,,,,,,,CHOPPY (RAC),POOR,Mới 2 ván X liên tiếp — có thể đang hình thành bệt,FORMING,BET,XIU,0.6495,,0.9941,4,False,,,,,,,,FOLLOW,XIU,"[ADAPTIVE-HOLD] p̂=53.3% n_eff=26.7 (chưa đủ bằng chứng để đảo, |flip_score|<0.9) → size 100%.",False,0,
2026-08-19,2026-08-19 10:41:35,10:41:35,3121818,XTTXTTXTTTXXX,3X,XIU,130305,SNIPER_MID,[BET] p=64.9% ≥ θ=60.0%. Hướng X.,65,4-6-3,13,TAI,LOSS,False,-130305,34.14766296785795,0.0,0.0,34.14766296785795,XIU,False,True,,113.2301,50.0,49548730.0,-451270.0,-0.9025399999999999,49.57983193277311,59,60,0,1,3.4,5.3,False,False,False,0,15000000.0,-3.0,0,65000000,50000000.0,False,False,False,False,False,0.0,0.0,NEUTRAL,TXTXXXXXXTTXTTXTTTXXX,False,-451270.0,49548730.0,59,60,49.6,49548730.0,200,,SIDEWAY,,0.5926,False,False,XTTXTTXTTTXXX,TXTXXXXXXTTXTTXTTTXXX,,,,,,,CLUSTERING (BET),POOR,Bet X dang chay 3 ván liên tiếp,CONFIRMED,BET,XIU,0.6495,,0.9941,4,False,,,,,,,,FOLLOW,XIU,"[ADAPTIVE-HOLD] p̂=61.5% n_eff=25.0 (chưa đủ bằng chứng để đảo, |flip_score|<0.9) → size 100%.",False,0,
2026-08-19,2026-08-19 10:42:46,10:42:46,3121819,TTXTTXTTTXXXT,1T,XIU,117121,SNIPER_MID,[BET] p=64.9% ≥ θ=61.0%. Hướng X.,65,6-6-6,18,TAI,LOSS,False,-117121,90.40786279043456,0.0,0.0,90.40786279043456,TAI,False,True,,204.6923,50.0,49431609.0,-568391.0,-1.1367820000000002,49.166666666666664,59,61,0,2,3.6,5.3,False,False,False,0,15000000.0,-3.8,0,65000000,50000000.0,False,False,False,False,False,0.0,0.0,NEUTRAL,XTXXXXXXTTXTTXTTTXXXT,False,-568391.0,49431609.0,59,61,49.2,49431609.0,200,,SIDEWAY,,0.0831,True,False,TTXTTXTTTXXXT,XTXXXXXXTTXTTXTTTXXXT,,,,,,,CHOPPY (RAC),POOR,"Motif 'TXTTTXXXT' (chu kỳ 9) đang lặp lại, đã thấy 11 phiên khớp",FORMING,BET,XIU,0.6495,,0.9941,4,False,,,,,,,,REDUCE_SIZE,XIU,"[ADAPTIVE-HOLD] p̂=48.3% n_eff=22.3 (chưa đủ bằng chứng để đảo, |flip_score|<0.9) → size 96%.",False,0,
2026-08-19,2026-08-19 10:43:57,10:43:57,3121820,TXTTXTTTXXXTT,2T,XIU,91048,SNIPER_MID,[BET] p=64.9% ≥ θ=60.9%. Hướng X.,65,4-1-4,9,XIU,WIN,True,89227,97.3844032883677,0.0,0.0,97.3844032883677,TAI,False,True,,185.3665,50.0,49520836.0,-479164.0,-0.958328,49.586776859504134,60,61,1,0,3.6,5.3,False,False,False,0,15000000.0,-3.2,0,65000000,50000000.0,False,False,False,False,False,0.0,0.0,NEUTRAL,TXXXXXXTTXTTXTTTXXXTT,False,-479164.0,49520836.0,60,61,49.6,49520836.0,200,,UP (TAI),,0.7855,True,False,TXTTXTTTXXXTT,TXXXXXXTTXTTXTTTXXXTT,,,,,,,CHOPPY (RAC),POOR,"Motif 'XTTTXXXTT' (chu kỳ 9) đang lặp lại, đã thấy 12 phiên khớp",FORMING,BET,XIU,0.6495,,0.9941,4,False,,,,,,,,REDUCE_SIZE,XIU,"[ADAPTIVE-HOLD] p̂=46.7% n_eff=22.8 (chưa đủ bằng chứng để đảo, |flip_score|<0.9) → size 91%.",False,0,
2026-08-19,2026-08-19 10:45:08,10:45:08,3121821,XTTXTTTXXXTTX,1X,XIU,116025,SNIPER_MID,[BẮT RÁC] online fadeWR=0.59 followWR=0.42 nF=107 nFo=0 sc=1 | đu TANG_GIAM_3-2-1. Lật → X,64,3-4-3,10,XIU,WIN,True,113704,6.8362839860393505,0.0,0.0,6.8362839860393505,XIU,False,True,,152.7276,50.0,49634540.0,-365460.0,-0.73092,50.0,61,61,2,0,3.6,5.3,False,False,False,0,15000000.0,-2.4,0,65000000,50000000.0,False,False,False,False,False,0.0,0.0,NEUTRAL,XXXXXXTTXTTXTTTXXXTTX,False,-365460.0,49634540.0,61,61,50.0,49634540.0,200,,SIDEWAY,,0.2193,False,False,XTTXTTTXXXTTX,XXXXXXTTXTTXTTTXXXTTX,,,,,,,CHOPPY (RAC),POOR,Khớp đúng mẫu tăng giảm 3-2-1 ở 3 đoạn gần nhất,CONFIRMED,BET,XIU,0.6495,,0.9941,4,False,,,,,,,,FOLLOW,XIU,"[ADAPTIVE-HOLD] p̂=64.2% n_eff=31.9 (chưa đủ bằng chứng để đảo, |flip_score|<0.9) → size 100%.",False,0,
2026-08-19,2026-08-19 10:46:19,10:46:19,3121822,TTXTTTXXXTTXX,2X,TAI,132217,SNIPER_MID,[BẮT RÁC] online fadeWR=0.60 followWR=0.42 nF=108 nFo=0 sc=2 | đu NGHIENG_7. Lật → T,64,2-6-3,11,TAI,WIN,True,129573,21.34442634898342,0.0,0.0,21.34442634898342,TAI,False,True,,72.2833,50.0,49764112.0,-235888.0,-0.471776,50.40650406504065,62,61,3,0,3.6,5.3,False,False,False,0,15000000.0,-1.6,0,65000000,50000000.0,False,False,False,False,False,0.0,0.0,NEUTRAL,XXXXXTTXTTXTTTXXXTTXX,False,-235888.0,49764112.0,62,61,50.4,49764112.0,200,,SIDEWAY,,0.2191,True,False,TTXTTTXXXTTXX,XXXXXTTXTTXTTTXXXTTXX,,,,,,,CHOPPY (RAC),POOR,Nghiêng X 5/7 phiên gần nhất,CONFIRMED,BET,XIU,0.6495,,0.9941,4,False,,,,,,,,FOLLOW,TAI,"[ADAPTIVE-HOLD] p̂=50.9% n_eff=30.4 (chưa đủ bằng chứng để đảo, |flip_score|<0.9) → size 100%.",False,0,
2026-08-19,2026-08-19 10:47:30,10:47:30,3121823,TXTTTXXXTTXXT,1T,XIU,98119,SNIPER_MID,[BET] p=64.9% ≥ θ=61.0%. Hướng X.,65,2-1-6,9,XIU,WIN,True,96157,91.65636134798677,0.0,0.0,91.65636134798677,TAI,False,True,,156.7661,50.0,49860268.0,-139732.0,-0.279464,50.806451612903224,63,61,4,0,3.6,5.3,False,False,False,0,15000000.0,-0.9,0,65000000,50000000.0,False,False,False,False,False,0.0,0.0,NEUTRAL,XXXXTTXTTXTTTXXXTTXXT,False,-139732.0,49860268.0,63,61,50.8,49860268.0,200,,UP (TAI),,0.3596,False,False,TXTTTXXXTTXXT,XXXXTTXTTXTTTXXXTTXXT,,,,,,,CHOPPY (RAC),POOR,"Motif 'TTXXXTTXXT' (chu kỳ 10) đang lặp lại, đã thấy 12 phiên khớp",FORMING,BET,XIU,0.6495,,0.9941,4,False,,,,,,,,REDUCE_SIZE,XIU,"[ADAPTIVE-HOLD] p̂=40.5% n_eff=24.5 (chưa đủ bằng chứng để đảo, |flip_score|<0.9) → size 75%.",False,0,
2026-08-19,2026-08-19 10:48:41,10:48:41,3121824,XTTTXXXTTXXTX,1X,XIU,150450,SNIPER_MID,[BET] p=64.9% ≥ θ=61.0%. Hướng X.,65,3-6-6,15,TAI,LOSS,False,-150450,28.32353644545617,0.0,0.0,28.32353644545617,XIU,False,True,,96.3932,50.0,49709818.0,-290182.0,-0.580364,50.4,63,62,0,1,3.1,5.3,False,False,False,0,15000000.0,-1.9,0,65000000,50000000.0,False,False,False,False,False,0.0,0.0,NEUTRAL,XXXTTXTTXTTTXXXTTXXTX,False,-290182.0,49709818.0,63,62,50.4,49709818.0,200,,SIDEWAY,,0.5108,False,False,XTTTXXXTTXXTX,XXXTTXTTXTTTXXXTTXXTX,,,,,,,CHOPPY (RAC),POOR,"Motif 'XXTTXXTX' (chu kỳ 8) đang lặp lại, đã thấy 10 phiên khớp",FORMING,BET,XIU,0.6495,,0.9941,4,False,,,,,,,,FOLLOW,XIU,"[ADAPTIVE-HOLD] p̂=58.5% n_eff=25.0 (chưa đủ bằng chứng để đảo, |flip_score|<0.9) → size 100%.",False,0,
2026-08-19,2026-08-19 10:49:52,10:49:52,3121825,TTTXXXTTXXTXT,1T,TAI,115545,SNIPER_MID,[BET] p=64.9% ≥ θ=61.0%. Hướng X.,65,2-1-2,5,XIU,LOSS,False,-115545,93.5452766196079,0.0,0.0,93.5452766196079,XIU,False,True,,145.8774,50.0,49594273.0,-405727.0,-0.811454,50.0,63,63,0,2,3.3,5.3,False,False,False,0,15000000.0,-2.7,0,65000000,50000000.0,False,False,False,False,False,0.0,0.0,NEUTRAL,XXTTXTTXTTTXXXTTXXTXT,False,-405727.0,49594273.0,63,63,50.0,49594273.0,200,,SIDEWAY,,0.6045,False,False,TTTXXXTTXXTXT,XXTTXTTXTTTXXXTTXXTXT,,,,,,,ALTERNATING (NHAY),POOR,"Motif 'TXXTXT' (chu kỳ 6) đang lặp lại, đã thấy 8 phiên khớp",FORMING,BET,XIU,0.6495,,0.9941,4,False,,,,,,,,FADE,XIU,"[ADAPTIVE-FADE] p̂=31.0% n_eff=26.0 flip_score=-0.97 → đảo, size 82%.",False,0,
2026-08-19,2026-08-19 10:51:03,10:51:03,3121826,TTXXXTTXXTXTX,1X,—,0,SKIP,[BET] p=64.9% ≥ θ=61.0%. Hướng X.,0,3-3-5,11,TAI,SKIP,False,0,16.139056943720153,0.0,0.0,16.139056943720153,TAI,False,True,,2386.1258,50.0,49594273.0,-405727.0,-0.811454,50.0,63,63,0,2,3.3,5.3,False,False,False,0,15000000.0,-2.7,0,65000000,50000000.0,False,False,False,False,False,0.0,0.0,NEUTRAL,XTTXTTXTTTXXXTTXXTXTX,False,-405727.0,49594273.0,63,63,50.0,49594273.0,200,[BET] p=64.9% ≥ θ=61.0%. Hướng X.,SIDEWAY,,0.5796,True,False,TTXXXTTXXTXTX,XTTXTTXTTTXXXTTXXTXTX,,,,,,,ALTERNATING (NHAY),POOR,"Motif 'XXTTXXTXTX' (chu kỳ 10) đang lặp lại, đã thấy 12 phiên khớp",FORMING,BET,XIU,0.6495,,0.9941,4,False,,,,,,,,REDUCE_SIZE,XIU,"[ADAPTIVE-HOLD] p̂=45.4% n_eff=23.5 (chưa đủ bằng chứng để đảo, |flip_score|<0.9) → size 88%.",False,0,
2026-08-19,2026-08-19 10:52:14,10:52:14,3121827,TXXXTTXXTXTXT,1T,TAI,109461,SNIPER_MID,[BET] p=64.9% ≥ θ=61.0%. Hướng X.,65,5-6-5,16,TAI,WIN,True,107272,92.24749494845297,0.0,0.0,92.24749494845297,XIU,False,True,,313.7974,50.0,49701544.0,-298456.0,-0.596912,50.39370078740157,64,63,1,0,3.3,5.3,False,False,False,0,15000000.0,-2.0,0,65000000,50000000.0,False,False,False,False,False,0.0,0.0,NEUTRAL,TTXTTXTTTXXXTTXXTXTXT,False,-298456.0,49701544.0,64,63,50.4,49701544.0,200,,SIDEWAY,,0.2836,True,False,TXXXTTXXTXTXT,TTXTTXTTTXXXTTXXTXTXT,,,,,,,ALTERNATING (NHAY),POOR,"Motif 'XT' (chu kỳ 2) đang lặp lại, đã thấy 6 phiên khớp",CONFIRMED,BET,XIU,0.6495,,0.9941,4,False,,,,,,,,FADE,XIU,"[ADAPTIVE-FADE] p̂=28.4% n_eff=27.9 flip_score=-1.14 → đảo, size 85%.",False,0,
2026-08-19,2026-08-19 10:53:25,10:53:25,3121828,XXXTTXXTXTXTT,2T,XIU,106969,SNIPER_MID,[BET] p=64.9% ≥ θ=60.0%. Hướng X.,65,4-5-2,11,TAI,LOSS,False,-106969,16.114119120061098,0.0,0.0,16.114119120061098,TAI,False,True,,72.9355,50.0,49594575.0,-405425.0,-0.81085,50.0,64,64,0,1,3.3,5.3,False,False,False,0,15000000.0,-2.7,0,65000000,50000000.0,False,False,False,False,False,0.0,0.0,NEUTRAL,TXTTXTTTXXXTTXXTXTXTT,False,-405425.0,49594575.0,64,64,50.0,49594575.0,200,,UP (TAI),,0.5351,False,False,XXXTTXXTXTXTT,TXTTXTTTXXXTTXXTXTXTT,,,,,,,ALTERNATING (NHAY),POOR,"Motif 'XXTXTXTT' (chu kỳ 8) đang lặp lại, đã thấy 11 phiên khớp",FORMING,BET,XIU,0.6495,,0.9941,4,False,,,,,,,,REDUCE_SIZE,XIU,"[ADAPTIVE-HOLD] p̂=38.9% n_eff=23.4 (chưa đủ bằng chứng để đảo, |flip_score|<0.9) → size 71%.",False,0,
2026-08-19,2026-08-19 10:54:36,10:54:36,3121829,XXTTXXTXTXTTT,3T,XIU,124439,SNIPER_MID,[BẮT RÁC] online fadeWR=0.62 followWR=0.42 nF=109 nFo=0 sc=3 | đu BET. Lật → X,64,5-1-5,11,TAI,LOSS,False,-124439,8.776325082955234,0.0,0.0,8.776325082955234,TAI,False,True,,141.96,50.0,49470136.0,-529864.0,-1.059728,49.6124031007752,64,65,0,2,3.6,5.3,False,False,False,0,15000000.0,-3.5,0,65000000,50000000.0,False,False,False,False,False,0.0,0.0,NEUTRAL,XTTXTTTXXXTTXXTXTXTTT,False,-529864.0,49470136.0,64,65,49.6,49470136.0,200,,SIDEWAY,,0.3631,False,False,XXTTXXTXTXTTT,XTTXTTTXXXTTXXTXTXTTT,,,,,,,CHOPPY (RAC),POOR,Bet T dang chay 3 ván liên tiếp,CONFIRMED,BET,XIU,0.6495,,0.9941,4,False,,,,,,,,FOLLOW,XIU,"[ADAPTIVE-HOLD] p̂=51.9% n_eff=31.6 (chưa đủ bằng chứng để đảo, |flip_score|<0.9) → size 100%.",False,0,
2026-08-19,2026-08-19 10:55:47,10:55:47,3121830,XTTXXTXTXTTTT,4T,XIU,93380,SNIPER_MID,[BẮT RÁC] online fadeWR=0.61 followWR=0.42 nF=110 nFo=0 sc=4 | đu BET. Lật → X,64,6-3-1,10,XIU,WIN,True,91512,75.35065659821105,0.0,0.0,75.35065659821105,TAI,False,True,,160.5591,50.0,49561648.0,-438352.0,-0.876704,50.0,65,65,1,0,3.6,5.3,False,False,False,0,15000000.0,-2.9,0,65000000,50000000.0,False,False,False,False,False,0.0,0.0,NEUTRAL,TTXTTTXXXTTXXTXTXTTTT,False,-438352.0,49561648.0,65,65,50.0,49561648.0,200,,SIDEWAY,,0.4457,False,False,XTTXXTXTXTTTT,TTXTTTXXXTTXXTXTXTTTT,,,,,,,CHOPPY (RAC),POOR,Bet T dang chay 4 ván liên tiếp,CONFIRMED,BET,XIU,0.6495,,0.9941,4,False,,,,,,,,FOLLOW,XIU,"[ADAPTIVE-HOLD] p̂=50.9% n_eff=32.0 (chưa đủ bằng chứng để đảo, |flip_score|<0.9) → size 100%.",False,0,
2026-08-19,2026-08-19 10:56:58,10:56:58,3121831,TTXXTXTXTTTTX,1X,XIU,105553,SNIPER_MID,[BẮT RÁC] online fadeWR=0.61 followWR=0.42 nF=111 nFo=0 sc=1 | đu NGHIENG_5. Lật → X,64,5-2-6,13,TAI,LOSS,False,-105553,36.50696489261483,0.0,0.0,36.50696489261483,TAI,False,True,,58.4136,50.0,49456095.0,-543905.0,-1.08781,49.61832061068702,65,66,0,1,3.6,5.3,False,False,False,0,15000000.0,-3.6,0,65000000,50000000.0,False,False,False,False,False,0.0,0.0,NEUTRAL,TXTTTXXXTTXXTXTXTTTTX,False,-543905.0,49456095.0,65,66,49.6,49456095.0,200,,DOWN (XIU),,0.4456,True,False,TTXXTXTXTTTTX,TXTTTXXXTTXXTXTXTTTTX,,,,,,,CHOPPY (RAC),POOR,Nghiêng T 4/5 phiên gần nhất,CONFIRMED,BET,XIU,0.6495,,0.9941,4,False,,,,,,,,FOLLOW,XIU,"[ADAPTIVE-HOLD] p̂=51.0% n_eff=36.5 (chưa đủ bằng chứng để đảo, |flip_score|<0.9) → size 100%.",False,0,
2026-08-19,2026-08-19 10:58:09,10:58:09,3121832,TXXTXTXTTTTXT,1T,XIU,56517,SNIPER_MID,[BẮT RÁC] online fadeWR=0.59 followWR=0.42 nF=112 nFo=0 sc=1 | đu NGHIENG_5. Lật → X,64,1-4-3,8,XIU,WIN,True,55387,41.813338057145224,0.0,0.0,41.813338057145224,TAI,False,True,,85.7838,50.0,49511481.0,-488519.0,-0.9770380000000001,50.0,66,66,1,0,3.6,5.3,False,False,False,0,15000000.0,-3.3,0,65000000,50000000.0,False,False,False,False,False,0.0,0.0,NEUTRAL,XTTTXXXTTXXTXTXTTTTXT,False,-488519.0,49511481.0,66,66,50.0,49511481.0,200,,SIDEWAY,,0.3705,True,False,TXXTXTXTTTTXT,XTTTXXXTTXXTXTXTTTTXT,,,,,,,CHOPPY (RAC),POOR,Nghiêng T 4/5 phiên gần nhất,CONFIRMED,BET,XIU,0.6495,,0.9941,4,False,,,,,,,,REDUCE_SIZE,XIU,"[ADAPTIVE-HOLD] p̂=45.4% n_eff=38.0 (chưa đủ bằng chứng để đảo, |flip_score|<0.9) → size 88%.",False,0,
2026-08-19,2026-08-19 10:59:20,10:59:20,3121833,XXTXTXTTTTXTX,1X,XIU,52449,SNIPER_MID,[BET] p=64.9% ≥ θ=64.0%. Hướng X.,65,3-5-6,14,TAI,LOSS,False,-52449,85.06183380739407,0.0,0.0,85.06183380739407,TAI,False,True,,189.9841,50.0,49459032.0,-540968.0,-1.081936,49.62406015037594,66,67,0,1,3.6,5.3,False,False,False,0,15000000.0,-3.6,0,65000000,50000000.0,False,False,False,False,False,0.0,0.0,NEUTRAL,TTTXXXTTXXTXTXTTTTXTX,False,-540968.0,49459032.0,66,67,49.6,49459032.0,200,,SIDEWAY,,0.5529,True,False,XXTXTXTTTTXTX,TTTXXXTTXXTXTXTTTTXTX,,,,,,,ALTERNATING (NHAY),POOR,Nghiêng T 5/7 phiên gần nhất,CONFIRMED,BET,XIU,0.6495,,0.9941,4,False,,,,,,,,REDUCE_SIZE,XIU,"[ADAPTIVE-HOLD] p̂=36.0% n_eff=27.4 (chưa đủ bằng chứng để đảo, |flip_score|<0.9) → size 64%.",False,0,
2026-08-19,2026-08-19 11:00:31,11:00:31,3121834,XTXTXTTTTXTXT,1T,XIU,48314,SNIPER_MID,[BET] p=64.9% ≥ θ=64.0%. Hướng X.,65,2-4-6,12,TAI,LOSS,False,-48314,86.82763946490054,0.0,0.0,86.82763946490054,XIU,False,True,,107.4949,50.0,49410718.0,-589282.0,-1.178564,49.25373134328358,66,68,0,2,3.7,5.3,False,False,False,0,15000000.0,-3.9,0,65000000,50000000.0,False,False,False,False,False,0.0,0.0,NEUTRAL,TTXXXTTXXTXTXTTTTXTXT,False,-589282.0,49410718.0,66,68,49.3,49410718.0,200,,SIDEWAY,,0.3732,True,False,XTXTXTTTTXTXT,TTXXXTTXXTXTXTTTTXTXT,,,,,,,ALTERNATING (NHAY),NORMAL,Nghiêng T 5/7 phiên gần nhất,CONFIRMED,BET,XIU,0.6495,,0.9941,4,False,,,,,,,,REDUCE_SIZE,XIU,"[ADAPTIVE-HOLD] p̂=34.7% n_eff=30.8 (chưa đủ bằng chứng để đảo, |flip_score|<0.9) → size 60%.",False,0,
2026-08-19,2026-08-19 11:01:42,11:01:42,3121835,TXTXTTTTXTXTT,2T,XIU,45563,SNIPER_MID,[BET] p=64.9% ≥ θ=62.7%. Hướng X.,65,3-4-2,9,XIU,WIN,True,44652,58.718608134547026,0.0,0.0,58.718608134547026,TAI,False,True,,106.6144,50.0,49455369.0,-544631.0,-1.089262,49.629629629629626,67,68,1,0,3.7,5.3,False,False,False,0,15000000.0,-3.6,0,65000000,50000000.0,False,False,False,False,False,0.0,0.0,NEUTRAL,TXXXTTXXTXTXTTTTXTXTT,False,-544631.0,49455369.0,67,68,49.6,49455369.0,200,,SIDEWAY,,0.5913,True,False,TXTXTTTTXTXTT,TXXXTTXXTXTXTTTTXTXTT,,,,,,,ALTERNATING (NHAY),NORMAL,Nghiêng T 5/7 phiên gần nhất,CONFIRMED,BET,XIU,0.6495,,0.9941,4,False,,,,,,,,REDUCE_SIZE,XIU,"[ADAPTIVE-HOLD] p̂=35.2% n_eff=25.3 (chưa đủ bằng chứng để đảo, |flip_score|<0.9) → size 62%.",False,0,
2026-08-19,2026-08-19 11:02:53,11:02:53,3121836,XTXTTTTXTXTTX,1X,TAI,68427,SNIPER_MID,[BET] p=64.9% ≥ θ=64.0%. Hướng X.,65,6-6-6,18,TAI,WIN,True,67058,62.52173246129106,0.0,0.0,62.52173246129106,TAI,False,True,,28.8284,50.0,49522427.0,-477573.0,-0.9551459999999999,50.0,68,68,2,0,3.7,5.3,False,False,False,0,15000000.0,-3.2,0,65000000,50000000.0,False,False,False,False,False,0.0,0.0,NEUTRAL,XXXTTXXTXTXTTTTXTXTTX,False,-477573.0,49522427.0,68,68,50.0,49522427.0,200,,DOWN (XIU),,0.5306,False,False,XTXTTTTXTXTTX,XXXTTXXTXTXTTTTXTXTTX,,,,,,,ALTERNATING (NHAY),NORMAL,Khớp đúng mẫu tăng giảm 1-2-1 ở 3 đoạn gần nhất,CONFIRMED,BET,XIU,0.6495,,0.9941,4,False,,,,,,,,FADE,XIU,"[ADAPTIVE-FADE] p̂=31.7% n_eff=29.8 flip_score=-1.00 → đảo, size 81%.",False,0,
2026-08-19,2026-08-19 11:04:04,11:04:04,3121837,TXTTTTXTXTTXT,1T,XIU,49961,SNIPER_MID,[BET] p=64.9% ≥ θ=64.0%. Hướng X.,65,2-4-3,9,XIU,WIN,True,48962,82.85826167769504,0.0,0.0,82.85826167769504,TAI,False,True,,167.84,50.0,49571388.0,-428612.0,-0.857224,50.36496350364964,69,68,3,0,3.7,5.3,False,False,False,0,15000000.0,-2.9,0,65000000,50000000.0,False,False,False,False,False,0.0,0.0,NEUTRAL,XXTTXXTXTXTTTTXTXTTXT,False,-428612.0,49571388.0,69,68,50.4,49571388.0,200,,SIDEWAY,,0.3028,True,False,TXTTTTXTXTTXT,XXTTXXTXTXTTTTXTXTTXT,,,,,,,ALTERNATING (NHAY),NORMAL,"Motif 'TXT' (chu kỳ 3) đang lặp lại, đã thấy 6 phiên khớp",CONFIRMED,BET,XIU,0.6495,,0.9941,4,False,,,,,,,,REDUCE_SIZE,XIU,"[ADAPTIVE-HOLD] p̂=39.5% n_eff=31.2 (chưa đủ bằng chứng để đảo, |flip_score|<0.9) → size 73%.",False,0,
2026-08-19,2026-08-19 11:05:15,11:05:15,3121838,XTTTTXTXTTXTX,1X,XIU,58916,SNIPER_MID,[BET] p=64.9% ≥ θ=64.0%. Hướng X.,65,5-4-6,15,TAI,LOSS,False,-58916,94.31845422775407,0.0,0.0,94.31845422775407,TAI,False,True,,189.8295,50.0,49512472.0,-487528.0,-0.975056,50.0,69,69,0,1,3.5,5.3,False,False,False,0,15000000.0,-3.3,0,65000000,50000000.0,False,False,False,False,False,0.0,0.0,NEUTRAL,XTTXXTXTXTTTTXTXTTXTX,False,-487528.0,49512472.0,69,69,50.0,49512472.0,200,,SIDEWAY,,0.6335,True,False,XTTTTXTXTTXTX,XTTXXTXTXTTTTXTXTTXTX,,,,,,,ALTERNATING (NHAY),NORMAL,"Motif 'TTXTX' (chu kỳ 5) đang lặp lại, đã thấy 10 phiên khớp",CONFIRMED,BET,XIU,0.6495,,0.9941,4,False,,,,,,,,REDUCE_SIZE,XIU,"[ADAPTIVE-HOLD] p̂=45.8% n_eff=32.7 (chưa đủ bằng chứng để đảo, |flip_score|<0.9) → size 89%.",False,0,
2026-08-19,2026-08-19 11:06:26,11:06:26,3121839,TTTTXTXTTXTXT,1T,TAI,45581,SNIPER_MID,[BET] p=64.9% ≥ θ=64.0%. Hướng X.,65,5-6-6,17,TAI,WIN,True,44669,85.58480833040946,0.0,0.0,85.58480833040946,XIU,False,True,,228.9368,50.0,49557141.0,-442859.0,-0.8857179999999999,50.35971223021583,70,69,1,0,3.5,5.3,False,False,False,0,15000000.0,-3.0,0,65000000,50000000.0,False,False,False,False,False,0.0,0.0,NEUTRAL,TTXXTXTXTTTTXTXTTXTXT,False,-442859.0,49557141.0,70,69,50.4,49557141.0,200,,SIDEWAY,,0.2228,True,False,TTTTXTXTTXTXT,TTXXTXTXTTTTXTXTTXTXT,,,,,,,ALTERNATING (NHAY),NORMAL,"Motif 'TXTXT' (chu kỳ 5) đang lặp lại, đã thấy 11 phiên khớp",CONFIRMED,BET,XIU,0.6495,,0.9941,4,False,,,,,,,,FADE,XIU,"[ADAPTIVE-FADE] p̂=33.1% n_eff=34.2 flip_score=-0.99 → đảo, size 79%.",False,0,
2026-08-19,2026-08-19 11:07:37,11:07:37,3121840,TTTXTXTTXTXTT,2T,XIU,56287,SNIPER_MID,"[BẺ→BÁM] micro=CHAOS lag1=-0.27 → không phá PERIOD, bám X",64,6-5-5,16,TAI,LOSS,False,-56287,71.24499092263417,0.0,0.0,71.24499092263417,TAI,False,True,,130.6111,50.0,49500854.0,-499146.0,-0.998292,50.0,70,70,0,1,3.5,5.3,False,False,False,0,15000000.0,-3.3,0,65000000,50000000.0,False,False,False,False,False,0.0,0.0,NEUTRAL,TXXTXTXTTTTXTXTTXTXTT,False,-499146.0,49500854.0,70,70,50.0,49500854.0,200,,UP (TAI),,0.3321,True,False,TTTXTXTTXTXTT,TXXTXTXTTTTXTXTTXTXTT,,,,,,,ALTERNATING (NHAY),NORMAL,"Motif 'XTXTT' (chu kỳ 5) đang lặp lại, đã thấy 12 phiên khớp",CONFIRMED,BET,XIU,0.6495,,0.9941,4,False,,,,,,,,FOLLOW,XIU,"[ADAPTIVE-HOLD] p̂=51.0% n_eff=28.6 (chưa đủ bằng chứng để đảo, |flip_score|<0.9) → size 100%.",False,0,
2026-08-19,2026-08-19 11:08:48,11:08:48,3121841,TTXTXTTXTXTTT,3T,XIU,18082,SNIPER_LOW,[BET] p=64.9% ≥ θ=62.7%. Hướng X. [ADAPT-SIZE×0.42 →LOW],65,4-2-1,7,XIU,WIN,True,17720,87.4179530195276,0.0,0.0,87.4179530195276,TAI,False,True,,113.6774,50.0,49518574.0,-481426.0,-0.9628519999999999,50.35460992907801,71,70,1,0,3.5,5.3,False,False,False,0,15000000.0,-3.2,0,65000000,50000000.0,False,False,False,False,False,0.0,0.0,NEUTRAL,XXTXTXTTTTXTXTTXTXTTT,False,-481426.0,49518574.0,71,70,50.4,49518574.0,200,,SIDEWAY,,0.3478,False,False,TTXTXTTXTXTTT,XXTXTXTTTTXTXTTXTXTTT,,,,,,,ALTERNATING (NHAY),NORMAL,Bet T dang chay 3 ván liên tiếp,CONFIRMED,BET,XIU,0.6495,,0.9941,4,False,,,,,,,,REDUCE_SIZE,XIU,"[ADAPTIVE-HOLD] p̂=40.1% n_eff=28.1 (chưa đủ bằng chứng để đảo, |flip_score|<0.9) → size 74%.",False,0,
2026-08-19,2026-08-19 11:09:59,11:09:59,3121842,TXTXTTXTXTTTX,1X,—,0,SKIP,[ADAPT-THRESH] p=64.9% < θ=66.6% (+0.026) state=DEGRADED → SKIP,0,2-4-1,7,XIU,SKIP,False,0,0.36806947512030697,0.0,0.0,0.36806947512030697,TAI,False,True,,2200.1835,50.0,49518574.0,-481426.0,-0.9628519999999999,50.35460992907801,71,70,1,0,3.5,5.3,False,False,False,0,15000000.0,-3.2,0,65000000,50000000.0,False,False,False,False,False,0.0,0.0,NEUTRAL,XTXTXTTTTXTXTTXTXTTTX,False,-481426.0,49518574.0,71,70,50.4,49518574.0,200,[ADAPT-THRESH] p=64.9% < θ=66.6% (+0.026) state=DEGRADED → SKIP,DOWN (XIU),,0.7405,True,False,TXTXTTXTXTTTX,XTXTXTTTTXTXTTXTXTTTX,,,,,,,ALTERNATING (NHAY),NORMAL,"Motif 'TTXTXTTTX' (chu kỳ 9) đang lặp lại, đã thấy 11 phiên khớp",FORMING,BET,XIU,0.6495,,0.9941,4,False,,,,,,,,,,,False,0,
2026-08-19,2026-08-19 11:11:10,11:11:10,3121843,XTXTTXTXTTTXX,2X,—,0,SKIP,[ADAPT-THRESH] p=64.9% < θ=66.6% (+0.026) state=DEGRADED → SKIP,0,5-1-4,10,XIU,SKIP,False,0,0.04529686753991183,0.0,0.0,0.04529686753991183,XIU,False,True,,2258.6131,50.0,49518574.0,-481426.0,-0.9628519999999999,50.35460992907801,71,70,1,0,3.5,5.3,False,False,False,0,15000000.0,-3.2,0,65000000,50000000.0,False,False,False,False,False,0.0,0.0,NEUTRAL,TXTXTTTTXTXTTXTXTTTXX,False,-481426.0,49518574.0,71,70,50.4,49518574.0,200,"[ADAPT-THRESH] p=64.9% < θ=66.6% (+0.026) state=DEGRADED → SKIP, [ADAPT-THRESH] p=64.9% < θ=66.6% (+0.026) state=DEGRADED → SKIP",SIDEWAY,,0.5372,False,False,XTXTTXTXTTTXX,TXTXTTTTXTXTTXTXTTTXX,,,,,,,CHOPPY (RAC),POOR,Mới 2 ván X liên tiếp — có thể đang hình thành bệt,FORMING,BET,XIU,0.6495,,0.9941,4,False,,,,,,,,,,,False,0,
2026-08-19,2026-08-19 11:12:21,11:12:21,3121844,TXTTXTXTTTXXX,3X,TAI,31883,SNIPER_LOW,[BẮT RÁC] online fadeWR=0.61 followWR=0.42 nF=113 nFo=0 sc=3 | đu BET. Lật → T [ADAPT-SIZE×0.53 →LOW],64,1-2-5,8,XIU,LOSS,False,-31883,77.34025228846906,0.0,0.0,77.34025228846906,TAI,False,True,,79.7758,50.0,49486691.0,-513309.0,-1.026618,50.0,71,71,0,1,3.5,5.3,False,False,False,0,15000000.0,-3.4,0,65000000,50000000.0,False,False,False,False,False,0.0,0.0,NEUTRAL,XTXTTTTXTXTTXTXTTTXXX,False,-513309.0,49486691.0,71,71,50.0,49486691.0,200,,UP (TAI),,0.7253,False,False,TXTTXTXTTTXXX,XTXTTTTXTXTTXTXTTTXXX,,,,,,,CHOPPY (RAC),POOR,Bet X dang chay 3 ván liên tiếp,CONFIRMED,BET,XIU,0.6495,,0.9941,4,False,,,,,,,,FOLLOW,TAI,"[ADAPTIVE-HOLD] p̂=51.8% n_eff=34.5 (chưa đủ bằng chứng để đảo, |flip_score|<0.9) → size 100%.",False,0,
2026-08-19,2026-08-19 11:13:32,11:13:32,3121845,XTTXTXTTTXXXX,4X,—,0,SKIP,[ADAPT-THRESH] p=64.9% < θ=65.7% (+0.056) state=DEGRADED → SKIP,0,3-4-4,11,TAI,SKIP,False,0,0.2777415439782423,0.0,0.0,0.2777415439782423,XIU,False,True,,2043.6183,50.0,49486691.0,-513309.0,-1.026618,50.0,71,71,0,1,3.5,5.3,False,False,False,0,15000000.0,-3.4,0,65000000,50000000.0,False,False,False,False,False,0.0,0.0,NEUTRAL,TXTTTTXTXTTXTXTTTXXXX,False,-513309.0,49486691.0,71,71,50.0,49486691.0,200,[ADAPT-THRESH] p=64.9% < θ=65.7% (+0.056) state=DEGRADED → SKIP,SIDEWAY,,0.451,False,False,XTTXTXTTTXXXX,TXTTTTXTXTTXTXTTTXXXX,,,,,,,CLUSTERING (BET),NORMAL,Bet X dang chay 4 ván liên tiếp,CONFIRMED,BET,XIU,0.6495,,0.9941,4,False,,,,,,,,,,,False,0,
2026-08-19,2026-08-19 11:14:43,11:14:43,3121846,TTXTXTTTXXXXT,1T,TAI,20735,SNIPER_LOW,[BẮT RÁC] online fadeWR=0.58 followWR=0.42 nF=114 nFo=0 sc=1 | đu NGHIENG_5. Lật → T [ADAPT-SIZE×0.38 →LOW],64,3-2-6,11,TAI,WIN,True,20320,74.24803425361006,0.0,0.0,74.24803425361006,TAI,False,True,,147.9933,50.0,49507011.0,-492989.0,-0.985978,50.349650349650354,72,71,1,0,3.5,5.3,False,False,False,0,15000000.0,-3.3,0,65000000,50000000.0,False,False,False,False,False,0.0,0.0,NEUTRAL,XTTTTXTXTTXTXTTTXXXXT,False,-492989.0,49507011.0,72,71,50.3,49507011.0,200,,SIDEWAY,,0.667,True,False,TTXTXTTTXXXXT,XTTTTXTXTTXTXTTTXXXXT,,,,,,,CHOPPY (RAC),POOR,Nghiêng X 4/5 phiên gần nhất,CONFIRMED,BET,XIU,0.6495,,0.9941,4,False,,,,,,,,FOLLOW,TAI,"[ADAPTIVE-HOLD] p̂=50.6% n_eff=37.0 (chưa đủ bằng chứng để đảo, |flip_score|<0.9) → size 100%.",False,0,
2026-08-19,2026-08-19 11:15:54,11:15:54,3121847,TXTXTTTXXXXTT,2T,—,0,SKIP,[ADAPT-THRESH] p=64.9% < θ=69.1% (+0.061) state=DEGRADED → SKIP,0,6-2-5,13,TAI,SKIP,False,0,5.483930647148458,0.0,0.0,5.483930647148458,TAI,False,True,,2311.9122,50.0,49507011.0,-492989.0,-0.985978,50.349650349650354,72,71,1,0,3.5,5.3,False,False,False,0,15000000.0,-3.3,0,65000000,50000000.0,False,False,False,False,False,0.0,0.0,NEUTRAL,TTTTXTXTTXTXTTTXXXXTT,False,-492989.0,49507011.0,72,71,50.3,49507011.0,200,[ADAPT-THRESH] p=64.9% < θ=69.1% (+0.061) state=DEGRADED → SKIP,SIDEWAY,,0.6616,True,False,TXTXTTTXXXXTT,TTTTXTXTTXTXTTTXXXXTT,,,,,,,CLUSTERING (BET),POOR,"Motif 'TXXXXTT' (chu kỳ 7) đang lặp lại, đã thấy 10 phiên khớp",FORMING,BET,XIU,0.6495,,0.9941,4,False,,,,,,,,,,,False,0,
2026-08-19,2026-08-19 11:17:05,11:17:05,3121848,XTXTTTXXXXTTT,3T,—,0,SKIP,[ADAPT-THRESH] p=64.9% < θ=67.1% (+0.061) state=DEGRADED → SKIP,0,4-3-6,13,TAI,SKIP,False,0,4.093968462452242,0.0,0.0,4.093968462452242,XIU,False,True,,2322.7516,50.0,49507011.0,-492989.0,-0.985978,50.349650349650354,72,71,1,0,3.5,5.3,False,False,False,0,15000000.0,-3.3,0,65000000,50000000.0,False,False,False,False,False,0.0,0.0,NEUTRAL,TTTXTXTTXTXTTTXXXXTTT,False,-492989.0,49507011.0,72,71,50.3,49507011.0,200,"[ADAPT-THRESH] p=64.9% < θ=69.1% (+0.061) state=DEGRADED → SKIP, [ADAPT-THRESH] p=64.9% < θ=67.1% (+0.061) state=DEGRADED → SKIP",UP (TAI),,0.4483,True,False,XTXTTTXXXXTTT,TTTXTXTTXTXTTTXXXXTTT,,,,,,,CLUSTERING (BET),POOR,Bet T dang chay 3 ván liên tiếp,CONFIRMED,BET,XIU,0.6495,,0.9941,4,False,,,,,,,,,,,False,0,
2026-08-19,2026-08-19 11:18:16,11:18:16,3121849,TXTTTXXXXTTTT,4T,XIU,31070,SNIPER_LOW,[BET] p=64.9% ≥ θ=57.0%. Hướng X. [ADAPT-SIZE×0.42 →LOW],65,1-3-6,10,XIU,WIN,True,30449,25.306011427849572,0.0,0.0,25.306011427849572,TAI,False,True,,121.8448,50.0,49537459.0,-462541.0,-0.925082,50.69444444444444,73,71,2,0,3.5,5.3,False,False,False,0,15000000.0,-3.1,0,65000000,50000000.0,False,False,False,False,False,0.0,0.0,NEUTRAL,TTXTXTTXTXTTTXXXXTTTT,False,-462541.0,49537459.0,73,71,50.7,49537459.0,200,,SIDEWAY,,0.6705,False,False,TXTTTXXXXTTTT,TTXTXTTXTXTTTXXXXTTTT,,,,,,,CLUSTERING (BET),NORMAL,Bet T dang chay 4 ván liên tiếp,CONFIRMED,BET,XIU,0.6495,,0.9941,4,False,,,,,,,,FOLLOW,XIU,"[ADAPTIVE-FOLLOW] p̂=66.8% n_eff=29.5 flip_score=+0.91 → giữ, size 90%.",False,0,
2026-08-19,2026-08-19 11:19:27,11:19:27,3121850,XTTTXXXXTTTTX,1X,XIU,74587,SNIPER_MID,[BẮT RÁC] online fadeWR=0.59 followWR=0.42 nF=115 nFo=0 sc=1 | đu NGHIENG_5. Lật → X,64,2-2-5,9,XIU,WIN,True,73095,84.43872085777363,0.0,0.0,84.43872085777363,XIU,False,True,,140.8577,50.0,49610554.0,-389446.0,-0.778892,51.03448275862069,74,71,3,0,3.5,5.3,False,False,False,0,15000000.0,-2.6,0,65000000,50000000.0,False,False,False,False,False,0.0,0.0,NEUTRAL,TXTXTTXTXTTTXXXXTTTTX,False,-389446.0,49610554.0,74,71,51.0,49610554.0,200,,DOWN (XIU),,0.6043,True,False,XTTTXXXXTTTTX,TXTXTTXTXTTTXXXXTTTTX,,,,,,,CHOPPY (RAC),POOR,Nghiêng T 4/5 phiên gần nhất,CONFIRMED,BET,XIU,0.6495,,0.9941,4,False,,,,,,,,FOLLOW,XIU,"[ADAPTIVE-HOLD] p̂=57.4% n_eff=38.6 (chưa đủ bằng chứng để đảo, |flip_score|<0.9) → size 100%.",False,0,
2026-08-19,2026-08-19 11:20:38,11:20:38,3121851,TTTXXXXTTTTXX,2X,XIU,70507,SNIPER_MID,[BET] p=64.9% ≥ θ=60.0%. Hướng X.,65,6-4-5,15,TAI,LOSS,False,-70507,78.32362361034363,0.0,0.0,78.32362361034363,XIU,False,True,,121.9367,50.0,49540047.0,-459953.0,-0.919906,50.68493150684932,74,72,0,1,3.4,5.3,False,False,False,0,15000000.0,-3.1,0,65000000,50000000.0,False,False,False,False,False,0.0,0.0,NEUTRAL,XTXTTXTXTTTXXXXTTTTXX,False,-459953.0,49540047.0,74,72,50.7,49540047.0,200,,DOWN (XIU),,0.337,True,False,TTTXXXXTTTTXX,XTXTTXTXTTTXXXXTTTTXX,,,,,,,CLUSTERING (BET),POOR,"Motif 'XXTTTTXX' (chu kỳ 8) đang lặp lại, đã thấy 13 phiên khớp",FORMING,BET,XIU,0.6495,,0.9941,4,False,,,,,,,,FOLLOW,XIU,"[ADAPTIVE-HOLD] p̂=51.0% n_eff=30.1 (chưa đủ bằng chứng để đảo, |flip_score|<0.9) → size 100%.",False,0,
2026-08-19,2026-08-19 11:21:49,11:21:49,3121852,TTXXXXTTTTXXT,1T,XIU,60708,SNIPER_MID,[BET] p=64.9% ≥ θ=61.0%. Hướng X.,65,1-4-1,6,XIU,WIN,True,59494,90.78087374011392,0.0,0.0,90.78087374011392,TAI,False,True,,160.0477,50.0,49599540.0,-400460.0,-0.80092,51.02040816326531,75,72,1,0,3.4,5.3,False,False,False,0,15000000.0,-2.7,0,65000000,50000000.0,False,False,False,False,False,0.0,0.0,NEUTRAL,TXTTXTXTTTXXXXTTTTXXT,False,-400460.0,49599540.0,75,72,51.0,49599540.0,200,,SIDEWAY,,0.5106,False,False,TTXXXXTTTTXXT,TXTTXTXTTTXXXXTTTTXXT,,,,,,,CLUSTERING (BET),POOR,Nghiêng T 5/7 phiên gần nhất,CONFIRMED,BET,XIU,0.6495,,0.9941,4,False,,,,,,,,FOLLOW,XIU,"[ADAPTIVE-FOLLOW] p̂=66.4% n_eff=30.5 flip_score=+0.91 → giữ, size 90%.",False,0,
2026-08-19,2026-08-19 11:23:00,11:23:00,3121853,TXXXXTTTTXXTX,1X,XIU,87625,SNIPER_MID,[BET] p=64.9% ≥ θ=61.0%. Hướng X.,65,1-6-1,8,XIU,WIN,True,85872,29.63875233498574,0.0,0.0,29.63875233498574,XIU,False,True,,40.6962,50.0,49685412.0,-314588.0,-0.6291760000000001,51.35135135135135,76,72,2,0,3.4,5.3,False,False,False,0,15000000.0,-2.1,0,65000000,50000000.0,False,False,False,False,False,0.0,0.0,NEUTRAL,XTTXTXTTTXXXXTTTTXXTX,False,-314588.0,49685412.0,76,72,51.4,49685412.0,200,,SIDEWAY,,0.5115,False,False,TXXXXTTTTXXTX,XTTXTXTTTXXXXTTTTXXTX,,,,,,,CHOPPY (RAC),POOR,"Motif 'XTX' (chu kỳ 3) đang lặp lại, đã thấy 5 phiên khớp",FORMING,BET,XIU,0.6495,,0.9941,4,False,,,,,,,,FOLLOW,XIU,"[ADAPTIVE-HOLD] p̂=49.2% n_eff=29.2 (chưa đủ bằng chứng để đảo, |flip_score|<0.9) → size 98%.",False,0,
2026-08-19,2026-08-19 11:24:11,11:24:11,3121854,XXXXTTTTXXTXX,2X,TAI,93187,SNIPER_MID,"[BẺ→BÁM] micro=NEUTRAL lag1=-0.09 → không phá PERIOD, bám T",64,1-1-3,5,XIU,LOSS,False,-93187,25.13340070986861,0.0,0.0,25.13340070986861,TAI,False,True,,98.137,50.0,49592225.0,-407775.0,-0.81555,51.006711409395976,76,73,0,1,3.3,5.3,False,False,False,0,15000000.0,-2.7,0,65000000,50000000.0,False,False,False,False,False,0.0,0.0,NEUTRAL,TTXTXTTTXXXXTTTTXXTXX,False,-407775.0,49592225.0,76,73,51.0,49592225.0,200,,SIDEWAY,,0.4222,True,False,XXXXTTTTXXTXX,TTXTXTTTXXXXTTTTXXTXX,,,,,,,CHOPPY (RAC),POOR,"Motif 'TXX' (chu kỳ 3) đang lặp lại, đã thấy 6 phiên khớp",CONFIRMED,BET,XIU,0.6495,,0.9941,4,False,,,,,,,,REDUCE_SIZE,TAI,"[ADAPTIVE-HOLD] p̂=44.0% n_eff=30.7 (chưa đủ bằng chứng để đảo, |flip_score|<0.9) → size 84%.",False,0,
2026-08-19,2026-08-19 11:25:22,11:25:22,3121855,XXXTTTTXXTXXX,3X,XIU,104400,SNIPER_MID,[BET] p=64.9% ≥ θ=59.9%. Hướng X.,65,5-5-2,12,TAI,LOSS,False,-104400,37.037572247991946,0.0,0.0,37.037572247991946,XIU,False,True,,88.8469,50.0,49487825.0,-512175.0,-1.0243499999999999,50.66666666666667,76,74,0,2,3.5,5.3,False,False,False,0,15000000.0,-3.4,0,65000000,50000000.0,False,False,False,False,False,0.0,0.0,NEUTRAL,TXTXTTTXXXXTTTTXXTXXX,False,-512175.0,49487825.0,76,74,50.7,49487825.0,200,,SIDEWAY,,0.3979,False,False,XXXTTTTXXTXXX,TXTXTTTXXXXTTTTXXTXXX,,,,,,,CLUSTERING (BET),POOR,Bet X dang chay 3 ván liên tiếp,CONFIRMED,BET,XIU,0.6495,,0.9941,4,False,,,,,,,,FOLLOW,XIU,"[ADAPTIVE-HOLD] p̂=50.6% n_eff=31.2 (chưa đủ bằng chứng để đảo, |flip_score|<0.9) → size 100%.",False,0,
2026-08-19,2026-08-19 11:26:33,11:26:33,3121856,XXTTTTXXTXXXT,1T,TAI,77864,SNIPER_MID,[BẮT RÁC] online fadeWR=0.61 followWR=0.42 nF=116 nFo=0 sc=1 | đu NGHIENG_7. Lật → T,64,1-6-4,11,TAI,WIN,True,76307,66.37339781443863,0.0,0.0,66.37339781443863,XIU,False,True,,80.437,50.0,49564131.0,-435869.0,-0.871738,50.993377483443716,77,74,1,0,3.5,5.3,False,False,False,0,15000000.0,-2.9,0,65000000,50000000.0,False,False,False,False,False,0.0,0.0,NEUTRAL,XTXTTTXXXXTTTTXXTXXXT,False,-435869.0,49564131.0,77,74,51.0,49564131.0,200,,SIDEWAY,,0.5152,True,False,XXTTTTXXTXXXT,XTXTTTXXXXTTTTXXTXXXT,,,,,,,CHOPPY (RAC),POOR,Nghiêng X 5/7 phiên gần nhất,CONFIRMED,BET,XIU,0.6495,,0.9941,4,False,,,,,,,,FOLLOW,TAI,"[ADAPTIVE-HOLD] p̂=59.1% n_eff=49.7 (chưa đủ bằng chứng để đảo, |flip_score|<0.9) → size 100%.",False,0,
2026-08-19,2026-08-19 11:27:44,11:27:44,3121857,XTTTTXXTXXXTT,2T,XIU,67320,SNIPER_MID,[BET] p=64.9% ≥ θ=61.0%. Hướng X.,65,6-4-6,16,TAI,LOSS,False,-67320,17.811146413827938,0.0,0.0,17.811146413827938,TAI,False,True,,79.1349,50.0,49496811.0,-503189.0,-1.006378,50.6578947368421,77,75,0,1,3.5,5.3,False,False,False,0,15000000.0,-3.4,0,65000000,50000000.0,False,False,False,False,False,0.0,0.0,NEUTRAL,TXTTTXXXXTTTTXXTXXXTT,False,-503189.0,49496811.0,77,75,50.7,49496811.0,200,,SIDEWAY,,0.5398,False,False,XTTTTXXTXXXTT,TXTTTXXXXTTTTXXTXXXTT,,,,,,,CHOPPY (RAC),POOR,"Motif 'TTXXTXXXTT' (chu kỳ 10) đang lặp lại, đã thấy 15 phiên khớp",FORMING,BET,XIU,0.6495,,0.9941,4,False,,,,,,,,REDUCE_SIZE,XIU,"[ADAPTIVE-HOLD] p̂=34.9% n_eff=30.4 (chưa đủ bằng chứng để đảo, |flip_score|<0.9) → size 61%.",False,0,
2026-08-19,2026-08-19 11:28:55,11:28:55,3121858,TTTTXXTXXXTTT,3T,XIU,85440,SNIPER_MID,[BET] p=64.9% ≥ θ=59.9%. Hướng X.,65,4-2-2,8,XIU,WIN,True,83731,16.625889882359317,0.0,0.0,16.625889882359317,TAI,False,True,,127.5399,50.0,49580542.0,-419458.0,-0.838916,50.98039215686274,78,75,1,0,3.5,5.3,False,False,False,0,15000000.0,-2.8,0,65000000,50000000.0,False,False,False,False,False,0.0,0.0,NEUTRAL,XTTTXXXXTTTTXXTXXXTTT,False,-419458.0,49580542.0,78,75,51.0,49580542.0,200,,SIDEWAY,,0.545,False,False,TTTTXXTXXXTTT,XTTTXXXXTTTTXXTXXXTTT,,,,,,,CLUSTERING (BET),POOR,Bet T dang chay 3 ván liên tiếp,CONFIRMED,BET,XIU,0.6495,,0.9941,4,False,,,,,,,,FOLLOW,XIU,"[ADAPTIVE-HOLD] p̂=59.3% n_eff=31.0 (chưa đủ bằng chứng để đảo, |flip_score|<0.9) → size 100%.",False,0,
2026-08-19,2026-08-19 11:30:06,11:30:06,3121859,TTTXXTXXXTTTX,1X,XIU,110287,SNIPER_MID,[BET] p=64.9% ≥ θ=61.0%. Hướng X.,65,3-4-1,8,XIU,WIN,True,108081,89.05765723646513,0.0,0.0,89.05765723646513,XIU,False,True,,115.1086,50.0,49688623.0,-311377.0,-0.622754,51.298701298701296,79,75,2,0,3.5,5.3,False,False,False,0,15000000.0,-2.1,0,65000000,50000000.0,False,False,False,False,False,0.0,0.0,NEUTRAL,TTTXXXXTTTTXXTXXXTTTX,False,-311377.0,49688623.0,79,75,51.3,49688623.0,200,,SIDEWAY,,0.442,True,False,TTTXXTXXXTTTX,TTTXXXXTTTTXXTXXXTTTX,,,,,,,CHOPPY (RAC),POOR,"Motif 'XTXXXTTTX' (chu kỳ 9) đang lặp lại, đã thấy 13 phiên khớp",FORMING,BET,XIU,0.6495,,0.9941,4,False,,,,,,,,FOLLOW,XIU,"[ADAPTIVE-HOLD] p̂=56.4% n_eff=30.0 (chưa đủ bằng chứng để đảo, |flip_score|<0.9) → size 100%.",False,0,
2026-08-19,2026-08-19 11:31:17,11:31:17,3121860,TTXXTXXXTTTXX,2X,XIU,130305,SNIPER_MID,[BET] p=64.9% ≥ θ=61.0%. Hướng X.,65,3-1-1,5,XIU,WIN,True,127699,76.5969944788678,0.0,0.0,76.5969944788678,XIU,False,True,,159.0112,50.0,49816321.0,-183679.0,-0.367358,51.61290322580645,80,75,3,0,3.5,5.3,False,False,False,0,15000000.0,-1.2,0,65000000,50000000.0,False,False,False,False,False,0.0,0.0,NEUTRAL,TTXXXXTTTTXXTXXXTTTXX,False,-183679.0,49816321.0,80,75,51.6,49816321.0,200,,SIDEWAY,,0.5415,True,False,TTXXTXXXTTTXX,TTXXXXTTTTXXTXXXTTTXX,,,,,,,CHOPPY (RAC),POOR,"Motif 'TXXXTTTXX' (chu kỳ 9) đang lặp lại, đã thấy 14 phiên khớp",FORMING,BET,XIU,0.6495,,0.9941,4,False,,,,,,,,FOLLOW,XIU,"[ADAPTIVE-HOLD] p̂=58.7% n_eff=35.5 (chưa đủ bằng chứng để đảo, |flip_score|<0.9) → size 100%.",False,0,
2026-08-19,2026-08-19 11:32:28,11:32:28,3121861,TXXTXXXTTTXXX,3X,XIU,128902,SNIPER_MID,[BET] p=64.9% ≥ θ=59.9%. Hướng X.,65,1-2-4,7,XIU,WIN,True,126324,70.58610795393479,0.0,0.0,70.58610795393479,TAI,False,True,,142.9125,50.0,49942644.0,-57356.0,-0.114712,51.92307692307693,81,75,4,0,3.5,5.3,False,False,False,0,15000000.0,-0.4,0,65000000,50000000.0,False,False,False,False,False,0.0,0.0,NEUTRAL,TXXXXTTTTXXTXXXTTTXXX,False,-57356.0,49942644.0,81,75,51.9,49942644.0,200,,DOWN (XIU),,0.4223,True,False,TXXTXXXTTTXXX,TXXXXTTTTXXTXXXTTTXXX,,,,,,,CLUSTERING (BET),POOR,Bet X dang chay 3 ván liên tiếp,CONFIRMED,BET,XIU,0.6495,,0.9941,4,False,,,,,,,,FOLLOW,XIU,"[ADAPTIVE-HOLD] p̂=60.3% n_eff=31.7 (chưa đủ bằng chứng để đảo, |flip_score|<0.9) → size 100%.",False,0,
2026-08-19,2026-08-19 11:33:39,11:33:39,3121862,XXTXXXTTTXXXX,4X,XIU,136608,SNIPER_MID,[BET] p=64.9% ≥ θ=57.0%. Hướng X.,65,3-5-6,14,TAI,LOSS,False,-136608,36.05316330638269,0.0,0.0,36.05316330638269,XIU,False,True,,157.697,50.0,49806036.0,-193964.0,-0.387928,51.59235668789809,81,76,0,1,2.9,5.3,False,False,False,0,15000000.0,-1.3,0,65000000,50000000.0,False,False,False,False,False,0.0,0.0,NEUTRAL,XXXXTTTTXXTXXXTTTXXXX,False,-193964.0,49806036.0,81,76,51.6,49806036.0,200,,SIDEWAY,,0.472,False,False,XXTXXXTTTXXXX,XXXXTTTTXXTXXXTTTXXXX,,,,,,,CLUSTERING (BET),NORMAL,Bet X dang chay 4 ván liên tiếp,CONFIRMED,BET,XIU,0.6495,,0.9941,4,False,,,,,,,,FOLLOW,XIU,"[ADAPTIVE-FOLLOW] p̂=67.4% n_eff=36.1 flip_score=+1.04 → giữ, size 91%.",False,0,
2026-08-19,2026-08-19 11:34:50,11:34:50,3121863,XTXXXTTTXXXXT,1T,XIU,115981,SNIPER_MID,[BET] p=64.9% ≥ θ=61.9%. Hướng X.,65,6-5-4,15,TAI,LOSS,False,-115981,89.3758270061499,0.0,0.0,89.3758270061499,TAI,False,True,,141.7613,50.0,49690055.0,-309945.0,-0.61989,51.26582278481012,81,77,0,2,3.1,5.3,False,False,False,0,15000000.0,-2.1,0,65000000,50000000.0,False,False,False,False,False,0.0,0.0,NEUTRAL,XXXTTTTXXTXXXTTTXXXXT,False,-309945.0,49690055.0,81,77,51.3,49690055.0,200,,UP (TAI),,0.617,True,False,XTXXXTTTXXXXT,XXXTTTTXXTXXXTTTXXXXT,,,,,,,CLUSTERING (BET),POOR,Nghiêng X 4/5 phiên gần nhất,CONFIRMED,BET,XIU,0.6495,,0.9941,4,False,,,,,,,,FOLLOW,XIU,"[ADAPTIVE-FOLLOW] p̂=71.3% n_eff=34.6 flip_score=+1.26 → giữ, size 96%.",False,0,
2026-08-19,2026-08-19 11:36:01,11:36:01,3121864,TXXXTTTXXXXTT,2T,XIU,107697,SNIPER_MID,[BET] p=64.9% ≥ θ=60.0%. Hướng X.,65,1-1-3,5,XIU,WIN,True,105543,95.52751720174328,0.0,0.0,95.52751720174328,TAI,False,True,,233.5563,50.0,49795598.0,-204402.0,-0.408804,51.57232704402516,82,77,1,0,3.1,5.3,False,False,False,0,15000000.0,-1.4,0,65000000,50000000.0,False,False,False,False,False,0.0,0.0,NEUTRAL,XXTTTTXXTXXXTTTXXXXTT,False,-204402.0,49795598.0,82,77,51.6,49795598.0,200,,UP (TAI),,0.6601,True,False,TXXXTTTXXXXTT,XXTTTTXXTXXXTTTXXXXTT,,,,,,,CLUSTERING (BET),POOR,"Motif 'TXXXXTT' (chu kỳ 7) đang lặp lại, đã thấy 12 phiên khớp",FORMING,BET,XIU,0.6495,,0.9941,4,False,,,,,,,,REDUCE_SIZE,XIU,"[ADAPTIVE-HOLD] p̂=48.8% n_eff=34.1 (chưa đủ bằng chứng để đảo, |flip_score|<0.9) → size 97%.",False,0,
2026-08-19,2026-08-19 11:37:12,11:37:12,3121865,XXXTTTXXXXTTX,1X,XIU,134652,SNIPER_MID,[BET] p=64.9% ≥ θ=61.0%. Hướng X.,65,6-5-2,13,TAI,LOSS,False,-134652,88.79394205631502,0.0,0.0,88.79394205631502,XIU,False,True,,225.8247,50.0,49660946.0,-339054.0,-0.678108,51.24999999999999,82,78,0,1,3.2,5.3,False,False,False,0,15000000.0,-2.3,0,65000000,50000000.0,False,False,False,False,False,0.0,0.0,NEUTRAL,XTTTTXXTXXXTTTXXXXTTX,False,-339054.0,49660946.0,82,78,51.2,49660946.0,200,,SIDEWAY,,0.5374,False,False,XXXTTTXXXXTTX,XTTTTXXTXXXTTTXXXXTTX,,,,,,,CLUSTERING (BET),POOR,Nghiêng X 5/7 phiên gần nhất,CONFIRMED,BET,XIU,0.6495,,0.9941,4,False,,,,,,,,FOLLOW,XIU,"[ADAPTIVE-FOLLOW] p̂=66.2% n_eff=34.5 flip_score=+0.95 → giữ, size 89%.",False,0,
2026-08-19,2026-08-19 11:38:23,11:38:23,3121866,XXTTTXXXXTTXT,1T,XIU,111864,SNIPER_MID,[BET] p=64.9% ≥ θ=61.0%. Hướng X.,65,6-3-4,13,TAI,LOSS,False,-111864,29.959098341512508,0.0,0.0,29.959098341512508,TAI,False,True,,112.8979,50.0,49549082.0,-450918.0,-0.901836,50.931677018633536,82,79,0,2,3.4,5.3,False,False,False,0,15000000.0,-3.0,0,65000000,50000000.0,False,False,False,False,False,0.0,0.0,NEUTRAL,TTTTXXTXXXTTTXXXXTTXT,False,-450918.0,49549082.0,82,79,50.9,49549082.0,200,,SIDEWAY,,0.4873,False,False,XXTTTXXXXTTXT,TTTTXXTXXXTTTXXXXTTXT,,,,,,,CHOPPY (RAC),POOR,"Motif 'TTXXXXTTXT' (chu kỳ 10) đang lặp lại, đã thấy 12 phiên khớp",FORMING,BET,XIU,0.6495,,0.9941,4,False,,,,,,,,REDUCE_SIZE,XIU,"[ADAPTIVE-HOLD] p̂=41.9% n_eff=31.5 (chưa đủ bằng chứng để đảo, |flip_score|<0.9) → size 79%.",False,0,
2026-08-19,2026-08-19 11:39:34,11:39:34,3121867,XTTTXXXXTTXTT,2T,XIU,103698,SNIPER_MID,"[BẺ→BÁM] micro=PERSISTENT lag1=+0.25 → không phá PERIOD, bám X",64,6-2-6,14,TAI,LOSS,False,-103698,40.27780200029818,0.0,0.0,40.27780200029818,TAI,False,True,,202.2337,50.0,49445384.0,-554616.0,-1.109232,50.617283950617285,82,80,0,3,3.6,5.3,False,False,False,0,15000000.0,-3.7,0,65000000,50000000.0,False,False,False,False,False,0.0,0.0,NEUTRAL,TTTXXTXXXTTTXXXXTTXTT,False,-554616.0,49445384.0,82,80,50.6,49445384.0,200,,SIDEWAY,,0.4876,True,False,XTTTXXXXTTXTT,TTTXXTXXXTTTXXXXTTXTT,,,,,,,CHOPPY (RAC),POOR,"Motif 'XTT' (chu kỳ 3) đang lặp lại, đã thấy 6 phiên khớp",CONFIRMED,BET,XIU,0.6495,,0.9941,4,False,,,,,,,,FOLLOW,XIU,"[ADAPTIVE-HOLD] p̂=49.0% n_eff=31.0 (chưa đủ bằng chứng để đảo, |flip_score|<0.9) → size 97%.",False,0,
2026-08-19,2026-08-19 11:40:45,11:40:45,3121868,TTTXXXXTTXTTT,3T,XIU,91980,SNIPER_MID,[BET] p=64.9% ≥ θ=59.9%. Hướng X.,65,5-2-5,12,TAI,LOSS,False,-91980,54.7553905380822,0.0,0.0,54.7553905380822,TAI,False,True,,103.9308,50.0,49353404.0,-646596.0,-1.293192,50.306748466257666,82,81,0,4,3.8,5.3,False,False,False,0,15000000.0,-4.3,0,65000000,50000000.0,False,False,False,False,False,0.0,0.0,NEUTRAL,TTXXTXXXTTTXXXXTTXTTT,False,-646596.0,49353404.0,82,81,50.3,49353404.0,200,,UP (TAI),,0.5991,False,False,TTTXXXXTTXTTT,TTXXTXXXTTTXXXXTTXTTT,,,,,,,CLUSTERING (BET),POOR,Bet T dang chay 3 ván liên tiếp,CONFIRMED,BET,XIU,0.6495,,0.9941,4,False,,,,,,,,FOLLOW,XIU,"[ADAPTIVE-HOLD] p̂=65.1% n_eff=35.3 (chưa đủ bằng chứng để đảo, |flip_score|<0.9) → size 100%.",False,0,
2026-08-19,2026-08-19 11:41:56,11:41:56,3121869,TTXXXXTTXTTTT,4T,XIU,46560,SNIPER_MID,[BET] p=64.9% ≥ θ=57.0%. Hướng X.,65,3-1-5,9,XIU,WIN,True,45629,23.86445126306213,0.0,0.0,23.86445126306213,XIU,False,True,,84.3537,50.0,49399032.0,-600968.0,-1.201936,50.609756097560975,83,81,1,0,3.8,5.3,False,False,False,0,15000000.0,-4.0,0,65000000,50000000.0,False,False,False,False,False,0.0,0.0,NEUTRAL,TXXTXXXTTTXXXXTTXTTTT,False,-600968.0,49399032.0,83,81,50.6,49399032.0,200,,SIDEWAY,,0.5996,False,False,TTXXXXTTXTTTT,TXXTXXXTTTXXXXTTXTTTT,,,,,,,CLUSTERING (BET),NORMAL,Bet T dang chay 4 ván liên tiếp,CONFIRMED,BET,XIU,0.6495,,0.9941,4,False,,,,,,,,REDUCE_SIZE,XIU,"[ADAPTIVE-HOLD] p̂=40.7% n_eff=36.7 (chưa đủ bằng chứng để đảo, |flip_score|<0.9) → size 76%.",False,0,
2026-08-19,2026-08-19 11:43:07,11:43:07,3121870,TXXXXTTXTTTTX,1X,XIU,115260,SNIPER_MID,[BẮT RÁC] online fadeWR=0.62 followWR=0.42 nF=117 nFo=0 sc=1 | đu NGHIENG_5. Lật → X,64,4-4-4,12,TAI,LOSS,False,-115260,36.19495278059171,0.0,0.0,36.19495278059171,XIU,False,True,,63.8905,50.0,49283772.0,-716228.0,-1.432456,50.303030303030305,83,82,0,1,3.9,5.3,False,False,False,0,15000000.0,-4.8,0,65000000,50000000.0,False,False,False,False,False,0.0,0.0,NEUTRAL,XXTXXXTTTXXXXTTXTTTTX,False,-716228.0,49283772.0,83,82,50.3,49283772.0,200,,DOWN (XIU),,0.4044,True,False,TXXXXTTXTTTTX,XXTXXXTTTXXXXTTXTTTTX,,,,,,,CHOPPY (RAC),POOR,Nghiêng T 4/5 phiên gần nhất,CONFIRMED,BET,XIU,0.6495,,0.9941,4,False,,,,,,,,FOLLOW,XIU,"[ADAPTIVE-HOLD] p̂=61.1% n_eff=39.7 (chưa đủ bằng chứng để đảo, |flip_score|<0.9) → size 100%.",False,0,
2026-08-19,2026-08-19 11:44:18,11:44:18,3121871,XXXXTTXTTTTXT,1T,XIU,87960,SNIPER_MID,[BẮT RÁC] online fadeWR=0.59 followWR=0.42 nF=118 nFo=0 sc=1 | đu NGHIENG_5. Lật → X,64,1-6-2,9,XIU,WIN,True,86201,68.54051764493417,0.0,0.0,68.54051764493417,TAI,False,True,,53.8661,50.0,49369972.0,-630028.0,-1.260056,50.602409638554214,84,82,1,0,3.9,5.3,False,False,False,0,15000000.0,-4.2,0,65000000,50000000.0,False,False,False,False,False,0.0,0.0,NEUTRAL,XTXXXTTTXXXXTTXTTTTXT,False,-630028.0,49369972.0,84,82,50.6,49369972.0,200,,SIDEWAY,,0.571,True,False,XXXXTTXTTTTXT,XTXXXTTTXXXXTTXTTTTXT,,,,,,,CHOPPY (RAC),POOR,Nghiêng T 4/5 phiên gần nhất,CONFIRMED,BET,XIU,0.6495,,0.9941,4,False,,,,,,,,FOLLOW,XIU,"[ADAPTIVE-HOLD] p̂=61.2% n_eff=53.2 (chưa đủ bằng chứng để đảo, |flip_score|<0.9) → size 100%.",False,0,
2026-08-19,2026-08-19 11:45:29,11:45:29,3121872,XXXTTXTTTTXTX,1X,XIU,97369,SNIPER_MID,[BẮT RÁC] online fadeWR=0.60 followWR=0.42 nF=119 nFo=0 sc=1 | đu NGHIENG_7. Lật → X,64,3-6-1,10,XIU,WIN,True,95422,93.81049282934086,0.0,0.0,93.81049282934086,TAI,False,True,,177.4066,50.0,49465393.0,-534607.0,-1.0692139999999999,50.898203592814376,85,82,2,0,3.9,5.3,False,False,False,0,15000000.0,-3.6,0,65000000,50000000.0,False,False,False,False,False,0.0,0.0,NEUTRAL,TXXXTTTXXXXTTXTTTTXTX,False,-534607.0,49465393.0,85,82,50.9,49465393.0,200,,SIDEWAY,,0.495,False,False,XXXTTXTTTTXTX,TXXXTTTXXXXTTXTTTTXTX,,,,,,,CHOPPY (RAC),POOR,Nghiêng T 5/7 phiên gần nhất,CONFIRMED,BET,XIU,0.6495,,0.9941,4,False,,,,,,,,FOLLOW,XIU,"[ADAPTIVE-FOLLOW] p̂=63.3% n_eff=54.6 flip_score=+0.98 → giữ, size 86%.",False,0,
2026-08-19,2026-08-19 11:46:40,11:46:40,3121873,XXTTXTTTTXTXX,2X,XIU,107610,SNIPER_MID,[BET] p=64.9% ≥ θ=61.0%. Hướng X.,65,2-6-1,9,XIU,WIN,True,105458,3.9316779335673955,0.0,0.0,3.9316779335673955,XIU,False,True,,63.9357,50.0,49570850.0,-429150.0,-0.8583000000000001,51.19047619047619,86,82,3,0,3.9,5.3,False,False,False,0,15000000.0,-2.9,0,65000000,50000000.0,False,False,False,False,False,0.0,0.0,NEUTRAL,XXXTTTXXXXTTXTTTTXTXX,False,-429150.0,49570850.0,86,82,51.2,49570850.0,200,,SIDEWAY,,0.615,False,False,XXTTXTTTTXTXX,XXXTTTXXXXTTXTTTTXTXX,,,,,,,CHOPPY (RAC),POOR,Mới 2 ván X liên tiếp — có thể đang hình thành bệt,FORMING,BET,XIU,0.6495,,0.9941,4,False,,,,,,,,FOLLOW,XIU,"[ADAPTIVE-HOLD] p̂=56.5% n_eff=33.1 (chưa đủ bằng chứng để đảo, |flip_score|<0.9) → size 100%.",False,0,
2026-08-19,2026-08-19 11:47:51,11:47:51,3121874,XTTXTTTTXTXXX,3X,TAI,93287,SNIPER_MID,[BẮT RÁC] online fadeWR=0.60 followWR=0.42 nF=120 nFo=0 sc=3 | đu BET. Lật → T,64,5-5-4,14,TAI,WIN,True,91421,33.11592655511735,0.0,0.0,33.11592655511735,XIU,False,True,,79.2781,50.0,49662271.0,-337729.0,-0.675458,51.4792899408284,87,82,4,0,3.9,5.3,False,False,False,0,15000000.0,-2.3,0,65000000,50000000.0,False,False,False,False,False,0.0,0.0,NEUTRAL,XXTTTXXXXTTXTTTTXTXXX,False,-337729.0,49662271.0,87,82,51.5,49662271.0,200,,SIDEWAY,,0.4149,False,False,XTTXTTTTXTXXX,XXTTTXXXXTTXTTTTXTXXX,,,,,,,CHOPPY (RAC),POOR,Bet X dang chay 3 ván liên tiếp,CONFIRMED,BET,XIU,0.6495,,0.9941,4,False,,,,,,,,REDUCE_SIZE,TAI,"[ADAPTIVE-HOLD] p̂=45.0% n_eff=41.2 (chưa đủ bằng chứng để đảo, |flip_score|<0.9) → size 87%.",False,0,
2026-08-19,2026-08-19 11:49:02,11:49:02,3121875,TTXTTTTXTXXXT,1T,XIU,124819,SNIPER_MID,[BET] p=64.9% ≥ θ=61.0%. Hướng X.,65,1-2-5,8,XIU,WIN,True,122323,7.340832113528747,0.0,0.0,7.340832113528747,XIU,False,True,,74.1936,50.0,49784593.0,-215407.0,-0.43081400000000003,51.76470588235295,88,82,5,0,3.9,5.3,False,False,False,0,15000000.0,-1.4,0,65000000,50000000.0,False,False,False,False,False,0.0,0.0,NEUTRAL,XTTTXXXXTTXTTTTXTXXXT,False,-215407.0,49784593.0,88,82,51.8,49784593.0,200,,SIDEWAY,,0.5395,True,False,TTXTTTTXTXXXT,XTTTXXXXTTXTTTTXTXXXT,,,,,,,CHOPPY (RAC),POOR,"Motif 'TTTXTXXXT' (chu kỳ 9) đang lặp lại, đã thấy 11 phiên khớp",FORMING,BET,XIU,0.6495,,0.9941,4,False,,,,,,,,FOLLOW,XIU,"[ADAPTIVE-HOLD] p̂=49.2% n_eff=32.6 (chưa đủ bằng chứng để đảo, |flip_score|<0.9) → size 98%.",False,0,
2026-08-19,2026-08-19 11:50:13,11:50:13,3121876,TXTTTTXTXXXTX,1X,TAI,86154,SNIPER_LOW,[BẮT RÁC] online fadeWR=0.61 followWR=0.42 nF=121 nFo=0 sc=1 | đu NGHIENG_5. Lật → T [DRIFT -1 bậc],64,3-6-6,15,TAI,WIN,True,84431,58.61311265793133,0.0,0.0,58.61311265793133,XIU,False,True,,193.9418,50.0,49869023.0,-130977.0,-0.261954,52.046783625730995,89,82,6,0,3.9,5.3,False,False,False,0,15000000.0,-0.9,0,65000000,50000000.0,False,False,False,False,False,0.0,0.0,NEUTRAL,TTTXXXXTTXTTTTXTXXXTX,False,-130977.0,49869023.0,89,82,52.0,49869023.0,200,,SIDEWAY,,0.5527,True,True,TXTTTTXTXXXTX,TTTXXXXTTXTTTTXTXXXTX,,,,,,,CHOPPY (RAC),POOR,Nghiêng X 4/5 phiên gần nhất,CONFIRMED,BET,XIU,0.6495,,0.9941,4,False,,,,,,,,FOLLOW,TAI,"[ADAPTIVE-FOLLOW] p̂=65.4% n_eff=56.8 flip_score=+1.16 → giữ, size 89%.",False,0,
2026-08-19,2026-08-19 11:51:24,11:51:24,3121877,XTTTTXTXXXTXT,1T,XIU,108173,SNIPER_MID,[BET] p=64.9% ≥ θ=61.0%. Hướng X.,65,1-4-2,7,XIU,WIN,True,106010,70.17330364171782,0.0,0.0,70.17330364171782,XIU,False,True,,208.2644,50.0,49975032.0,-24968.0,-0.049936,52.32558139534884,90,82,7,0,3.9,5.3,False,False,False,0,15000000.0,-0.2,0,65000000,50000000.0,False,False,False,False,False,0.0,0.0,NEUTRAL,TTXXXXTTXTTTTXTXXXTXT,False,-24968.0,49975032.0,90,82,52.3,49975032.0,200,,SIDEWAY,,0.4733,True,False,XTTTTXTXXXTXT,TTXXXXTTXTTTTXTXXXTXT,,,,,,,ALTERNATING (NHAY),POOR,"Motif 'XXXTXT' (chu kỳ 6) đang lặp lại, đã thấy 9 phiên khớp",FORMING,BET,XIU,0.6495,,0.9941,4,False,,,,,,,,REDUCE_SIZE,XIU,"[ADAPTIVE-HOLD] p̂=39.2% n_eff=40.2 (chưa đủ bằng chứng để đảo, |flip_score|<0.9) → size 72%.",False,0,
2026-08-19,2026-08-19 11:52:35,11:52:35,3121878,TTTTXTXXXTXTX,1X,TAI,122917,SNIPER_MID,[BET] p=64.9% ≥ θ=61.0%. Hướng X.,65,1-5-5,11,TAI,WIN,True,120459,49.52813256559034,0.0,0.0,49.52813256559034,TAI,False,True,,214.3938,50.0,50095490.0,95490.0,0.19097999999999998,52.601156069364166,91,82,8,0,3.9,5.3,False,False,False,0,15000000.0,0.6,0,65000000,50000000.0,False,False,False,False,False,0.0,0.0,NEUTRAL,TXXXXTTXTTTTXTXXXTXTX,False,95490.0,50095490.0,91,82,52.6,50095490.0,200,,SIDEWAY,,0.5933,True,False,TTTTXTXXXTXTX,TXXXXTTXTTTTXTXXXTXTX,,,,,,,ALTERNATING (NHAY),POOR,Nghiêng X 5/7 phiên gần nhất,CONFIRMED,BET,XIU,0.6495,,0.9941,4,False,,,,,,,,FADE,XIU,"[ADAPTIVE-FADE] p̂=31.0% n_eff=34.7 flip_score=-1.12 → đảo, size 82%.",False,0,
2026-08-19,2026-08-19 11:53:46,11:53:46,3121879,TTTXTXXXTXTXT,1T,XIU,129086,SNIPER_MID,[BET] p=64.9% ≥ θ=61.0%. Hướng X.,65,3-2-2,7,XIU,WIN,True,126504,92.8409170750826,0.0,0.0,92.8409170750826,XIU,False,True,,268.3718,50.0,50221994.0,221994.0,0.44398800000000005,52.87356321839081,92,82,9,0,3.9,5.3,False,False,False,0,15000000.0,1.5,0,65000000,50000000.0,False,False,False,False,False,0.0,0.0,NEUTRAL,XXXXTTXTTTTXTXXXTXTXT,False,221994.0,50221994.0,92,82,52.9,50221994.0,200,,SIDEWAY,,0.4037,True,False,TTTXTXXXTXTXT,XXXXTTXTTTTXTXXXTXTXT,,,,,,,ALTERNATING (NHAY),POOR,"Motif 'XT' (chu kỳ 2) đang lặp lại, đã thấy 6 phiên khớp",CONFIRMED,BET,XIU,0.6495,,0.9941,4,False,,,,,,,,REDUCE_SIZE,XIU,"[ADAPTIVE-HOLD] p̂=44.5% n_eff=42.1 (chưa đủ bằng chứng để đảo, |flip_score|<0.9) → size 86%.",False,0,
2026-08-19,2026-08-19 11:54:57,11:54:57,3121880,TTXTXXXTXTXTX,1X,XIU,127581,SNIPER_MID,[BET] p=64.9% ≥ θ=61.0%. Hướng X.,65,3-1-6,10,XIU,WIN,True,125029,79.61005023048271,0.0,0.0,79.61005023048271,TAI,False,True,,157.5253,50.0,50347023.0,347023.0,0.6940459999999999,53.142857142857146,93,82,10,0,3.9,5.3,False,False,False,0,15000000.0,2.3,0,65000000,50000000.0,False,False,False,False,False,0.0,0.0,NEUTRAL,XXXTTXTTTTXTXXXTXTXTX,False,347023.0,50347023.0,93,82,53.1,50347023.0,200,,SIDEWAY,,0.6428,True,False,TTXTXXXTXTXTX,XXXTTXTTTTXTXXXTXTXTX,,,,,,,ALTERNATING (NHAY),POOR,"Motif 'TX' (chu kỳ 2) đang lặp lại, đã thấy 7 phiên khớp",CONFIRMED,BET,XIU,0.6495,,0.9941,4,False,,,,,,,,REDUCE_SIZE,XIU,"[ADAPTIVE-HOLD] p̂=44.2% n_eff=40.6 (chưa đủ bằng chứng để đảo, |flip_score|<0.9) → size 85%.",False,0,
2026-08-19,2026-08-19 11:56:08,11:56:08,3121881,TXTXXXTXTXTXX,2X,XIU,112129,SNIPER_MID,[BET] p=64.9% ≥ θ=59.9%. Hướng X.,65,3-1-3,7,XIU,WIN,True,109886,1.8424121098827673,0.0,0.0,1.8424121098827673,XIU,False,True,,41.773,50.0,50456909.0,456909.0,0.9138179999999999,53.40909090909091,94,82,11,0,3.9,5.3,False,False,False,0,15000000.0,3.0,0,65000000,50000000.0,False,False,False,False,False,0.0,0.0,NEUTRAL,XXTTXTTTTXTXXXTXTXTXX,False,456909.0,50456909.0,94,82,53.4,50456909.0,200,,SIDEWAY,,0.4418,True,False,TXTXXXTXTXTXX,XXTTXTTTTXTXXXTXTXTXX,,,,,,,ALTERNATING (NHAY),NORMAL,Nghiêng X 7/10 phiên gần nhất,CONFIRMED,BET,XIU,0.6495,,0.9941,4,False,,,,,,,,REDUCE_SIZE,XIU,"[ADAPTIVE-HOLD] p̂=39.4% n_eff=35.1 (chưa đủ bằng chứng để đảo, |flip_score|<0.9) → size 72%.",False,0,
2026-08-19,2026-08-19 11:57:19,11:57:19,3121882,XTXXXTXTXTXXX,3X,XIU,147042,SNIPER_MID,[BET] p=64.9% ≥ θ=59.7%. Hướng X.,65,3-1-6,10,XIU,WIN,True,144101,9.499063967057456,0.0,0.0,9.499063967057456,XIU,False,True,,153.5112,50.0,50601010.0,601010.0,1.20202,53.672316384180796,95,82,12,0,3.9,5.3,False,False,False,0,15000000.0,4.0,0,65000000,50000000.0,False,False,False,False,False,0.0,0.0,NEUTRAL,XTTXTTTTXTXXXTXTXTXXX,False,601010.0,50601010.0,95,82,53.7,50601010.0,200,,SIDEWAY,,0.4395,False,False,XTXXXTXTXTXXX,XTTXTTTTXTXXXTXTXTXXX,,,,,,,ALTERNATING (NHAY),NORMAL,Bet X dang chay 3 ván liên tiếp,CONFIRMED,BET,XIU,0.6495,,0.9941,4,False,,,,,,,,REDUCE_SIZE,XIU,"[ADAPTIVE-HOLD] p̂=48.4% n_eff=34.5 (chưa đủ bằng chứng để đảo, |flip_score|<0.9) → size 96%.",False,0,
2026-08-19,2026-08-19 11:58:30,11:58:30,3121883,TXXXTXTXTXXXX,4X,TAI,154875,SNIPER_MID,[BẮT RÁC] online fadeWR=0.61 followWR=0.42 nF=122 nFo=0 sc=4 | đu BET. Lật → T,64,6-1-6,13,TAI,WIN,True,151778,1.5401736194923754,0.0,0.0,1.5401736194923754,TAI,False,True,,183.478,50.0,50752787.0,752787.0,1.505574,53.93258426966292,96,82,13,0,3.9,5.3,False,False,False,0,15000000.0,5.0,0,65000000,50000000.0,False,False,False,False,False,0.0,0.0,NEUTRAL,TTXTTTTXTXXXTXTXTXXXX,False,752787.0,50752787.0,96,82,53.9,50752787.0,200,,SIDEWAY,,0.373,False,False,TXXXTXTXTXXXX,TTXTTTTXTXXXTXTXTXXXX,,,,,,,CHOPPY (RAC),NORMAL,Bet X dang chay 4 ván liên tiếp,CONFIRMED,BET,XIU,0.6495,,0.9941,4,False,,,,,,,,FOLLOW,TAI,"[ADAPTIVE-HOLD] p̂=55.7% n_eff=42.0 (chưa đủ bằng chứng để đảo, |flip_score|<0.9) → size 100%.",False,0,
2026-08-19,2026-08-19 11:59:41,11:59:41,3121884,XXXTXTXTXXXXT,1T,TAI,115691,SNIPER_MID,[BẮT RÁC] online fadeWR=0.63 followWR=0.42 nF=123 nFo=0 sc=1 | đu NGHIENG_5. Lật → T,64,3-6-3,12,TAI,WIN,True,113377,19.94082897645815,0.0,0.0,19.94082897645815,TAI,False,True,,92.9692,50.0,50866164.0,866164.0,1.732328,54.18994413407822,97,82,14,0,3.9,5.3,False,False,False,0,15000000.0,5.8,0,65000000,50000000.0,False,False,False,False,False,0.0,0.0,NEUTRAL,TXTTTTXTXXXTXTXTXXXXT,False,866164.0,50866164.0,97,82,54.2,50866164.0,200,,UP (TAI),,0.4477,True,False,XXXTXTXTXXXXT,TXTTTTXTXXXTXTXTXXXXT,,,,,,,CHOPPY (RAC),NORMAL,Nghiêng X 4/5 phiên gần nhất,CONFIRMED,BET,XIU,0.6495,,0.9941,4,False,,,,,,,,REDUCE_SIZE,TAI,"[ADAPTIVE-HOLD] p̂=40.3% n_eff=44.5 (chưa đủ bằng chứng để đảo, |flip_score|<0.9) → size 75%.",False,0,
2026-08-19,2026-08-19 12:00:52,12:00:52,3121885,XXTXTXTXXXXTT,2T,XIU,154875,SNIPER_MID,[BET] p=64.9% ≥ θ=60.9%. Hướng X.,65,5-3-1,9,XIU,WIN,True,151778,60.72424778350107,0.0,0.0,60.72424778350107,TAI,False,True,,74.0774,50.0,51017941.0,1017941.0,2.035882,54.44444444444444,98,82,15,0,3.9,5.3,False,False,False,0,15000000.0,6.8,0,65000000,50000000.0,False,False,False,False,False,0.0,0.0,NEUTRAL,XTTTTXTXXXTXTXTXXXXTT,False,1017941.0,51017941.0,98,82,54.4,51017941.0,200,,SIDEWAY,,0.4541,False,False,XXTXTXTXXXXTT,XTTTTXTXXXTXTXTXXXXTT,,,,,,,CHOPPY (RAC),POOR,Mới 2 ván T liên tiếp — có thể đang hình thành bệt,FORMING,BET,XIU,0.6495,,0.9941,4,False,,,,,,,,FOLLOW,XIU,"[ADAPTIVE-HOLD] p̂=59.0% n_eff=35.2 (chưa đủ bằng chứng để đảo, |flip_score|<0.9) → size 100%.",False,0,
2026-08-19,2026-08-19 12:02:03,12:02:03,3121886,XTXTXTXXXXTTX,1X,TAI,103353,SNIPER_MID,[BẮT RÁC] online fadeWR=0.63 followWR=0.42 nF=124 nFo=0 sc=1 | đu NGHIENG_7. Lật → T,64,3-5-2,10,XIU,LOSS,False,-103353,67.56661105976673,0.0,0.0,67.56661105976673,XIU,False,True,,102.5634,50.0,50914588.0,914588.0,1.8291760000000001,54.14364640883977,98,83,0,1,0.7,5.3,False,False,False,0,15000000.0,6.1,0,65000000,50000000.0,False,False,False,False,False,0.0,0.0,NEUTRAL,TTTTXTXXXTXTXTXXXXTTX,False,914588.0,50914588.0,98,83,54.1,50914588.0,200,,DOWN (XIU),,0.363,False,False,XTXTXTXXXXTTX,TTTTXTXXXTXTXTXXXXTTX,,,,,,,CHOPPY (RAC),POOR,Nghiêng X 5/7 phiên gần nhất,CONFIRMED,BET,XIU,0.6495,,0.9941,4,False,,,,,,,,FOLLOW,TAI,"[ADAPTIVE-FOLLOW] p̂=67.5% n_eff=60.1 flip_score=+1.36 → giữ, size 91%.",False,0,
2026-08-19,2026-08-19 12:03:14,12:03:14,3121887,TXTXTXXXXTTXX,2X,TAI,146025,SNIPER_MID,[BẮT RÁC] online fadeWR=0.62 followWR=0.42 nF=125 nFo=0 sc=2 | đu NGHIENG_7. Lật → T,64,3-4-6,13,TAI,WIN,True,143104,55.994432756323796,0.0,0.0,55.994432756323796,TAI,False,True,,72.4667,50.0,51057692.0,1057692.0,2.115384,54.395604395604394,99,83,1,0,0.7,5.3,False,False,False,0,15000000.0,7.1,0,65000000,50000000.0,False,False,False,False,False,0.0,0.0,NEUTRAL,TTTXTXXXTXTXTXXXXTTXX,False,1057692.0,51057692.0,99,83,54.4,51057692.0,200,,SIDEWAY,,0.4104,True,False,TXTXTXXXXTTXX,TTTXTXXXTXTXTXXXXTTXX,,,,,,,CHOPPY (RAC),POOR,Nghiêng X 5/7 phiên gần nhất,CONFIRMED,BET,XIU,0.6495,,0.9941,4,False,,,,,,,,FOLLOW,TAI,"[ADAPTIVE-HOLD] p̂=54.4% n_eff=45.5 (chưa đủ bằng chứng để đảo, |flip_score|<0.9) → size 100%.",False,0,
2026-08-19,2026-08-19 12:04:25,12:04:25,3121888,XTXTXXXXTTXXT,1T,XIU,113575,SNIPER_MID,[BET] p=64.9% ≥ θ=64.0%. Hướng X.,65,6-2-5,13,TAI,LOSS,False,-113575,94.74861465751746,0.0,0.0,94.74861465751746,TAI,False,True,,163.1569,50.0,50944117.0,944117.0,1.8882340000000002,54.09836065573771,99,84,0,1,0.7,5.3,False,False,False,0,15000000.0,6.3,0,65000000,50000000.0,False,False,False,False,False,0.0,0.0,NEUTRAL,TTXTXXXTXTXTXXXXTTXXT,False,944117.0,50944117.0,99,84,54.1,50944117.0,200,,UP (TAI),,0.5145,False,False,XTXTXXXXTTXXT,TTXTXXXTXTXTXXXXTTXXT,,,,,,,CHOPPY (RAC),POOR,"Motif 'XXXXTTXXT' (chu kỳ 9) đang lặp lại, đã thấy 11 phiên khớp",FORMING,BET,XIU,0.6495,,0.9941,4,False,,,,,,,,FOLLOW,XIU,"[ADAPTIVE-HOLD] p̂=51.4% n_eff=36.9 (chưa đủ bằng chứng để đảo, |flip_score|<0.9) → size 100%.",False,0,
2026-08-19,2026-08-19 12:05:36,12:05:36,3121889,TXTXXXXTTXXTT,2T,—,0,SKIP,[ADAPT-BLOCK] [ADAPT-SIG] BREAK wr=43% wilLow=32% n=21 → BLOCK | [ADAPT-HOUR] h12 wr=50% (base=57%) → size đã điều chỉnh | size×0.80 thresh+0.000,0,2-1-3,6,XIU,SKIP,False,0,20.368621449778164,0.0,0.0,20.368621449778164,XIU,False,True,,2761.5944,50.0,50944117.0,944117.0,1.8882340000000002,54.09836065573771,99,84,0,1,0.7,5.3,False,False,False,0,15000000.0,6.3,0,65000000,50000000.0,False,False,False,False,False,0.0,0.0,NEUTRAL,TXTXXXTXTXTXXXXTTXXTT,False,944117.0,50944117.0,99,84,54.1,50944117.0,200,[ADAPT-BLOCK] [ADAPT-SIG] BREAK wr=43% wilLow=32% n=21 → BLOCK | [ADAPT-HOUR] h12 wr=50% (base=57%) → size đã điều chỉnh | size×0.80 thresh+0.000,SIDEWAY,,0.4163,True,False,TXTXXXXTTXXTT,TXTXXXTXTXTXXXXTTXXTT,,,,,,,CHOPPY (RAC),POOR,"Motif 'XXTT' (chu kỳ 4) đang lặp lại, đã thấy 8 phiên khớp",CONFIRMED,BET,XIU,0.6495,,0.9941,4,False,,,,,,,,,,,False,0,
2026-08-19,2026-08-19 12:06:47,12:06:47,3121890,XTXXXXTTXXTTX,1X,TAI,113889,SNIPER_MID,[BẮT RÁC] online fadeWR=0.64 followWR=0.42 nF=126 nFo=0 sc=1 | đu PERIOD. Lật → T,64,2-1-5,8,XIU,LOSS,False,-113889,85.03427011388392,0.0,0.0,85.03427011388392,XIU,False,True,,332.8423,50.0,50830228.0,830228.0,1.6604560000000002,53.80434782608695,99,85,0,2,0.9,5.3,False,False,False,0,15000000.0,5.5,0,65000000,50000000.0,False,False,False,False,False,0.0,0.0,NEUTRAL,XTXXXTXTXTXXXXTTXXTTX,False,830228.0,50830228.0,99,85,53.8,50830228.0,200,,DOWN (XIU),,0.6389,True,False,XTXXXXTTXXTTX,XTXXXTXTXTXXXXTTXXTTX,,,,,,,CHOPPY (RAC),POOR,"Motif 'XTTX' (chu kỳ 4) đang lặp lại, đã thấy 9 phiên khớp",CONFIRMED,BET,XIU,0.6495,,0.9941,4,False,,,,,,,,FOLLOW,TAI,"[ADAPTIVE-FOLLOW] p̂=64.5% n_eff=62.1 flip_score=+1.14 → giữ, size 87%.",False,0,
2026-08-19,2026-08-19 12:07:58,12:07:58,3121891,TXXXXTTXXTTXX,2X,—,0,SKIP,[ADAPT-BLOCK] [ADAPT-SIG] BREAK wr=43% wilLow=32% n=21 → BLOCK | [ADAPT-HOUR] h12 wr=40% (base=56%) → size đã điều chỉnh | size×0.67 thresh+0.000,0,6-5-2,13,TAI,SKIP,False,0,14.425360407340706,0.0,0.0,14.425360407340706,TAI,False,True,,2872.332,50.0,50830228.0,830228.0,1.6604560000000002,53.80434782608695,99,85,0,2,0.9,5.3,False,False,False,0,15000000.0,5.5,0,65000000,50000000.0,False,False,False,False,False,0.0,0.0,NEUTRAL,TXXXTXTXTXXXXTTXXTTXX,False,830228.0,50830228.0,99,85,53.8,50830228.0,200,[ADAPT-BLOCK] [ADAPT-SIG] BREAK wr=43% wilLow=32% n=21 → BLOCK | [ADAPT-HOUR] h12 wr=40% (base=56%) → size đã điều chỉnh | size×0.67 thresh+0.000,SIDEWAY,,0.606,True,False,TXXXXTTXXTTXX,TXXXTXTXTXXXXTTXXTTXX,,,,,,,CHOPPY (RAC),POOR,"Motif 'TTXX' (chu kỳ 4) đang lặp lại, đã thấy 10 phiên khớp",CONFIRMED,BET,XIU,0.6495,,0.9941,4,False,,,,,,,,,,,False,0,
2026-08-19,2026-08-19 12:09:09,12:09:09,3121892,XXXXTTXXTTXXT,1T,XIU,60498,SNIPER_MID,[BẮT RÁC] online fadeWR=0.61 followWR=0.42 nF=127 nFo=0 sc=1 | đu PERIOD. Lật → X,64,4-6-5,15,TAI,LOSS,False,-60498,79.76589247063106,0.0,0.0,79.76589247063106,TAI,False,True,,299.6129,50.0,50769730.0,769730.0,1.53946,53.51351351351351,99,86,0,3,1.0,5.3,False,False,False,0,15000000.0,5.1,0,65000000,50000000.0,False,False,False,False,False,0.0,0.0,NEUTRAL,XXXTXTXTXXXXTTXXTTXXT,False,769730.0,50769730.0,99,86,53.5,50769730.0,200,,UP (TAI),,0.3797,True,False,XXXXTTXXTTXXT,XXXTXTXTXXXXTTXXTTXXT,,,,,,,CHOPPY (RAC),POOR,"Motif 'TXXT' (chu kỳ 4) đang lặp lại, đã thấy 11 phiên khớp",CONFIRMED,BET,XIU,0.6495,,0.9941,4,False,,,,,,,,FOLLOW,XIU,"[ADAPTIVE-FOLLOW] p̂=61.7% n_eff=63.6 flip_score=+0.93 → giữ, size 84%.",False,0,
2026-08-19,2026-08-19 12:10:20,12:10:20,3121893,XXXTTXXTTXXTT,2T,—,0,SKIP,[ADAPT-BLOCK] [ADAPT-SIG] BREAK wr=43% wilLow=32% n=21 → BLOCK | [ADAPT-HOUR] h12 wr=33% (base=55%) → size đã điều chỉnh | size×0.58 thresh+0.000,0,5-5-1,11,TAI,SKIP,False,0,12.460212605876018,0.0,0.0,12.460212605876018,XIU,False,True,,2689.8718,50.0,50769730.0,769730.0,1.53946,53.51351351351351,99,86,0,3,1.0,5.3,False,False,False,0,15000000.0,5.1,0,65000000,50000000.0,False,False,False,False,False,0.0,0.0,NEUTRAL,XXTXTXTXXXXTTXXTTXXTT,False,769730.0,50769730.0,99,86,53.5,50769730.0,200,[ADAPT-BLOCK] [ADAPT-SIG] BREAK wr=43% wilLow=32% n=21 → BLOCK | [ADAPT-HOUR] h12 wr=33% (base=55%) → size đã điều chỉnh | size×0.58 thresh+0.000,UP (TAI),,0.4606,True,False,XXXTTXXTTXXTT,XXTXTXTXXXXTTXXTTXXTT,,,,,,,CHOPPY (RAC),POOR,"Motif 'XXTT' (chu kỳ 4) đang lặp lại, đã thấy 12 phiên khớp",CONFIRMED,BET,XIU,0.6495,,0.9941,4,False,,,,,,,,,,,False,0,
2026-08-19,2026-08-19 12:11:31,12:11:31,3121894,XXTTXXTTXXTTT,3T,—,0,SKIP,[ADAPT-BLOCK] [ADAPT-HOUR] h12 wr=33% (base=55%) → BLOCK aggressive | [ADAPT-HOUR] h12 wr=33% (base=55%) → size đã điều chỉnh | size×0.75 thresh+0.000,0,4-1-6,11,TAI,SKIP,False,0,0.07911906988246399,0.0,0.0,0.07911906988246399,TAI,False,True,,2517.3071,50.0,50769730.0,769730.0,1.53946,53.51351351351351,99,86,0,3,1.0,5.3,False,False,False,0,15000000.0,5.1,0,65000000,50000000.0,False,False,False,False,False,0.0,0.0,NEUTRAL,XTXTXTXXXXTTXXTTXXTTT,False,769730.0,50769730.0,99,86,53.5,50769730.0,200,"[ADAPT-BLOCK] [ADAPT-SIG] BREAK wr=43% wilLow=32% n=21 → BLOCK | [ADAPT-HOUR] h12 wr=33% (base=55%) → size đã điều chỉnh | size×0.58 thresh+0.000, [ADAPT-BLOCK] [ADAPT-HOUR] h12 wr=33% (base=55%) → BLOCK aggressive | [ADAPT-HOUR] h12 wr=33% (base=55%) → size đã điều chỉnh | size×0.75 thresh+0.000",SIDEWAY,,0.4521,False,False,XXTTXXTTXXTTT,XTXTXTXXXXTTXXTTXXTTT,,,,,,,CHOPPY (RAC),POOR,Bet T dang chay 3 ván liên tiếp,CONFIRMED,BET,XIU,0.6495,,0.9941,4,False,,,,,,,,,,,False,0,
2026-08-19,2026-08-19 12:12:42,12:12:42,3121895,XTTXXTTXXTTTT,4T,XIU,59602,SNIPER_MID,[BET] p=64.9% ≥ θ=57.0%. Hướng X.,65,4-4-3,11,TAI,LOSS,False,-59602,12.840513687933536,0.0,0.0,12.840513687933536,XIU,False,True,,127.8604,50.0,50710128.0,710128.0,1.420256,53.2258064516129,99,87,0,4,1.1,5.3,False,False,False,0,15000000.0,4.7,0,65000000,50000000.0,False,False,False,False,False,0.0,0.0,NEUTRAL,TXTXTXXXXTTXXTTXXTTTT,False,710128.0,50710128.0,99,87,53.2,50710128.0,200,,SIDEWAY,,0.4145,False,False,XTTXXTTXXTTTT,TXTXTXXXXTTXXTTXXTTTT,,,,,,,CLUSTERING (BET),NORMAL,Bet T dang chay 4 ván liên tiếp,CONFIRMED,BET,XIU,0.6495,,0.9941,4,False,,,,,,,,FOLLOW,XIU,"[ADAPTIVE-FOLLOW] p̂=65.2% n_eff=38.7 flip_score=+0.95 → giữ, size 88%.",False,0,
2026-08-19,2026-08-19 12:13:53,12:13:53,3121896,TTXXTTXXTTTTT,5T,XIU,47523,SNIPER_MID,[BET] p=64.9% ≥ θ=59.0%. Hướng X.,65,6-1-1,8,XIU,WIN,True,46573,16.27441370190014,0.0,0.0,16.27441370190014,TAI,False,True,,85.1852,50.0,50756700.0,756700.0,1.5134,53.475935828877006,100,87,1,0,1.1,5.3,False,False,False,0,15000000.0,5.0,0,65000000,50000000.0,False,False,False,False,False,0.0,0.0,NEUTRAL,XTXTXXXXTTXXTTXXTTTTT,False,756700.0,50756700.0,100,87,53.5,50756700.0,200,,SIDEWAY,,0.4774,True,False,TTXXTTXXTTTTT,XTXTXXXXTTXXTTXXTTTTT,,,,,,,CLUSTERING (BET),NORMAL,Bet T dang chay 5 ván liên tiếp,CONFIRMED,BET,XIU,0.6495,,0.9941,4,False,,,,,,,,FOLLOW,XIU,"[ADAPTIVE-HOLD] p̂=57.1% n_eff=38.2 (chưa đủ bằng chứng để đảo, |flip_score|<0.9) → size 100%.",False,0,
2026-08-19,2026-08-19 12:15:04,12:15:04,3121897,TXXTTXXTTTTTX,1X,XIU,109725,SNIPER_MID,[BET] p=64.9% ≥ θ=61.9%. Hướng X.,65,6-4-6,16,TAI,LOSS,False,-109725,73.8681811758948,0.0,0.0,73.8681811758948,XIU,False,True,,89.0638,50.0,50646975.0,646975.0,1.29395,53.191489361702125,100,88,0,1,1.3,5.3,False,False,False,0,15000000.0,4.3,0,65000000,50000000.0,False,False,False,False,False,0.0,0.0,NEUTRAL,TXTXXXXTTXXTTXXTTTTTX,False,646975.0,50646975.0,100,88,53.2,50646975.0,200,,DOWN (XIU),,0.5133,True,False,TXXTTXXTTTTTX,TXTXXXXTTXXTTXXTTTTTX,,,,,,,CLUSTERING (BET),POOR,Nghiêng T 4/5 phiên gần nhất,CONFIRMED,BET,XIU,0.6495,,0.9941,4,False,,,,,,,,FOLLOW,XIU,"[ADAPTIVE-HOLD] p̂=55.7% n_eff=40.7 (chưa đủ bằng chứng để đảo, |flip_score|<0.9) → size 100%.",False,0,
2026-08-19,2026-08-19 12:16:15,12:16:15,3121898,XXTTXXTTTTTXT,1T,—,0,SKIP,[ADAPT-BLOCK] [ADAPT-HOUR] h12 wr=33% (base=54%) → BLOCK aggressive | [ADAPT-HOUR] h12 wr=33% (base=54%) → size đã điều chỉnh | size×0.76 thresh+0.000,0,1-5-1,7,XIU,SKIP,False,0,3.34318619318298,0.0,0.0,3.34318619318298,TAI,False,True,,2516.9921,50.0,50646975.0,646975.0,1.29395,53.191489361702125,100,88,0,1,1.3,5.3,False,False,False,0,15000000.0,4.3,0,65000000,50000000.0,False,False,False,False,False,0.0,0.0,NEUTRAL,XTXXXXTTXXTTXXTTTTTXT,False,646975.0,50646975.0,100,88,53.2,50646975.0,200,[ADAPT-BLOCK] [ADAPT-HOUR] h12 wr=33% (base=54%) → BLOCK aggressive | [ADAPT-HOUR] h12 wr=33% (base=54%) → size đã điều chỉnh | size×0.76 thresh+0.000,SIDEWAY,,0.5386,False,False,XXTTXXTTTTTXT,XTXXXXTTXXTTXXTTTTTXT,,,,,,,CHOPPY (RAC),POOR,Nghiêng T 4/5 phiên gần nhất,CONFIRMED,BET,XIU,0.6495,,0.9941,4,False,,,,,,,,,,,False,0,
2026-08-19,2026-08-19 12:17:26,12:17:26,3121899,XTTXXTTTTTXTX,1X,—,0,SKIP,[ADAPT-BLOCK] [ADAPT-HOUR] h12 wr=33% (base=54%) → BLOCK aggressive | [ADAPT-HOUR] h12 wr=33% (base=54%) → size đã điều chỉnh | size×0.76 thresh+0.000,0,3-5-6,14,TAI,SKIP,False,0,8.67058141626147,0.0,0.0,8.67058141626147,TAI,False,True,,2822.1788,50.0,50646975.0,646975.0,1.29395,53.191489361702125,100,88,0,1,1.3,5.3,False,False,False,0,15000000.0,4.3,0,65000000,50000000.0,False,False,False,False,False,0.0,0.0,NEUTRAL,TXXXXTTXXTTXXTTTTTXTX,False,646975.0,50646975.0,100,88,53.2,50646975.0,200,"[ADAPT-BLOCK] [ADAPT-HOUR] h12 wr=33% (base=54%) → BLOCK aggressive | [ADAPT-HOUR] h12 wr=33% (base=54%) → size đã điều chỉnh | size×0.76 thresh+0.000, [ADAPT-BLOCK] [ADAPT-HOUR] h12 wr=33% (base=54%) → BLOCK aggressive | [ADAPT-HOUR] h12 wr=33% (base=54%) → size đã điều chỉnh | size×0.76 thresh+0.000",SIDEWAY,,0.5593,False,False,XTTXXTTTTTXTX,TXXXXTTXXTTXXTTTTTXTX,,,,,,,CHOPPY (RAC),POOR,Nghiêng T 5/7 phiên gần nhất,CONFIRMED,BET,XIU,0.6495,,0.9941,4,False,,,,,,,,,,,False,0,
2026-08-19,2026-08-19 12:18:37,12:18:37,3121900,TTXXTTTTTXTXT,1T,XIU,93797,SNIPER_MID,[BET] p=64.9% ≥ θ=61.0%. Hướng X.,65,4-5-6,15,TAI,LOSS,False,-93797,93.73061291842583,0.0,0.0,93.73061291842583,XIU,False,True,,363.8957,50.0,50553178.0,553178.0,1.106356,52.910052910052904,100,89,0,2,1.4,5.3,False,False,False,0,15000000.0,3.7,0,65000000,50000000.0,False,False,False,False,False,0.0,0.0,NEUTRAL,XXXXTTXXTTXXTTTTTXTXT,False,553178.0,50553178.0,100,89,52.9,50553178.0,200,,SIDEWAY,,0.5321,True,False,TTXXTTTTTXTXT,XXXXTTXXTTXXTTTTTXTXT,,,,,,,ALTERNATING (NHAY),NORMAL,Nghiêng T 5/7 phiên gần nhất,CONFIRMED,BET,XIU,0.6495,,0.9941,4,False,,,,,,,,FOLLOW,XIU,"[ADAPTIVE-HOLD] p̂=49.8% n_eff=46.3 (chưa đủ bằng chứng để đảo, |flip_score|<0.9) → size 100%.",False,0,
2026-08-19,2026-08-19 12:19:48,12:19:48,3121901,TXXTTTTTXTXTT,2T,—,0,SKIP,[ADAPT-BLOCK] [ADAPT-HOUR] h12 wr=30% (base=53%) → BLOCK aggressive | [ADAPT-HOUR] h12 wr=30% (base=53%) → size đã điều chỉnh | size×0.71 thresh+0.000,0,6-4-2,12,TAI,SKIP,False,0,4.818981508921027,0.0,0.0,4.818981508921027,TAI,False,True,,2734.8505,50.0,50553178.0,553178.0,1.106356,52.910052910052904,100,89,0,2,1.4,5.3,False,False,False,0,15000000.0,3.7,0,65000000,50000000.0,False,False,False,False,False,0.0,0.0,NEUTRAL,XXXTTXXTTXXTTTTTXTXTT,False,553178.0,50553178.0,100,89,52.9,50553178.0,200,[ADAPT-BLOCK] [ADAPT-HOUR] h12 wr=30% (base=53%) → BLOCK aggressive | [ADAPT-HOUR] h12 wr=30% (base=53%) → size đã điều chỉnh | size×0.71 thresh+0.000,UP (TAI),,0.667,True,False,TXXTTTTTXTXTT,XXXTTXXTTXXTTTTTXTXTT,,,,,,,CHOPPY (RAC),NORMAL,Nghiêng T 5/7 phiên gần nhất,CONFIRMED,BET,XIU,0.6495,,0.9941,4,False,,,,,,,,,,,False,0,
2026-08-19,2026-08-19 12:20:59,12:20:59,3121902,XXTTTTTXTXTTT,3T,—,0,SKIP,[ADAPT-BLOCK] [ADAPT-HOUR] h12 wr=30% (base=53%) → BLOCK aggressive | [ADAPT-HOUR] h12 wr=30% (base=53%) → size đã điều chỉnh | size×0.71 thresh+0.000,0,4-5-3,12,TAI,SKIP,False,0,4.284281224222121,0.0,0.0,4.284281224222121,TAI,False,True,,2966.874,50.0,50553178.0,553178.0,1.106356,52.910052910052904,100,89,0,2,1.4,5.3,False,False,False,0,15000000.0,3.7,0,65000000,50000000.0,False,False,False,False,False,0.0,0.0,NEUTRAL,XXTTXXTTXXTTTTTXTXTTT,False,553178.0,50553178.0,100,89,52.9,50553178.0,200,"[ADAPT-BLOCK] [ADAPT-HOUR] h12 wr=30% (base=53%) → BLOCK aggressive | [ADAPT-HOUR] h12 wr=30% (base=53%) → size đã điều chỉnh | size×0.71 thresh+0.000, [ADAPT-BLOCK] [ADAPT-HOUR] h12 wr=30% (base=53%) → BLOCK aggressive | [ADAPT-HOUR] h12 wr=30% (base=53%) → size đã điều chỉnh | size×0.71 thresh+0.000",SIDEWAY,,0.3368,True,False,XXTTTTTXTXTTT,XXTTXXTTXXTTTTTXTXTTT,,,,,,,CHOPPY (RAC),NORMAL,Bet T dang chay 3 ván liên tiếp,CONFIRMED,BET,XIU,0.6495,,0.9941,4,False,,,,,,,,,,,False,0,
2026-08-19,2026-08-19 12:22:10,12:22:10,3121903,XTTTTTXTXTTTT,4T,—,0,SKIP,[ADAPT-BLOCK] [ADAPT-HOUR] h12 wr=30% (base=53%) → BLOCK aggressive | [ADAPT-HOUR] h12 wr=30% (base=53%) → size đã điều chỉnh | size×0.71 thresh+0.000,0,2-4-1,7,XIU,SKIP,False,0,6.719424847784501,0.0,0.0,6.719424847784501,TAI,False,True,,3107.5714,50.0,50553178.0,553178.0,1.106356,52.910052910052904,100,89,0,2,1.4,5.3,False,False,False,0,15000000.0,3.7,0,65000000,50000000.0,False,False,False,False,False,0.0,0.0,NEUTRAL,XTTXXTTXXTTTTTXTXTTTT,False,553178.0,50553178.0,100,89,52.9,50553178.0,200,"[ADAPT-BLOCK] [ADAPT-HOUR] h12 wr=30% (base=53%) → BLOCK aggressive | [ADAPT-HOUR] h12 wr=30% (base=53%) → size đã điều chỉnh | size×0.71 thresh+0.000, [ADAPT-BLOCK] [ADAPT-HOUR] h12 wr=30% (base=53%) → BLOCK aggressive | [ADAPT-HOUR] h12 wr=30% (base=53%) → size đã điều chỉnh | size×0.71 thresh+0.000, [ADAPT-BLOCK] [ADAPT-HOUR] h12 wr=30% (base=53%) → BLOCK aggressive | [ADAPT-HOUR] h12 wr=30% (base=53%) → size đã điều chỉnh | size×0.71 thresh+0.000",SIDEWAY,,0.3856,False,False,XTTTTTXTXTTTT,XTTXXTTXXTTTTTXTXTTTT,,,,,,,CHOPPY (RAC),NORMAL,Bet T dang chay 4 ván liên tiếp,CONFIRMED,BET,XIU,0.6495,,0.9941,4,False,,,,,,,,,,,False,0,
2026-08-19,2026-08-19 12:23:21,12:23:21,3121904,TTTTTXTXTTTTX,1X,—,0,SKIP,[ADAPT-BLOCK] [ADAPT-HOUR] h12 wr=30% (base=53%) → BLOCK aggressive | [ADAPT-HOUR] h12 wr=30% (base=53%) → size đã điều chỉnh | size×0.71 thresh+0.000,0,4-5-5,14,TAI,SKIP,False,0,12.991094848537852,0.0,0.0,12.991094848537852,XIU,False,True,,3114.2402,50.0,50553178.0,553178.0,1.106356,52.910052910052904,100,89,0,2,1.4,5.3,False,False,False,0,15000000.0,3.7,0,65000000,50000000.0,False,False,False,False,False,0.0,0.0,NEUTRAL,TTXXTTXXTTTTTXTXTTTTX,False,553178.0,50553178.0,100,89,52.9,50553178.0,200,"[ADAPT-BLOCK] [ADAPT-HOUR] h12 wr=30% (base=53%) → BLOCK aggressive | [ADAPT-HOUR] h12 wr=30% (base=53%) → size đã điều chỉnh | size×0.71 thresh+0.000, [ADAPT-BLOCK] [ADAPT-HOUR] h12 wr=30% (base=53%) → BLOCK aggressive | [ADAPT-HOUR] h12 wr=30% (base=53%) → size đã điều chỉnh | size×0.71 thresh+0.000, [ADAPT-BLOCK] [ADAPT-HOUR] h12 wr=30% (base=53%) → BLOCK aggressive | [ADAPT-HOUR] h12 wr=30% (base=53%) → size đã điều chỉnh | size×0.71 thresh+0.000",DOWN (XIU),,0.4989,True,False,TTTTTXTXTTTTX,TTXXTTXXTTTTTXTXTTTTX,,,,,,,CHOPPY (RAC),NORMAL,Nghiêng T 4/5 phiên gần nhất,CONFIRMED,BET,XIU,0.6495,,0.9941,4,False,,,,,,,,,,,False,0,
2026-08-19,2026-08-19 12:24:32,12:24:32,3121905,TTTTXTXTTTTXT,1T,—,0,SKIP,[ADAPT-BLOCK] [ADAPT-HOUR] h12 wr=30% (base=53%) → BLOCK aggressive | [ADAPT-HOUR] h12 wr=30% (base=53%) → size đã điều chỉnh | size×0.71 thresh+0.000,0,2-3-1,6,XIU,SKIP,False,0,7.152998155880108,0.0,0.0,7.152998155880108,TAI,False,True,,2926.6828,50.0,50553178.0,553178.0,1.106356,52.910052910052904,100,89,0,2,1.4,5.3,False,False,False,0,15000000.0,3.7,0,65000000,50000000.0,False,False,False,False,False,0.0,0.0,NEUTRAL,TXXTTXXTTTTTXTXTTTTXT,False,553178.0,50553178.0,100,89,52.9,50553178.0,200,"[ADAPT-BLOCK] [ADAPT-HOUR] h12 wr=30% (base=53%) → BLOCK aggressive | [ADAPT-HOUR] h12 wr=30% (base=53%) → size đã điều chỉnh | size×0.71 thresh+0.000, [ADAPT-BLOCK] [ADAPT-HOUR] h12 wr=30% (base=53%) → BLOCK aggressive | [ADAPT-HOUR] h12 wr=30% (base=53%) → size đã điều chỉnh | size×0.71 thresh+0.000, [ADAPT-BLOCK] [ADAPT-HOUR] h12 wr=30% (base=53%) → BLOCK aggressive | [ADAPT-HOUR] h12 wr=30% (base=53%) → size đã điều chỉnh | size×0.71 thresh+0.000",SIDEWAY,,0.561,True,False,TTTTXTXTTTTXT,TXXTTXXTTTTTXTXTTTTXT,,,,,,,CHOPPY (RAC),NORMAL,Nghiêng T 4/5 phiên gần nhất,CONFIRMED,BET,XIU,0.6495,,0.9941,4,False,,,,,,,,,,,False,0,
2026-08-19,2026-08-19 12:25:43,12:25:43,3121906,TTTXTXTTTTXTX,1X,—,0,SKIP,[ADAPT-BLOCK] [ADAPT-HOUR] h12 wr=30% (base=53%) → BLOCK aggressive | [ADAPT-HOUR] h12 wr=30% (base=53%) → size đã điều chỉnh | size×0.71 thresh+0.000,0,4-6-1,11,TAI,SKIP,False,0,3.6473310133448185,0.0,0.0,3.6473310133448185,TAI,False,True,,3232.3758,50.0,50553178.0,553178.0,1.106356,52.910052910052904,100,89,0,2,1.4,5.3,False,False,False,0,15000000.0,3.7,0,65000000,50000000.0,False,False,False,False,False,0.0,0.0,NEUTRAL,XXTTXXTTTTTXTXTTTTXTX,False,553178.0,50553178.0,100,89,52.9,50553178.0,200,"[ADAPT-BLOCK] [ADAPT-HOUR] h12 wr=30% (base=53%) → BLOCK aggressive | [ADAPT-HOUR] h12 wr=30% (base=53%) → size đã điều chỉnh | size×0.71 thresh+0.000, [ADAPT-BLOCK] [ADAPT-HOUR] h12 wr=30% (base=53%) → BLOCK aggressive | [ADAPT-HOUR] h12 wr=30% (base=53%) → size đã điều chỉnh | size×0.71 thresh+0.000, [ADAPT-BLOCK] [ADAPT-HOUR] h12 wr=30% (base=53%) → BLOCK aggressive | [ADAPT-HOUR] h12 wr=30% (base=53%) → size đã điều chỉnh | size×0.71 thresh+0.000",SIDEWAY,,0.6504,True,False,TTTXTXTTTTXTX,XXTTXXTTTTTXTXTTTTXTX,,,,,,,CHOPPY (RAC),NORMAL,"Motif 'TTTTXTX' (chu kỳ 7) đang lặp lại, đã thấy 14 phiên khớp",CONFIRMED,BET,XIU,0.6495,,0.9941,4,False,,,,,,,,,,,False,0,
2026-08-19,2026-08-19 12:26:54,12:26:54,3121907,TTXTXTTTTXTXT,1T,XIU,65015,SNIPER_MID,[BET] p=64.9% ≥ θ=62.0%. Hướng X.,65,4-3-2,9,XIU,WIN,True,63715,91.60552829864503,0.0,0.0,91.60552829864503,XIU,False,True,,310.5219,50.0,50616892.0,616892.0,1.233784,53.1578947368421,101,89,1,0,1.4,5.3,False,False,False,0,15000000.0,4.1,0,65000000,50000000.0,False,False,False,False,False,0.0,0.0,NEUTRAL,XTTXXTTTTTXTXTTTTXTXT,False,616892.0,50616892.0,101,89,53.2,50616892.0,200,,SIDEWAY,,0.3899,True,False,TTXTXTTTTXTXT,XTTXXTTTTTXTXTTTTXTXT,,,,,,,ALTERNATING (NHAY),NORMAL,"Motif 'TTTXTXT' (chu kỳ 7) đang lặp lại, đã thấy 15 phiên khớp",CONFIRMED,BET,XIU,0.6495,,0.9941,4,False,,,,,,,,REDUCE_SIZE,XIU,"[ADAPTIVE-HOLD] p̂=46.4% n_eff=47.8 (chưa đủ bằng chứng để đảo, |flip_score|<0.9) → size 91%.",False,0,
2026-08-19,2026-08-19 12:28:05,12:28:05,3121908,TXTXTTTTXTXTX,1X,XIU,99947,SNIPER_MID,[BET] p=64.9% ≥ θ=62.0%. Hướng X.,65,2-1-6,9,XIU,WIN,True,97948,92.68684033977169,0.0,0.0,92.68684033977169,TAI,False,True,,421.8357,50.0,50714840.0,714840.0,1.42968,53.403141361256544,102,89,2,0,1.4,5.3,False,False,False,0,15000000.0,4.8,0,65000000,50000000.0,False,False,False,False,False,0.0,0.0,NEUTRAL,TTXXTTTTTXTXTTTTXTXTX,False,714840.0,50714840.0,102,89,53.4,50714840.0,200,,SIDEWAY,,0.3995,True,False,TXTXTTTTXTXTX,TTXXTTTTTXTXTTTTXTXTX,,,,,,,ALTERNATING (NHAY),NORMAL,"Motif 'TX' (chu kỳ 2) đang lặp lại, đã thấy 6 phiên khớp",CONFIRMED,BET,XIU,0.6495,,0.9941,4,False,,,,,,,,FOLLOW,XIU,"[ADAPTIVE-HOLD] p̂=49.8% n_eff=45.3 (chưa đủ bằng chứng để đảo, |flip_score|<0.9) → size 100%.",False,0,
2026-08-19,2026-08-19 12:29:16,12:29:16,3121909,XTXTTTTXTXTXX,2X,XIU,108290,SNIPER_MID,[BET] p=64.9% ≥ θ=61.0%. Hướng X.,65,3-5-1,9,XIU,WIN,True,106124,77.9876305271826,0.0,0.0,77.9876305271826,TAI,False,True,,252.9033,50.0,50820964.0,820964.0,1.641928,53.645833333333336,103,89,3,0,1.4,5.3,False,False,False,0,15000000.0,5.5,0,65000000,50000000.0,False,False,False,False,False,0.0,0.0,NEUTRAL,TXXTTTTTXTXTTTTXTXTXX,False,820964.0,50820964.0,103,89,53.6,50820964.0,200,,SIDEWAY,,0.6898,False,False,XTXTTTTXTXTXX,TXXTTTTTXTXTTTTXTXTXX,,,,,,,ALTERNATING (NHAY),POOR,Mới 2 ván X liên tiếp — có thể đang hình thành bệt,FORMING,BET,XIU,0.6495,,0.9941,4,False,,,,,,,,FOLLOW,XIU,"[ADAPTIVE-HOLD] p̂=50.4% n_eff=39.7 (chưa đủ bằng chứng để đảo, |flip_score|<0.9) → size 100%.",False,0,
2026-08-19,2026-08-19 12:30:27,12:30:27,3121910,TXTTTTXTXTXXX,3X,TAI,124031,SNIPER_MID,[BẮT RÁC] online fadeWR=0.52 followWR=0.42 nF=137 nFo=0 sc=3 | đu BET. Lật → T,64,1-2-4,7,XIU,LOSS,False,-124031,40.40805639466124,0.0,0.0,40.40805639466124,XIU,False,True,,102.5768,50.0,50696933.0,696933.0,1.393866,53.36787564766839,103,90,0,1,1.2,5.3,False,False,False,0,15000000.0,4.6,0,65000000,50000000.0,False,False,False,False,False,0.0,0.0,NEUTRAL,XXTTTTTXTXTTTTXTXTXXX,False,696933.0,50696933.0,103,90,53.4,50696933.0,200,,SIDEWAY,,0.2879,False,False,TXTTTTXTXTXXX,XXTTTTTXTXTTTTXTXTXXX,,,,,,,CHOPPY (RAC),POOR,Bet X dang chay 3 ván liên tiếp,CONFIRMED,BET,XIU,0.6495,,0.9941,4,False,,,,,,,,FOLLOW,TAI,"[ADAPTIVE-HOLD] p̂=53.7% n_eff=47.9 (chưa đủ bằng chứng để đảo, |flip_score|<0.9) → size 100%.",False,0,
2026-08-19,2026-08-19 12:31:38,12:31:38,3121911,XTTTTXTXTXXXX,4X,TAI,112983,SNIPER_MID,[BẮT RÁC] online fadeWR=0.51 followWR=0.42 nF=138 nFo=0 sc=4 | đu BET. Lật → T,64,2-4-1,7,XIU,LOSS,False,-112983,19.994645101146386,0.0,0.0,19.994645101146386,XIU,False,True,,126.5309,50.0,50583950.0,583950.0,1.1679,53.09278350515464,103,91,0,2,1.4,5.3,False,False,False,0,15000000.0,3.9,0,65000000,50000000.0,False,False,False,False,False,0.0,0.0,NEUTRAL,XTTTTTXTXTTTTXTXTXXXX,False,583950.0,50583950.0,103,91,53.1,50583950.0,200,,DOWN (XIU),,0.566,False,False,XTTTTXTXTXXXX,XTTTTTXTXTTTTXTXTXXXX,,,,,,,CHOPPY (RAC),POOR,Bet X dang chay 4 ván liên tiếp,CONFIRMED,BET,XIU,0.6495,,0.9941,4,False,,,,,,,,FOLLOW,TAI,"[ADAPTIVE-HOLD] p̂=54.4% n_eff=46.4 (chưa đủ bằng chứng để đảo, |flip_score|<0.9) → size 100%.",False,0,
